2025-11-19 15:59:33,631 - INFO - ======================================================================
2025-11-19 15:59:33,632 - INFO - PLAYWRIGHT AUTOMATION RUNNER
2025-11-19 15:59:33,632 - INFO - ======================================================================
2025-11-19 15:59:33,632 - INFO - Account: CIM02
2025-11-19 15:59:33,633 - INFO - Date: 19/10/2025
2025-11-19 15:59:33,633 - INFO - Amount: 100.0
2025-11-19 15:59:33,633 - INFO - Headless Mode: False
2025-11-19 15:59:33,634 - INFO - ======================================================================
2025-11-19 15:59:33,696 - INFO - 
======================================================================
2025-11-19 15:59:33,697 - INFO - STEP 1: CA MATCH PROCESS
2025-11-19 15:59:33,697 - INFO - ======================================================================
2025-11-19 15:59:34,596 - INFO - Starting CA Match process...
2025-11-19 16:10:59,718 - ERROR - 
======================================================================
2025-11-19 16:10:59,727 - ERROR - ======================================================================
2025-11-19 16:10:59,736 - ERROR - ======================================================================
2025-11-19 16:35:33,186 - INFO - ======================================================================
2025-11-19 16:35:33,186 - INFO - PLAYWRIGHT AUTOMATION RUNNER
2025-11-19 16:35:33,186 - INFO - ======================================================================
2025-11-19 16:35:33,186 - INFO - Account: CIM02
2025-11-19 16:35:33,187 - INFO - Date: 19/10/2025
2025-11-19 16:35:33,187 - INFO - Amount: 100.0
2025-11-19 16:35:33,187 - INFO - Headless Mode: False
2025-11-19 16:35:33,188 - INFO - ======================================================================
2025-11-19 16:35:33,188 - INFO - 
🚀 Starting complete automation workflow...

2025-11-19 16:35:33,188 - INFO - 
======================================================================
2025-11-19 16:35:33,188 - INFO - STEP 1: CA MATCH PROCESS
2025-11-19 16:35:33,188 - INFO - ======================================================================
2025-11-19 16:35:33,971 - INFO - Starting CA Match process...
2025-11-19 16:47:01,407 - WARNING - Could not determine dtype for column 1, falling back to string
2025-11-19 16:47:01,407 - WARNING - Could not determine dtype for column 6, falling back to string
2025-11-19 16:47:01,408 - WARNING - Could not determine dtype for column 8, falling back to string
2025-11-19 16:47:01,408 - WARNING - Could not determine dtype for column 9, falling back to string
2025-11-19 16:47:01,408 - WARNING - Could not determine dtype for column 11, falling back to string
2025-11-19 16:47:01,409 - WARNING - Could not determine dtype for column 13, falling back to string
2025-11-19 16:47:01,409 - WARNING - Could not determine dtype for column 14, falling back to string
2025-11-19 16:47:01,409 - WARNING - Could not determine dtype for column 17, falling back to string
2025-11-19 16:47:01,410 - WARNING - Could not determine dtype for column 18, falling back to string
2025-11-19 16:47:01,410 - WARNING - Could not determine dtype for column 20, falling back to string
2025-11-19 16:49:11,267 - ERROR - ❌ CA Match failed: Timeout 30000ms exceeded while waiting for event "download"
=========================== logs ===========================
waiting for event "download"
============================================================
Traceback (most recent call last):
  File "c:\Users\Lenovo\OneDrive - Cognitive Consulting Sdn Bhd (1)\Desktop\SegmentationCompressionWork\PlayWright-Extractor\run_playwright.py", line 133, in run_ca_match
    records = process_bank_transactions(
              ^^^^^^^^^^^^^^^^^^^^^^^^^^
  File "c:\Users\Lenovo\OneDrive - Cognitive Consulting Sdn Bhd (1)\Desktop\SegmentationCompressionWork\PlayWright-Extractor\CA_Match_Process_Optimized.py", line 643, in process_bank_transactions
    return processor.run()
           ^^^^^^^^^^^^^^^
  File "c:\Users\Lenovo\OneDrive - Cognitive Consulting Sdn Bhd (1)\Desktop\SegmentationCompressionWork\PlayWright-Extractor\CA_Match_Process_Optimized.py", line 560, in run
    ExtractReconcileStatement.extract_reconciliation_statements(
  File "c:\Users\Lenovo\OneDrive - Cognitive Consulting Sdn Bhd (1)\Desktop\SegmentationCompressionWork\PlayWright-Extractor\ExtractReconcileStatement.py", line 215, in extract_reconciliation_statements
    with page.expect_download() as download_info:
  File "C:\Users\Lenovo\OneDrive - Cognitive Consulting Sdn Bhd (1)\Desktop\SegmentationCompressionWork\PlayWright-Extractor\.venv_clean\Lib\site-packages\playwright\_impl\_sync_base.py", line 85, in __exit__
    self._event.value
  File "C:\Users\Lenovo\OneDrive - Cognitive Consulting Sdn Bhd (1)\Desktop\SegmentationCompressionWork\PlayWright-Extractor\.venv_clean\Lib\site-packages\playwright\_impl\_sync_base.py", line 59, in value
    raise exception
playwright._impl._errors.TimeoutError: Timeout 30000ms exceeded while waiting for event "download"
=========================== logs ===========================
waiting for event "download"
============================================================
2025-11-19 16:49:11,271 - ERROR - 
======================================================================
2025-11-19 16:49:11,271 - ERROR - ❌ AUTOMATION WORKFLOW FAILED
2025-11-19 16:49:11,271 - ERROR - ======================================================================
2025-11-19 16:49:11,271 - ERROR - Error: Timeout 30000ms exceeded while waiting for event "download"
=========================== logs ===========================
waiting for event "download"
============================================================
2025-11-19 16:49:11,272 - ERROR - ======================================================================
2025-11-19 18:22:39,759 - INFO - ======================================================================
2025-11-19 18:22:39,759 - INFO - PLAYWRIGHT AUTOMATION RUNNER
2025-11-19 18:22:39,760 - INFO - ======================================================================
2025-11-19 18:22:39,760 - INFO - Account: CIM02
2025-11-19 18:22:39,760 - INFO - Date: 19/10/2025
2025-11-19 18:22:39,761 - INFO - Amount: 100.0
2025-11-19 18:22:39,761 - INFO - Headless Mode: False
2025-11-19 18:22:39,761 - INFO - ======================================================================
2025-11-19 18:22:39,761 - INFO - 
🚀 Starting complete automation workflow...

2025-11-19 18:22:39,762 - INFO - 
======================================================================
2025-11-19 18:22:39,762 - INFO - STEP 1: CA MATCH PROCESS
2025-11-19 18:22:39,762 - INFO - ======================================================================
2025-11-19 18:22:40,559 - INFO - Starting CA Match process...
2025-11-19 18:33:40,541 - WARNING - Could not determine dtype for column 1, falling back to string
2025-11-19 18:33:40,542 - WARNING - Could not determine dtype for column 6, falling back to string
2025-11-19 18:33:40,542 - WARNING - Could not determine dtype for column 8, falling back to string
2025-11-19 18:33:40,543 - WARNING - Could not determine dtype for column 9, falling back to string
2025-11-19 18:33:40,543 - WARNING - Could not determine dtype for column 11, falling back to string
2025-11-19 18:33:40,543 - WARNING - Could not determine dtype for column 13, falling back to string
2025-11-19 18:33:40,544 - WARNING - Could not determine dtype for column 14, falling back to string
2025-11-19 18:33:40,544 - WARNING - Could not determine dtype for column 17, falling back to string
2025-11-19 18:33:40,544 - WARNING - Could not determine dtype for column 18, falling back to string
2025-11-19 18:33:40,545 - WARNING - Could not determine dtype for column 20, falling back to string
2025-11-19 18:34:57,164 - ERROR - ❌ CA Match failed: Failed to download Excel file after all attempts
Traceback (most recent call last):
  File "c:\Users\Lenovo\OneDrive - Cognitive Consulting Sdn Bhd (1)\Desktop\SegmentationCompressionWork\PlayWright-Extractor\ExtractReconcileStatement_Optimized.py", line 428, in export_to_excel
    raise Exception("Could not find Export to Excel button after trying all selectors")
Exception: Could not find Export to Excel button after trying all selectors

During handling of the above exception, another exception occurred:

Traceback (most recent call last):
  File "c:\Users\Lenovo\OneDrive - Cognitive Consulting Sdn Bhd (1)\Desktop\SegmentationCompressionWork\PlayWright-Extractor\run_playwright.py", line 133, in run_ca_match
    records = process_bank_transactions(
              ^^^^^^^^^^^^^^^^^^^^^^^^^^
  File "c:\Users\Lenovo\OneDrive - Cognitive Consulting Sdn Bhd (1)\Desktop\SegmentationCompressionWork\PlayWright-Extractor\CA_Match_Process_Optimized.py", line 643, in process_bank_transactions
    return processor.run()
           ^^^^^^^^^^^^^^^
  File "c:\Users\Lenovo\OneDrive - Cognitive Consulting Sdn Bhd (1)\Desktop\SegmentationCompressionWork\PlayWright-Extractor\CA_Match_Process_Optimized.py", line 560, in run
    ExtractReconcileStatement.extract_reconciliation_statements(
  File "c:\Users\Lenovo\OneDrive - Cognitive Consulting Sdn Bhd (1)\Desktop\SegmentationCompressionWork\PlayWright-Extractor\ExtractReconcileStatement_Optimized.py", line 683, in extract_reconciliation_statements
    return extractor.run()
           ^^^^^^^^^^^^^^^
  File "c:\Users\Lenovo\OneDrive - Cognitive Consulting Sdn Bhd (1)\Desktop\SegmentationCompressionWork\PlayWright-Extractor\ExtractReconcileStatement_Optimized.py", line 569, in run
    reconciliation_save_path = self.export_to_excel()
                               ^^^^^^^^^^^^^^^^^^^^^^
  File "c:\Users\Lenovo\OneDrive - Cognitive Consulting Sdn Bhd (1)\Desktop\SegmentationCompressionWork\PlayWright-Extractor\ExtractReconcileStatement_Optimized.py", line 476, in export_to_excel
    raise Exception("Failed to download Excel file after all attempts")
Exception: Failed to download Excel file after all attempts
2025-11-19 18:34:57,168 - ERROR - 
======================================================================
2025-11-19 18:34:57,168 - ERROR - ❌ AUTOMATION WORKFLOW FAILED
2025-11-19 18:34:57,168 - ERROR - ======================================================================
2025-11-19 18:34:57,169 - ERROR - Error: Failed to download Excel file after all attempts
2025-11-19 18:34:57,169 - ERROR - ======================================================================
2025-11-20 09:37:51,617 - INFO - ======================================================================
2025-11-20 09:37:51,618 - INFO - PLAYWRIGHT AUTOMATION RUNNER
2025-11-20 09:37:51,618 - INFO - ======================================================================
2025-11-20 09:37:51,618 - INFO - Account: CIM02
2025-11-20 09:37:51,619 - INFO - Date: 20/10/2025
2025-11-20 09:37:51,619 - INFO - Amount: 100.0
2025-11-20 09:37:51,619 - INFO - Headless Mode: False
2025-11-20 09:37:51,619 - INFO - ======================================================================
2025-11-20 09:37:51,619 - INFO - 
🚀 Starting complete automation workflow...

2025-11-20 09:37:51,619 - INFO - 
======================================================================
2025-11-20 09:37:51,620 - INFO - STEP 1: CA MATCH PROCESS
2025-11-20 09:37:51,620 - INFO - ======================================================================
2025-11-20 09:38:02,754 - INFO - Starting CA Match process...
2025-11-20 09:49:16,620 - WARNING - Could not determine dtype for column 1, falling back to string
2025-11-20 09:49:16,620 - WARNING - Could not determine dtype for column 6, falling back to string
2025-11-20 09:49:16,620 - WARNING - Could not determine dtype for column 8, falling back to string
2025-11-20 09:49:16,621 - WARNING - Could not determine dtype for column 9, falling back to string
2025-11-20 09:49:16,621 - WARNING - Could not determine dtype for column 11, falling back to string
2025-11-20 09:49:16,621 - WARNING - Could not determine dtype for column 13, falling back to string
2025-11-20 09:49:16,621 - WARNING - Could not determine dtype for column 14, falling back to string
2025-11-20 09:49:16,623 - WARNING - Could not determine dtype for column 17, falling back to string
2025-11-20 09:49:16,623 - WARNING - Could not determine dtype for column 18, falling back to string
2025-11-20 09:49:16,624 - WARNING - Could not determine dtype for column 20, falling back to string
2025-11-20 09:50:22,314 - ERROR - ❌ CA Match failed: Locator.is_visible: Error: strict mode violation: locator("li[data-cmd=\"ExportExcel\"]") resolved to 4 elements:
    1) <li enabled="false" class="menuDisabled" data-cmd="ExportExcel" id="ctl00_phG_tab_t3_gridApproval_menu_item_4">…</li> aka locator("#ctl00_phG_tab_t3_gridApproval_menu_item_4")
    2) <li class="menuItem" data-cmd="ExportExcel" id="ctl00_phG_tab_t0_grid1_menu_item_7">…</li> aka locator("#ctl00_phG_tab_t0_grid1_menu_item_7")
    3) <li enabled="false" class="menuDisabled" data-cmd="ExportExcel" id="ctl00_phG_tab_t1_grid2_menu_item_3">…</li> aka locator("#ctl00_phG_tab_t1_grid2_menu_item_3")
    4) <li enabled="false" class="menuDisabled" data-cmd="ExportExcel" id="ctl00_phG_tab_t2_grid5_menu_item_4">…</li> aka locator("#ctl00_phG_tab_t2_grid5_menu_item_4")

Call log:
    - checking visibility of locator("li[data-cmd=\"ExportExcel\"]")
Traceback (most recent call last):
  File "c:\Users\Lenovo\OneDrive - Cognitive Consulting Sdn Bhd (1)\Desktop\SegmentationCompressionWork\PlayWright-Extractor\run_playwright.py", line 133, in run_ca_match
    records = process_bank_transactions(
              ^^^^^^^^^^^^^^^^^^^^^^^^^^
  File "c:\Users\Lenovo\OneDrive - Cognitive Consulting Sdn Bhd (1)\Desktop\SegmentationCompressionWork\PlayWright-Extractor\CA_Match_Process_Optimized.py", line 643, in process_bank_transactions
    return processor.run()
           ^^^^^^^^^^^^^^^
  File "c:\Users\Lenovo\OneDrive - Cognitive Consulting Sdn Bhd (1)\Desktop\SegmentationCompressionWork\PlayWright-Extractor\CA_Match_Process_Optimized.py", line 560, in run
    ExtractReconcileStatement.extract_reconciliation_statements(
  File "c:\Users\Lenovo\OneDrive - Cognitive Consulting Sdn Bhd (1)\Desktop\SegmentationCompressionWork\PlayWright-Extractor\ExtractReconcileStatement_Optimized.py", line 652, in extract_reconciliation_statements
    return extractor.run()
           ^^^^^^^^^^^^^^^
  File "c:\Users\Lenovo\OneDrive - Cognitive Consulting Sdn Bhd (1)\Desktop\SegmentationCompressionWork\PlayWright-Extractor\ExtractReconcileStatement_Optimized.py", line 538, in run
    reconciliation_save_path = self.export_to_excel()
                               ^^^^^^^^^^^^^^^^^^^^^^
  File "c:\Users\Lenovo\OneDrive - Cognitive Consulting Sdn Bhd (1)\Desktop\SegmentationCompressionWork\PlayWright-Extractor\ExtractReconcileStatement_Optimized.py", line 283, in export_to_excel
    if export_direct.count() > 0 and export_direct.is_visible():
                                     ^^^^^^^^^^^^^^^^^^^^^^^^^^
  File "C:\Users\Lenovo\OneDrive - Cognitive Consulting Sdn Bhd (1)\Desktop\SegmentationCompressionWork\PlayWright-Extractor\.venv_clean\Lib\site-packages\playwright\sync_api\_generated.py", line 17228, in is_visible
    self._sync(self._impl_obj.is_visible(timeout=timeout))
  File "C:\Users\Lenovo\OneDrive - Cognitive Consulting Sdn Bhd (1)\Desktop\SegmentationCompressionWork\PlayWright-Extractor\.venv_clean\Lib\site-packages\playwright\_impl\_sync_base.py", line 115, in _sync
    return task.result()
           ^^^^^^^^^^^^^
  File "C:\Users\Lenovo\OneDrive - Cognitive Consulting Sdn Bhd (1)\Desktop\SegmentationCompressionWork\PlayWright-Extractor\.venv_clean\Lib\site-packages\playwright\_impl\_locator.py", line 513, in is_visible
    return await self._frame.is_visible(
           ^^^^^^^^^^^^^^^^^^^^^^^^^^^^^
  File "C:\Users\Lenovo\OneDrive - Cognitive Consulting Sdn Bhd (1)\Desktop\SegmentationCompressionWork\PlayWright-Extractor\.venv_clean\Lib\site-packages\playwright\_impl\_frame.py", line 408, in is_visible
    return await self._channel.send(
           ^^^^^^^^^^^^^^^^^^^^^^^^^
  File "C:\Users\Lenovo\OneDrive - Cognitive Consulting Sdn Bhd (1)\Desktop\SegmentationCompressionWork\PlayWright-Extractor\.venv_clean\Lib\site-packages\playwright\_impl\_connection.py", line 69, in send
    return await self._connection.wrap_api_call(
           ^^^^^^^^^^^^^^^^^^^^^^^^^^^^^^^^^^^^^
  File "C:\Users\Lenovo\OneDrive - Cognitive Consulting Sdn Bhd (1)\Desktop\SegmentationCompressionWork\PlayWright-Extractor\.venv_clean\Lib\site-packages\playwright\_impl\_connection.py", line 559, in wrap_api_call
    raise rewrite_error(error, f"{parsed_st['apiName']}: {error}") from None
playwright._impl._errors.Error: Locator.is_visible: Error: strict mode violation: locator("li[data-cmd=\"ExportExcel\"]") resolved to 4 elements:
    1) <li enabled="false" class="menuDisabled" data-cmd="ExportExcel" id="ctl00_phG_tab_t3_gridApproval_menu_item_4">…</li> aka locator("#ctl00_phG_tab_t3_gridApproval_menu_item_4")
    2) <li class="menuItem" data-cmd="ExportExcel" id="ctl00_phG_tab_t0_grid1_menu_item_7">…</li> aka locator("#ctl00_phG_tab_t0_grid1_menu_item_7")
    3) <li enabled="false" class="menuDisabled" data-cmd="ExportExcel" id="ctl00_phG_tab_t1_grid2_menu_item_3">…</li> aka locator("#ctl00_phG_tab_t1_grid2_menu_item_3")
    4) <li enabled="false" class="menuDisabled" data-cmd="ExportExcel" id="ctl00_phG_tab_t2_grid5_menu_item_4">…</li> aka locator("#ctl00_phG_tab_t2_grid5_menu_item_4")

Call log:
    - checking visibility of locator("li[data-cmd=\"ExportExcel\"]")

2025-11-20 09:50:22,318 - ERROR - 
======================================================================
2025-11-20 09:50:22,319 - ERROR - ❌ AUTOMATION WORKFLOW FAILED
2025-11-20 09:50:22,319 - ERROR - ======================================================================
2025-11-20 09:50:22,319 - ERROR - Error: Locator.is_visible: Error: strict mode violation: locator("li[data-cmd=\"ExportExcel\"]") resolved to 4 elements:
    1) <li enabled="false" class="menuDisabled" data-cmd="ExportExcel" id="ctl00_phG_tab_t3_gridApproval_menu_item_4">…</li> aka locator("#ctl00_phG_tab_t3_gridApproval_menu_item_4")
    2) <li class="menuItem" data-cmd="ExportExcel" id="ctl00_phG_tab_t0_grid1_menu_item_7">…</li> aka locator("#ctl00_phG_tab_t0_grid1_menu_item_7")
    3) <li enabled="false" class="menuDisabled" data-cmd="ExportExcel" id="ctl00_phG_tab_t1_grid2_menu_item_3">…</li> aka locator("#ctl00_phG_tab_t1_grid2_menu_item_3")
    4) <li enabled="false" class="menuDisabled" data-cmd="ExportExcel" id="ctl00_phG_tab_t2_grid5_menu_item_4">…</li> aka locator("#ctl00_phG_tab_t2_grid5_menu_item_4")

Call log:
    - checking visibility of locator("li[data-cmd=\"ExportExcel\"]")

2025-11-20 09:50:22,320 - ERROR - ======================================================================
2025-11-20 10:25:25,413 - INFO - ======================================================================
2025-11-20 10:25:25,414 - INFO - PLAYWRIGHT AUTOMATION RUNNER
2025-11-20 10:25:25,414 - INFO - ======================================================================
2025-11-20 10:25:25,415 - INFO - Account: CIM02
2025-11-20 10:25:25,415 - INFO - Date: 20/10/2025
2025-11-20 10:25:25,415 - INFO - Amount: 100.0
2025-11-20 10:25:25,416 - INFO - Headless Mode: False
2025-11-20 10:25:25,416 - INFO - ======================================================================
2025-11-20 10:25:25,416 - INFO - 
🚀 Starting complete automation workflow...

2025-11-20 10:25:25,417 - INFO - 
======================================================================
2025-11-20 10:25:25,417 - INFO - STEP 1: CA MATCH PROCESS
2025-11-20 10:25:25,418 - INFO - ======================================================================
2025-11-20 10:25:26,771 - INFO - Starting CA Match process...
2025-11-20 10:36:34,088 - WARNING - Could not determine dtype for column 1, falling back to string
2025-11-20 10:36:34,089 - WARNING - Could not determine dtype for column 6, falling back to string
2025-11-20 10:36:34,089 - WARNING - Could not determine dtype for column 8, falling back to string
2025-11-20 10:36:34,090 - WARNING - Could not determine dtype for column 9, falling back to string
2025-11-20 10:36:34,090 - WARNING - Could not determine dtype for column 11, falling back to string
2025-11-20 10:36:34,091 - WARNING - Could not determine dtype for column 13, falling back to string
2025-11-20 10:36:34,091 - WARNING - Could not determine dtype for column 14, falling back to string
2025-11-20 10:36:34,091 - WARNING - Could not determine dtype for column 17, falling back to string
2025-11-20 10:36:34,091 - WARNING - Could not determine dtype for column 18, falling back to string
2025-11-20 10:36:34,093 - WARNING - Could not determine dtype for column 20, falling back to string
2025-11-20 10:38:28,526 - WARNING - Could not determine dtype for column 2, falling back to string
2025-11-20 10:38:28,527 - WARNING - Could not determine dtype for column 11, falling back to string
2025-11-20 10:38:28,527 - WARNING - Could not determine dtype for column 12, falling back to string
2025-11-20 10:49:17,805 - INFO - Loaded 102 bank transactions and 3810 company transactions
2025-11-20 10:49:17,815 - INFO - Starting Stage 1: Traditional reconciliation pipeline...
2025-11-20 10:49:17,843 - DEBUG - MBB02 credit card matcher skipped: support module not available
2025-11-20 10:49:17,847 - INFO - Finding transaction ID matches...
2025-11-20 10:49:42,865 - INFO - Finding bank charges...
2025-11-20 10:49:42,879 - DEBUG - After bank charges detection: 1 matched (added 1)
2025-11-20 10:49:42,879 - INFO - Detected 1 bank charges
2025-11-20 10:49:42,881 - INFO - Finding Reverse CE GL matches...
2025-11-20 10:49:44,072 - INFO - Found 2 Reverse CE GL matches
2025-11-20 10:49:44,079 - INFO - Finding name and amount matches...
2025-11-20 10:50:31,344 - INFO - Found 100 name and amount matches
2025-11-20 10:50:31,344 - INFO - Finding Hungarian 1:1 matches...
2025-11-20 10:50:38,065 - INFO - Hungarian 1:1: 0 matches | pairs scored=45, kept=0, time=6.72s
2025-11-20 10:50:38,068 - INFO - Finding enhanced 1:1 matches...
2025-11-20 10:50:39,337 - INFO - Found 0 enhanced 1:1 matches
2025-11-20 10:50:39,339 - INFO - Finding amount and date matches...
2025-11-20 10:50:39,573 - INFO - Found 0 amount and date matches
2025-11-20 10:50:39,573 - INFO - Finding fuzzy matches...
2025-11-20 10:50:39,988 - ERROR - ❌ CA Match failed: Failed to export results to Excel: No module named 'xlsxwriter'
Traceback (most recent call last):
  File "c:\Users\Lenovo\OneDrive - Cognitive Consulting Sdn Bhd (1)\Desktop\SegmentationCompressionWork\PlayWright-Extractor\unified_reconciliation.py", line 5316, in reconcile_unified
    engine.save_results_to_excel(out_path)
  File "c:\Users\Lenovo\OneDrive - Cognitive Consulting Sdn Bhd (1)\Desktop\SegmentationCompressionWork\PlayWright-Extractor\unified_reconciliation.py", line 4704, in save_results_to_excel
    with pd.ExcelWriter(path, engine='xlsxwriter') as writer:
         ^^^^^^^^^^^^^^^^^^^^^^^^^^^^^^^^^^^^^^^^^
  File "C:\Users\Lenovo\OneDrive - Cognitive Consulting Sdn Bhd (1)\Desktop\SegmentationCompressionWork\PlayWright-Extractor\.venv_clean\Lib\site-packages\pandas\io\excel\_xlsxwriter.py", line 197, in __init__
    from xlsxwriter import Workbook
ModuleNotFoundError: No module named 'xlsxwriter'

During handling of the above exception, another exception occurred:

Traceback (most recent call last):
  File "c:\Users\Lenovo\OneDrive - Cognitive Consulting Sdn Bhd (1)\Desktop\SegmentationCompressionWork\PlayWright-Extractor\run_playwright.py", line 133, in run_ca_match
    records = process_bank_transactions(
              ^^^^^^^^^^^^^^^^^^^^^^^^^^
  File "c:\Users\Lenovo\OneDrive - Cognitive Consulting Sdn Bhd (1)\Desktop\SegmentationCompressionWork\PlayWright-Extractor\CA_Match_Process_Optimized.py", line 643, in process_bank_transactions
    return processor.run()
           ^^^^^^^^^^^^^^^
  File "c:\Users\Lenovo\OneDrive - Cognitive Consulting Sdn Bhd (1)\Desktop\SegmentationCompressionWork\PlayWright-Extractor\CA_Match_Process_Optimized.py", line 560, in run
    ExtractReconcileStatement.extract_reconciliation_statements(
  File "c:\Users\Lenovo\OneDrive - Cognitive Consulting Sdn Bhd (1)\Desktop\SegmentationCompressionWork\PlayWright-Extractor\ExtractReconcileStatement_Optimized.py", line 690, in extract_reconciliation_statements
    return extractor.run()
           ^^^^^^^^^^^^^^^
  File "c:\Users\Lenovo\OneDrive - Cognitive Consulting Sdn Bhd (1)\Desktop\SegmentationCompressionWork\PlayWright-Extractor\ExtractReconcileStatement_Optimized.py", line 607, in run
    RaasPlus.run_RaasPlus(
  File "c:\Users\Lenovo\OneDrive - Cognitive Consulting Sdn Bhd (1)\Desktop\SegmentationCompressionWork\PlayWright-Extractor\RaasPlus.py", line 94, in run_RaasPlus
    excel_path = reconcile_unified(
                 ^^^^^^^^^^^^^^^^^^
  File "c:\Users\Lenovo\OneDrive - Cognitive Consulting Sdn Bhd (1)\Desktop\SegmentationCompressionWork\PlayWright-Extractor\unified_reconciliation.py", line 5320, in reconcile_unified
    raise ExportError(f"Failed to export results to Excel: {e}")
unified_reconciliation.ExportError: Failed to export results to Excel: No module named 'xlsxwriter'
2025-11-20 10:50:40,077 - ERROR - 
======================================================================
2025-11-20 10:50:40,078 - ERROR - ❌ AUTOMATION WORKFLOW FAILED
2025-11-20 10:50:40,078 - ERROR - ======================================================================
2025-11-20 10:50:40,079 - ERROR - Error: Failed to export results to Excel: No module named 'xlsxwriter'
2025-11-20 10:50:40,079 - ERROR - ======================================================================
2025-11-20 10:54:56,626 - INFO - ======================================================================
2025-11-20 10:54:56,626 - INFO - PLAYWRIGHT AUTOMATION RUNNER
2025-11-20 10:54:56,626 - INFO - ======================================================================
2025-11-20 10:54:56,626 - INFO - Account: CIM02
2025-11-20 10:54:56,626 - INFO - Date: 20/10/2025
2025-11-20 10:54:56,626 - INFO - Amount: 100.0
2025-11-20 10:54:56,626 - INFO - Headless Mode: False
2025-11-20 10:54:56,631 - INFO - ======================================================================
2025-11-20 10:54:56,631 - INFO - 
🚀 Starting complete automation workflow...

2025-11-20 10:54:56,631 - INFO - 
======================================================================
2025-11-20 10:54:56,631 - INFO - STEP 1: CA MATCH PROCESS
2025-11-20 10:54:56,631 - INFO - ======================================================================
2025-11-20 10:54:57,465 - INFO - Starting CA Match process...
2025-11-20 11:05:58,439 - WARNING - Could not determine dtype for column 1, falling back to string
2025-11-20 11:05:58,439 - WARNING - Could not determine dtype for column 6, falling back to string
2025-11-20 11:05:58,440 - WARNING - Could not determine dtype for column 8, falling back to string
2025-11-20 11:05:58,440 - WARNING - Could not determine dtype for column 9, falling back to string
2025-11-20 11:05:58,441 - WARNING - Could not determine dtype for column 11, falling back to string
2025-11-20 11:05:58,441 - WARNING - Could not determine dtype for column 13, falling back to string
2025-11-20 11:05:58,441 - WARNING - Could not determine dtype for column 14, falling back to string
2025-11-20 11:05:58,442 - WARNING - Could not determine dtype for column 17, falling back to string
2025-11-20 11:05:58,442 - WARNING - Could not determine dtype for column 18, falling back to string
2025-11-20 11:05:58,443 - WARNING - Could not determine dtype for column 20, falling back to string
2025-11-20 11:07:52,197 - WARNING - Could not determine dtype for column 2, falling back to string
2025-11-20 11:07:52,197 - WARNING - Could not determine dtype for column 11, falling back to string
2025-11-20 11:07:52,201 - WARNING - Could not determine dtype for column 12, falling back to string
2025-11-20 11:18:38,354 - INFO - Loaded 102 bank transactions and 3810 company transactions
2025-11-20 11:18:38,363 - INFO - Starting Stage 1: Traditional reconciliation pipeline...
2025-11-20 11:18:38,386 - DEBUG - MBB02 credit card matcher skipped: support module not available
2025-11-20 11:18:38,389 - INFO - Finding transaction ID matches...
2025-11-20 11:19:05,485 - INFO - Finding bank charges...
2025-11-20 11:19:05,510 - DEBUG - After bank charges detection: 1 matched (added 1)
2025-11-20 11:19:05,511 - INFO - Detected 1 bank charges
2025-11-20 11:19:05,512 - INFO - Finding Reverse CE GL matches...
2025-11-20 11:19:06,734 - INFO - Found 2 Reverse CE GL matches
2025-11-20 11:19:06,743 - INFO - Finding name and amount matches...
2025-11-20 11:19:55,081 - INFO - Found 100 name and amount matches
2025-11-20 11:19:55,089 - INFO - Finding Hungarian 1:1 matches...
2025-11-20 11:19:56,158 - INFO - Hungarian 1:1: 0 matches | pairs scored=45, kept=0, time=1.07s
2025-11-20 11:19:56,160 - INFO - Finding enhanced 1:1 matches...
2025-11-20 11:19:57,903 - INFO - Found 0 enhanced 1:1 matches
2025-11-20 11:19:57,906 - INFO - Finding amount and date matches...
2025-11-20 11:19:58,195 - INFO - Found 0 amount and date matches
2025-11-20 11:19:58,197 - INFO - Finding fuzzy matches...
2025-11-20 11:23:24,437 - DEBUG - <IocpProactor overlapped#=1 result#=1> is running after closing for 1.0 seconds
2025-11-20 11:23:25,452 - DEBUG - <IocpProactor overlapped#=1 result#=1> is running after closing for 2.0 seconds
2025-11-20 11:23:26,453 - DEBUG - <IocpProactor overlapped#=1 result#=1> is running after closing for 3.0 seconds
2025-11-20 11:23:27,464 - DEBUG - <IocpProactor overlapped#=1 result#=1> is running after closing for 4.0 seconds
2025-11-20 11:23:28,465 - DEBUG - <IocpProactor overlapped#=1 result#=1> is running after closing for 5.0 seconds
2025-11-20 11:23:29,469 - DEBUG - <IocpProactor overlapped#=1 result#=1> is running after closing for 6.0 seconds
2025-11-20 11:23:30,484 - DEBUG - <IocpProactor overlapped#=1 result#=1> is running after closing for 7.1 seconds
2025-11-20 11:23:31,485 - DEBUG - <IocpProactor overlapped#=1 result#=1> is running after closing for 8.1 seconds
2025-11-20 11:23:32,489 - DEBUG - <IocpProactor overlapped#=1 result#=1> is running after closing for 9.1 seconds
2025-11-20 11:23:33,501 - DEBUG - <IocpProactor overlapped#=1 result#=1> is running after closing for 10.1 seconds
2025-11-20 11:23:34,502 - DEBUG - <IocpProactor overlapped#=1 result#=1> is running after closing for 11.1 seconds
2025-11-20 11:23:35,511 - DEBUG - <IocpProactor overlapped#=1 result#=1> is running after closing for 12.1 seconds
2025-11-20 11:23:36,522 - DEBUG - <IocpProactor overlapped#=1 result#=1> is running after closing for 13.1 seconds
2025-11-20 11:23:37,527 - DEBUG - <IocpProactor overlapped#=1 result#=1> is running after closing for 14.1 seconds
2025-11-20 11:23:38,535 - DEBUG - <IocpProactor overlapped#=1 result#=1> is running after closing for 15.1 seconds
2025-11-20 11:23:39,536 - DEBUG - <IocpProactor overlapped#=1 result#=1> is running after closing for 16.1 seconds
2025-11-20 11:23:40,538 - DEBUG - <IocpProactor overlapped#=1 result#=1> is running after closing for 17.1 seconds
2025-11-20 11:23:41,548 - DEBUG - <IocpProactor overlapped#=1 result#=1> is running after closing for 18.1 seconds
2025-11-20 11:23:42,552 - DEBUG - <IocpProactor overlapped#=1 result#=1> is running after closing for 19.1 seconds
2025-11-20 11:23:43,552 - DEBUG - <IocpProactor overlapped#=1 result#=1> is running after closing for 20.1 seconds
2025-11-20 11:23:44,552 - DEBUG - <IocpProactor overlapped#=1 result#=1> is running after closing for 21.1 seconds
2025-11-20 11:23:45,553 - DEBUG - <IocpProactor overlapped#=1 result#=1> is running after closing for 22.1 seconds
2025-11-20 11:23:46,553 - DEBUG - <IocpProactor overlapped#=1 result#=1> is running after closing for 23.1 seconds
2025-11-20 11:23:47,558 - DEBUG - <IocpProactor overlapped#=1 result#=1> is running after closing for 24.1 seconds
2025-11-20 11:23:48,568 - DEBUG - <IocpProactor overlapped#=1 result#=1> is running after closing for 25.1 seconds
2025-11-20 11:23:49,570 - DEBUG - <IocpProactor overlapped#=1 result#=1> is running after closing for 26.1 seconds
2025-11-20 11:23:50,586 - DEBUG - <IocpProactor overlapped#=1 result#=1> is running after closing for 27.2 seconds
2025-11-20 11:23:51,587 - DEBUG - <IocpProactor overlapped#=1 result#=1> is running after closing for 28.2 seconds
2025-11-20 11:23:52,601 - DEBUG - <IocpProactor overlapped#=1 result#=1> is running after closing for 29.2 seconds
2025-11-20 11:23:53,602 - DEBUG - <IocpProactor overlapped#=1 result#=1> is running after closing for 30.2 seconds
2025-11-20 11:23:54,605 - DEBUG - <IocpProactor overlapped#=1 result#=1> is running after closing for 31.2 seconds
2025-11-20 11:23:55,619 - DEBUG - <IocpProactor overlapped#=1 result#=1> is running after closing for 32.2 seconds
2025-11-20 11:23:56,634 - DEBUG - <IocpProactor overlapped#=1 result#=1> is running after closing for 33.2 seconds
2025-11-20 11:23:57,644 - DEBUG - <IocpProactor overlapped#=1 result#=1> is running after closing for 34.2 seconds
2025-11-20 11:23:58,656 - DEBUG - <IocpProactor overlapped#=1 result#=1> is running after closing for 35.2 seconds
2025-11-20 11:23:59,666 - DEBUG - <IocpProactor overlapped#=1 result#=1> is running after closing for 36.2 seconds
2025-11-20 11:24:00,680 - DEBUG - <IocpProactor overlapped#=1 result#=1> is running after closing for 37.2 seconds
2025-11-20 11:24:01,690 - DEBUG - <IocpProactor overlapped#=1 result#=1> is running after closing for 38.3 seconds
2025-11-20 11:24:02,691 - DEBUG - <IocpProactor overlapped#=1 result#=1> is running after closing for 39.3 seconds
2025-11-20 11:24:03,701 - DEBUG - <IocpProactor overlapped#=1 result#=1> is running after closing for 40.3 seconds
2025-11-20 11:24:04,715 - DEBUG - <IocpProactor overlapped#=1 result#=1> is running after closing for 41.3 seconds
2025-11-20 11:24:05,732 - DEBUG - <IocpProactor overlapped#=1 result#=1> is running after closing for 42.3 seconds
2025-11-20 11:24:06,733 - DEBUG - <IocpProactor overlapped#=1 result#=1> is running after closing for 43.3 seconds
2025-11-20 11:24:07,735 - DEBUG - <IocpProactor overlapped#=1 result#=1> is running after closing for 44.3 seconds
2025-11-20 11:24:08,736 - DEBUG - <IocpProactor overlapped#=1 result#=1> is running after closing for 45.3 seconds
2025-11-20 11:24:09,737 - DEBUG - <IocpProactor overlapped#=1 result#=1> is running after closing for 46.3 seconds
2025-11-20 11:24:10,741 - DEBUG - <IocpProactor overlapped#=1 result#=1> is running after closing for 47.3 seconds
2025-11-20 11:24:11,747 - DEBUG - <IocpProactor overlapped#=1 result#=1> is running after closing for 48.3 seconds
2025-11-20 11:24:12,750 - DEBUG - <IocpProactor overlapped#=1 result#=1> is running after closing for 49.3 seconds
2025-11-20 11:24:13,754 - DEBUG - <IocpProactor overlapped#=1 result#=1> is running after closing for 50.3 seconds
2025-11-20 11:24:14,761 - DEBUG - <IocpProactor overlapped#=1 result#=1> is running after closing for 51.3 seconds
2025-11-20 11:24:15,763 - DEBUG - <IocpProactor overlapped#=1 result#=1> is running after closing for 52.3 seconds
2025-11-20 11:24:16,774 - DEBUG - <IocpProactor overlapped#=1 result#=1> is running after closing for 53.4 seconds
2025-11-20 11:24:17,784 - DEBUG - <IocpProactor overlapped#=1 result#=1> is running after closing for 54.4 seconds
2025-11-20 11:24:18,799 - DEBUG - <IocpProactor overlapped#=1 result#=1> is running after closing for 55.4 seconds
2025-11-20 11:24:19,801 - DEBUG - <IocpProactor overlapped#=1 result#=1> is running after closing for 56.4 seconds
2025-11-20 11:24:20,802 - DEBUG - <IocpProactor overlapped#=1 result#=1> is running after closing for 57.4 seconds
2025-11-20 11:24:21,807 - DEBUG - <IocpProactor overlapped#=1 result#=1> is running after closing for 58.4 seconds
2025-11-20 11:24:22,815 - DEBUG - <IocpProactor overlapped#=1 result#=1> is running after closing for 59.4 seconds
2025-11-20 11:24:23,817 - DEBUG - <IocpProactor overlapped#=1 result#=1> is running after closing for 60.4 seconds
2025-11-20 11:24:24,833 - DEBUG - <IocpProactor overlapped#=1 result#=1> is running after closing for 61.4 seconds
2025-11-20 11:24:25,836 - DEBUG - <IocpProactor overlapped#=1 result#=1> is running after closing for 62.4 seconds
2025-11-20 11:24:26,850 - DEBUG - <IocpProactor overlapped#=1 result#=1> is running after closing for 63.4 seconds
2025-11-20 11:24:27,858 - DEBUG - <IocpProactor overlapped#=1 result#=1> is running after closing for 64.4 seconds
2025-11-20 11:24:28,869 - DEBUG - <IocpProactor overlapped#=1 result#=1> is running after closing for 65.5 seconds
2025-11-20 11:24:29,881 - DEBUG - <IocpProactor overlapped#=1 result#=1> is running after closing for 66.5 seconds
2025-11-20 11:24:30,897 - DEBUG - <IocpProactor overlapped#=1 result#=1> is running after closing for 67.5 seconds
2025-11-20 11:24:31,906 - DEBUG - <IocpProactor overlapped#=1 result#=1> is running after closing for 68.5 seconds
2025-11-20 11:24:32,920 - DEBUG - <IocpProactor overlapped#=1 result#=1> is running after closing for 69.5 seconds
2025-11-20 11:24:33,934 - DEBUG - <IocpProactor overlapped#=1 result#=1> is running after closing for 70.5 seconds
2025-11-20 11:24:34,950 - DEBUG - <IocpProactor overlapped#=1 result#=1> is running after closing for 71.5 seconds
2025-11-20 11:24:35,959 - DEBUG - <IocpProactor overlapped#=1 result#=1> is running after closing for 72.5 seconds
2025-11-20 11:24:36,962 - DEBUG - <IocpProactor overlapped#=1 result#=1> is running after closing for 73.5 seconds
2025-11-20 11:24:37,964 - DEBUG - <IocpProactor overlapped#=1 result#=1> is running after closing for 74.5 seconds
2025-11-20 11:24:38,973 - DEBUG - <IocpProactor overlapped#=1 result#=1> is running after closing for 75.5 seconds
2025-11-20 11:24:39,984 - DEBUG - <IocpProactor overlapped#=1 result#=1> is running after closing for 76.6 seconds
2025-11-20 11:24:40,995 - DEBUG - <IocpProactor overlapped#=1 result#=1> is running after closing for 77.6 seconds
2025-11-20 11:24:42,009 - DEBUG - <IocpProactor overlapped#=1 result#=1> is running after closing for 78.6 seconds
2025-11-20 11:24:43,016 - DEBUG - <IocpProactor overlapped#=1 result#=1> is running after closing for 79.6 seconds
2025-11-20 11:24:44,031 - DEBUG - <IocpProactor overlapped#=1 result#=1> is running after closing for 80.6 seconds
2025-11-20 11:24:45,041 - DEBUG - <IocpProactor overlapped#=1 result#=1> is running after closing for 81.6 seconds
2025-11-20 11:24:46,046 - DEBUG - <IocpProactor overlapped#=1 result#=1> is running after closing for 82.6 seconds
2025-11-20 11:24:47,051 - DEBUG - <IocpProactor overlapped#=1 result#=1> is running after closing for 83.6 seconds
2025-11-20 11:24:48,056 - DEBUG - <IocpProactor overlapped#=1 result#=1> is running after closing for 84.6 seconds
2025-11-20 11:24:49,077 - DEBUG - <IocpProactor overlapped#=1 result#=1> is running after closing for 85.7 seconds
2025-11-20 11:24:50,084 - DEBUG - <IocpProactor overlapped#=1 result#=1> is running after closing for 86.7 seconds
2025-11-20 11:24:51,087 - DEBUG - <IocpProactor overlapped#=1 result#=1> is running after closing for 87.7 seconds
2025-11-20 11:24:52,098 - DEBUG - <IocpProactor overlapped#=1 result#=1> is running after closing for 88.7 seconds
2025-11-20 11:24:53,111 - DEBUG - <IocpProactor overlapped#=1 result#=1> is running after closing for 89.7 seconds
2025-11-20 11:24:54,116 - DEBUG - <IocpProactor overlapped#=1 result#=1> is running after closing for 90.7 seconds
2025-11-20 11:24:55,124 - DEBUG - <IocpProactor overlapped#=1 result#=1> is running after closing for 91.7 seconds
2025-11-20 11:24:56,137 - DEBUG - <IocpProactor overlapped#=1 result#=1> is running after closing for 92.7 seconds
2025-11-20 11:24:57,149 - DEBUG - <IocpProactor overlapped#=1 result#=1> is running after closing for 93.7 seconds
2025-11-20 11:24:58,162 - DEBUG - <IocpProactor overlapped#=1 result#=1> is running after closing for 94.7 seconds
2025-11-20 11:24:59,164 - DEBUG - <IocpProactor overlapped#=1 result#=1> is running after closing for 95.8 seconds
2025-11-20 11:25:00,164 - DEBUG - <IocpProactor overlapped#=1 result#=1> is running after closing for 96.8 seconds
2025-11-20 11:25:01,166 - DEBUG - <IocpProactor overlapped#=1 result#=1> is running after closing for 97.8 seconds
2025-11-20 11:25:02,176 - DEBUG - <IocpProactor overlapped#=1 result#=1> is running after closing for 98.8 seconds
2025-11-20 11:25:03,180 - DEBUG - <IocpProactor overlapped#=1 result#=1> is running after closing for 99.8 seconds
2025-11-20 11:25:04,184 - DEBUG - <IocpProactor overlapped#=1 result#=1> is running after closing for 100.8 seconds
2025-11-20 11:25:05,197 - DEBUG - <IocpProactor overlapped#=1 result#=1> is running after closing for 101.8 seconds
2025-11-20 11:25:06,213 - DEBUG - <IocpProactor overlapped#=1 result#=1> is running after closing for 102.8 seconds
2025-11-20 11:25:07,214 - DEBUG - <IocpProactor overlapped#=1 result#=1> is running after closing for 103.8 seconds
2025-11-20 11:25:08,230 - DEBUG - <IocpProactor overlapped#=1 result#=1> is running after closing for 104.8 seconds
2025-11-20 11:25:09,237 - DEBUG - <IocpProactor overlapped#=1 result#=1> is running after closing for 105.8 seconds
2025-11-20 11:25:10,249 - DEBUG - <IocpProactor overlapped#=1 result#=1> is running after closing for 106.8 seconds
2025-11-20 11:25:11,249 - DEBUG - <IocpProactor overlapped#=1 result#=1> is running after closing for 107.8 seconds
2025-11-20 11:25:12,262 - DEBUG - <IocpProactor overlapped#=1 result#=1> is running after closing for 108.8 seconds
2025-11-20 11:25:13,275 - DEBUG - <IocpProactor overlapped#=1 result#=1> is running after closing for 109.9 seconds
2025-11-20 11:25:14,277 - DEBUG - <IocpProactor overlapped#=1 result#=1> is running after closing for 110.9 seconds
2025-11-20 11:25:15,283 - DEBUG - <IocpProactor overlapped#=1 result#=1> is running after closing for 111.9 seconds
2025-11-20 11:25:16,284 - DEBUG - <IocpProactor overlapped#=1 result#=1> is running after closing for 112.9 seconds
2025-11-20 11:25:17,290 - DEBUG - <IocpProactor overlapped#=1 result#=1> is running after closing for 113.9 seconds
2025-11-20 11:25:18,303 - DEBUG - <IocpProactor overlapped#=1 result#=1> is running after closing for 114.9 seconds
2025-11-20 11:25:19,314 - DEBUG - <IocpProactor overlapped#=1 result#=1> is running after closing for 115.9 seconds
2025-11-20 11:25:20,317 - DEBUG - <IocpProactor overlapped#=1 result#=1> is running after closing for 116.9 seconds
2025-11-20 11:25:21,323 - DEBUG - <IocpProactor overlapped#=1 result#=1> is running after closing for 117.9 seconds
2025-11-20 11:25:22,324 - DEBUG - <IocpProactor overlapped#=1 result#=1> is running after closing for 118.9 seconds
2025-11-20 11:25:23,330 - DEBUG - <IocpProactor overlapped#=1 result#=1> is running after closing for 119.9 seconds
2025-11-20 11:25:24,332 - DEBUG - <IocpProactor overlapped#=1 result#=1> is running after closing for 120.9 seconds
2025-11-20 11:25:25,335 - DEBUG - <IocpProactor overlapped#=1 result#=1> is running after closing for 121.9 seconds
2025-11-20 11:25:26,335 - DEBUG - <IocpProactor overlapped#=1 result#=1> is running after closing for 122.9 seconds
2025-11-20 11:25:27,340 - DEBUG - <IocpProactor overlapped#=1 result#=1> is running after closing for 123.9 seconds
2025-11-20 11:25:28,351 - DEBUG - <IocpProactor overlapped#=1 result#=1> is running after closing for 124.9 seconds
2025-11-20 11:25:29,363 - DEBUG - <IocpProactor overlapped#=1 result#=1> is running after closing for 125.9 seconds
2025-11-20 11:25:30,369 - DEBUG - <IocpProactor overlapped#=1 result#=1> is running after closing for 127.0 seconds
2025-11-20 11:25:31,378 - DEBUG - <IocpProactor overlapped#=1 result#=1> is running after closing for 128.0 seconds
2025-11-20 11:25:32,379 - DEBUG - <IocpProactor overlapped#=1 result#=1> is running after closing for 129.0 seconds
2025-11-20 11:25:33,398 - DEBUG - <IocpProactor overlapped#=1 result#=1> is running after closing for 130.0 seconds
2025-11-20 11:25:34,409 - DEBUG - <IocpProactor overlapped#=1 result#=1> is running after closing for 131.0 seconds
2025-11-20 11:25:35,411 - DEBUG - <IocpProactor overlapped#=1 result#=1> is running after closing for 132.0 seconds
2025-11-20 11:25:36,414 - DEBUG - <IocpProactor overlapped#=1 result#=1> is running after closing for 133.0 seconds
2025-11-20 11:25:37,420 - DEBUG - <IocpProactor overlapped#=1 result#=1> is running after closing for 134.0 seconds
2025-11-20 11:25:38,429 - DEBUG - <IocpProactor overlapped#=1 result#=1> is running after closing for 135.0 seconds
2025-11-20 11:25:39,444 - DEBUG - <IocpProactor overlapped#=1 result#=1> is running after closing for 136.0 seconds
2025-11-20 11:25:40,458 - DEBUG - <IocpProactor overlapped#=1 result#=1> is running after closing for 137.0 seconds
2025-11-20 11:25:41,461 - DEBUG - <IocpProactor overlapped#=1 result#=1> is running after closing for 138.0 seconds
2025-11-20 11:25:42,464 - DEBUG - <IocpProactor overlapped#=1 result#=1> is running after closing for 139.0 seconds
2025-11-20 11:25:43,477 - DEBUG - <IocpProactor overlapped#=1 result#=1> is running after closing for 140.1 seconds
2025-11-20 11:25:44,481 - DEBUG - <IocpProactor overlapped#=1 result#=1> is running after closing for 141.1 seconds
2025-11-20 11:25:45,484 - DEBUG - <IocpProactor overlapped#=1 result#=1> is running after closing for 142.1 seconds
2025-11-20 11:25:46,495 - DEBUG - <IocpProactor overlapped#=1 result#=1> is running after closing for 143.1 seconds
2025-11-20 11:25:47,496 - DEBUG - <IocpProactor overlapped#=1 result#=1> is running after closing for 144.1 seconds
2025-11-20 11:25:48,499 - DEBUG - <IocpProactor overlapped#=1 result#=1> is running after closing for 145.1 seconds
2025-11-20 11:25:49,501 - DEBUG - <IocpProactor overlapped#=1 result#=1> is running after closing for 146.1 seconds
2025-11-20 11:25:50,502 - DEBUG - <IocpProactor overlapped#=1 result#=1> is running after closing for 147.1 seconds
2025-11-20 11:25:51,503 - DEBUG - <IocpProactor overlapped#=1 result#=1> is running after closing for 148.1 seconds
2025-11-20 11:25:52,512 - DEBUG - <IocpProactor overlapped#=1 result#=1> is running after closing for 149.1 seconds
2025-11-20 11:25:53,524 - DEBUG - <IocpProactor overlapped#=1 result#=1> is running after closing for 150.1 seconds
2025-11-20 11:25:54,529 - DEBUG - <IocpProactor overlapped#=1 result#=1> is running after closing for 151.1 seconds
2025-11-20 11:25:55,541 - DEBUG - <IocpProactor overlapped#=1 result#=1> is running after closing for 152.1 seconds
2025-11-20 11:25:56,553 - DEBUG - <IocpProactor overlapped#=1 result#=1> is running after closing for 153.1 seconds
2025-11-20 11:25:57,565 - DEBUG - <IocpProactor overlapped#=1 result#=1> is running after closing for 154.1 seconds
2025-11-20 11:25:58,567 - DEBUG - <IocpProactor overlapped#=1 result#=1> is running after closing for 155.2 seconds
2025-11-20 11:25:59,579 - DEBUG - <IocpProactor overlapped#=1 result#=1> is running after closing for 156.2 seconds
2025-11-20 11:26:00,593 - DEBUG - <IocpProactor overlapped#=1 result#=1> is running after closing for 157.2 seconds
2025-11-20 11:26:01,604 - DEBUG - <IocpProactor overlapped#=1 result#=1> is running after closing for 158.2 seconds
2025-11-20 11:26:02,619 - DEBUG - <IocpProactor overlapped#=1 result#=1> is running after closing for 159.2 seconds
2025-11-20 11:26:03,631 - DEBUG - <IocpProactor overlapped#=1 result#=1> is running after closing for 160.2 seconds
2025-11-20 11:26:04,633 - DEBUG - <IocpProactor overlapped#=1 result#=1> is running after closing for 161.2 seconds
2025-11-20 11:26:05,643 - DEBUG - <IocpProactor overlapped#=1 result#=1> is running after closing for 162.2 seconds
2025-11-20 11:26:06,658 - DEBUG - <IocpProactor overlapped#=1 result#=1> is running after closing for 163.2 seconds
2025-11-20 11:26:07,663 - DEBUG - <IocpProactor overlapped#=1 result#=1> is running after closing for 164.2 seconds
2025-11-20 11:26:08,664 - DEBUG - <IocpProactor overlapped#=1 result#=1> is running after closing for 165.2 seconds
2025-11-20 11:26:09,668 - DEBUG - <IocpProactor overlapped#=1 result#=1> is running after closing for 166.2 seconds
2025-11-20 11:26:10,670 - DEBUG - <IocpProactor overlapped#=1 result#=1> is running after closing for 167.2 seconds
2025-11-20 11:26:11,676 - DEBUG - <IocpProactor overlapped#=1 result#=1> is running after closing for 168.2 seconds
2025-11-20 11:26:12,679 - DEBUG - <IocpProactor overlapped#=1 result#=1> is running after closing for 169.3 seconds
2025-11-20 11:26:13,684 - DEBUG - <IocpProactor overlapped#=1 result#=1> is running after closing for 170.3 seconds
2025-11-20 11:26:14,698 - DEBUG - <IocpProactor overlapped#=1 result#=1> is running after closing for 171.3 seconds
2025-11-20 11:26:15,705 - DEBUG - <IocpProactor overlapped#=1 result#=1> is running after closing for 172.3 seconds
2025-11-20 11:26:16,712 - DEBUG - <IocpProactor overlapped#=1 result#=1> is running after closing for 173.3 seconds
2025-11-20 11:26:17,728 - DEBUG - <IocpProactor overlapped#=1 result#=1> is running after closing for 174.3 seconds
2025-11-20 11:26:18,730 - DEBUG - <IocpProactor overlapped#=1 result#=1> is running after closing for 175.3 seconds
2025-11-20 11:26:19,744 - DEBUG - <IocpProactor overlapped#=1 result#=1> is running after closing for 176.3 seconds
2025-11-20 11:26:20,745 - DEBUG - <IocpProactor overlapped#=1 result#=1> is running after closing for 177.3 seconds
2025-11-20 11:26:21,754 - DEBUG - <IocpProactor overlapped#=1 result#=1> is running after closing for 178.3 seconds
2025-11-20 11:26:22,757 - DEBUG - <IocpProactor overlapped#=1 result#=1> is running after closing for 179.3 seconds
2025-11-20 11:26:23,761 - DEBUG - <IocpProactor overlapped#=1 result#=1> is running after closing for 180.3 seconds
2025-11-20 11:26:24,770 - DEBUG - <IocpProactor overlapped#=1 result#=1> is running after closing for 181.4 seconds
2025-11-20 11:26:25,773 - DEBUG - <IocpProactor overlapped#=1 result#=1> is running after closing for 182.4 seconds
2025-11-20 11:26:26,778 - DEBUG - <IocpProactor overlapped#=1 result#=1> is running after closing for 183.4 seconds
2025-11-20 11:26:27,792 - DEBUG - <IocpProactor overlapped#=1 result#=1> is running after closing for 184.4 seconds
2025-11-20 11:26:28,797 - DEBUG - <IocpProactor overlapped#=1 result#=1> is running after closing for 185.4 seconds
2025-11-20 11:26:29,799 - DEBUG - <IocpProactor overlapped#=1 result#=1> is running after closing for 186.4 seconds
2025-11-20 11:26:30,814 - DEBUG - <IocpProactor overlapped#=1 result#=1> is running after closing for 187.4 seconds
2025-11-20 11:26:31,824 - DEBUG - <IocpProactor overlapped#=1 result#=1> is running after closing for 188.4 seconds
2025-11-20 11:26:32,828 - DEBUG - <IocpProactor overlapped#=1 result#=1> is running after closing for 189.4 seconds
2025-11-20 11:26:33,843 - DEBUG - <IocpProactor overlapped#=1 result#=1> is running after closing for 190.4 seconds
2025-11-20 11:26:34,855 - DEBUG - <IocpProactor overlapped#=1 result#=1> is running after closing for 191.4 seconds
2025-11-20 11:26:35,868 - DEBUG - <IocpProactor overlapped#=1 result#=1> is running after closing for 192.5 seconds
2025-11-20 11:26:36,875 - DEBUG - <IocpProactor overlapped#=1 result#=1> is running after closing for 193.5 seconds
2025-11-20 11:26:37,878 - DEBUG - <IocpProactor overlapped#=1 result#=1> is running after closing for 194.5 seconds
2025-11-20 11:26:38,880 - DEBUG - <IocpProactor overlapped#=1 result#=1> is running after closing for 195.5 seconds
2025-11-20 11:26:39,884 - DEBUG - <IocpProactor overlapped#=1 result#=1> is running after closing for 196.5 seconds
2025-11-20 11:26:40,897 - DEBUG - <IocpProactor overlapped#=1 result#=1> is running after closing for 197.5 seconds
2025-11-20 11:26:41,911 - DEBUG - <IocpProactor overlapped#=1 result#=1> is running after closing for 198.5 seconds
2025-11-20 11:26:42,922 - DEBUG - <IocpProactor overlapped#=1 result#=1> is running after closing for 199.5 seconds
2025-11-20 11:26:43,928 - DEBUG - <IocpProactor overlapped#=1 result#=1> is running after closing for 200.5 seconds
2025-11-20 11:26:44,938 - DEBUG - <IocpProactor overlapped#=1 result#=1> is running after closing for 201.5 seconds
2025-11-20 11:26:45,952 - DEBUG - <IocpProactor overlapped#=1 result#=1> is running after closing for 202.5 seconds
2025-11-20 11:26:46,954 - DEBUG - <IocpProactor overlapped#=1 result#=1> is running after closing for 203.5 seconds
2025-11-20 11:26:47,960 - DEBUG - <IocpProactor overlapped#=1 result#=1> is running after closing for 204.5 seconds
2025-11-20 11:26:48,972 - DEBUG - <IocpProactor overlapped#=1 result#=1> is running after closing for 205.6 seconds
2025-11-20 11:26:49,980 - DEBUG - <IocpProactor overlapped#=1 result#=1> is running after closing for 206.6 seconds
2025-11-20 11:26:50,983 - DEBUG - <IocpProactor overlapped#=1 result#=1> is running after closing for 207.6 seconds
2025-11-20 11:26:51,987 - DEBUG - <IocpProactor overlapped#=1 result#=1> is running after closing for 208.6 seconds
2025-11-20 11:26:52,990 - DEBUG - <IocpProactor overlapped#=1 result#=1> is running after closing for 209.6 seconds
2025-11-20 11:26:53,992 - DEBUG - <IocpProactor overlapped#=1 result#=1> is running after closing for 210.6 seconds
2025-11-20 11:26:55,003 - DEBUG - <IocpProactor overlapped#=1 result#=1> is running after closing for 211.6 seconds
2025-11-20 11:26:56,004 - DEBUG - <IocpProactor overlapped#=1 result#=1> is running after closing for 212.6 seconds
2025-11-20 11:26:57,012 - DEBUG - <IocpProactor overlapped#=1 result#=1> is running after closing for 213.6 seconds
2025-11-20 11:26:58,025 - DEBUG - <IocpProactor overlapped#=1 result#=1> is running after closing for 214.6 seconds
2025-11-20 11:26:59,039 - DEBUG - <IocpProactor overlapped#=1 result#=1> is running after closing for 215.6 seconds
2025-11-20 11:27:00,040 - DEBUG - <IocpProactor overlapped#=1 result#=1> is running after closing for 216.6 seconds
2025-11-20 11:27:01,046 - DEBUG - <IocpProactor overlapped#=1 result#=1> is running after closing for 217.6 seconds
2025-11-20 11:27:02,054 - DEBUG - <IocpProactor overlapped#=1 result#=1> is running after closing for 218.6 seconds
2025-11-20 11:27:03,062 - DEBUG - <IocpProactor overlapped#=1 result#=1> is running after closing for 219.6 seconds
2025-11-20 11:27:04,076 - DEBUG - <IocpProactor overlapped#=1 result#=1> is running after closing for 220.7 seconds
2025-11-20 11:27:05,092 - DEBUG - <IocpProactor overlapped#=1 result#=1> is running after closing for 221.7 seconds
2025-11-20 11:27:06,100 - DEBUG - <IocpProactor overlapped#=1 result#=1> is running after closing for 222.7 seconds
2025-11-20 11:27:07,102 - DEBUG - <IocpProactor overlapped#=1 result#=1> is running after closing for 223.7 seconds
2025-11-20 11:27:08,112 - DEBUG - <IocpProactor overlapped#=1 result#=1> is running after closing for 224.7 seconds
2025-11-20 11:27:09,126 - DEBUG - <IocpProactor overlapped#=1 result#=1> is running after closing for 225.7 seconds
2025-11-20 11:27:10,141 - DEBUG - <IocpProactor overlapped#=1 result#=1> is running after closing for 226.7 seconds
2025-11-20 11:27:11,146 - DEBUG - <IocpProactor overlapped#=1 result#=1> is running after closing for 227.7 seconds
2025-11-20 11:27:12,159 - DEBUG - <IocpProactor overlapped#=1 result#=1> is running after closing for 228.8 seconds
2025-11-20 11:27:13,172 - DEBUG - <IocpProactor overlapped#=1 result#=1> is running after closing for 229.8 seconds
2025-11-20 11:27:14,184 - DEBUG - <IocpProactor overlapped#=1 result#=1> is running after closing for 230.8 seconds
2025-11-20 11:27:15,192 - DEBUG - <IocpProactor overlapped#=1 result#=1> is running after closing for 231.8 seconds
2025-11-20 11:27:16,206 - DEBUG - <IocpProactor overlapped#=1 result#=1> is running after closing for 232.8 seconds
2025-11-20 11:27:17,218 - DEBUG - <IocpProactor overlapped#=1 result#=1> is running after closing for 233.8 seconds
2025-11-20 11:27:18,229 - DEBUG - <IocpProactor overlapped#=1 result#=1> is running after closing for 234.8 seconds
2025-11-20 11:27:19,242 - DEBUG - <IocpProactor overlapped#=1 result#=1> is running after closing for 235.8 seconds
2025-11-20 11:27:20,261 - DEBUG - <IocpProactor overlapped#=1 result#=1> is running after closing for 236.8 seconds
2025-11-20 11:27:21,262 - DEBUG - <IocpProactor overlapped#=1 result#=1> is running after closing for 237.8 seconds
2025-11-20 11:27:22,276 - DEBUG - <IocpProactor overlapped#=1 result#=1> is running after closing for 238.9 seconds
2025-11-20 11:27:23,290 - DEBUG - <IocpProactor overlapped#=1 result#=1> is running after closing for 239.9 seconds
2025-11-20 11:27:24,291 - DEBUG - <IocpProactor overlapped#=1 result#=1> is running after closing for 240.9 seconds
2025-11-20 11:27:25,304 - DEBUG - <IocpProactor overlapped#=1 result#=1> is running after closing for 241.9 seconds
2025-11-20 11:27:26,313 - DEBUG - <IocpProactor overlapped#=1 result#=1> is running after closing for 242.9 seconds
2025-11-20 11:27:27,323 - DEBUG - <IocpProactor overlapped#=1 result#=1> is running after closing for 243.9 seconds
2025-11-20 11:27:28,324 - DEBUG - <IocpProactor overlapped#=1 result#=1> is running after closing for 244.9 seconds
2025-11-20 11:27:29,326 - DEBUG - <IocpProactor overlapped#=1 result#=1> is running after closing for 245.9 seconds
2025-11-20 11:27:30,339 - DEBUG - <IocpProactor overlapped#=1 result#=1> is running after closing for 246.9 seconds
2025-11-20 11:27:31,347 - DEBUG - <IocpProactor overlapped#=1 result#=1> is running after closing for 247.9 seconds
2025-11-20 11:27:32,359 - DEBUG - <IocpProactor overlapped#=1 result#=1> is running after closing for 248.9 seconds
2025-11-20 11:27:33,372 - DEBUG - <IocpProactor overlapped#=1 result#=1> is running after closing for 250.0 seconds
2025-11-20 11:27:34,377 - DEBUG - <IocpProactor overlapped#=1 result#=1> is running after closing for 251.0 seconds
2025-11-20 11:27:35,382 - DEBUG - <IocpProactor overlapped#=1 result#=1> is running after closing for 252.0 seconds
2025-11-20 11:27:36,385 - DEBUG - <IocpProactor overlapped#=1 result#=1> is running after closing for 253.0 seconds
2025-11-20 11:27:37,389 - DEBUG - <IocpProactor overlapped#=1 result#=1> is running after closing for 254.0 seconds
2025-11-20 11:27:38,391 - DEBUG - <IocpProactor overlapped#=1 result#=1> is running after closing for 255.0 seconds
2025-11-20 11:27:39,391 - DEBUG - <IocpProactor overlapped#=1 result#=1> is running after closing for 256.0 seconds
2025-11-20 11:27:40,404 - DEBUG - <IocpProactor overlapped#=1 result#=1> is running after closing for 257.0 seconds
2025-11-20 11:27:41,419 - DEBUG - <IocpProactor overlapped#=1 result#=1> is running after closing for 258.0 seconds
2025-11-20 11:27:42,434 - DEBUG - <IocpProactor overlapped#=1 result#=1> is running after closing for 259.0 seconds
2025-11-20 11:27:43,445 - DEBUG - <IocpProactor overlapped#=1 result#=1> is running after closing for 260.0 seconds
2025-11-20 11:27:44,451 - DEBUG - <IocpProactor overlapped#=1 result#=1> is running after closing for 261.0 seconds
2025-11-20 11:27:45,452 - DEBUG - <IocpProactor overlapped#=1 result#=1> is running after closing for 262.0 seconds
2025-11-20 11:27:46,454 - DEBUG - <IocpProactor overlapped#=1 result#=1> is running after closing for 263.0 seconds
2025-11-20 11:27:47,467 - DEBUG - <IocpProactor overlapped#=1 result#=1> is running after closing for 264.0 seconds
2025-11-20 11:27:48,481 - DEBUG - <IocpProactor overlapped#=1 result#=1> is running after closing for 265.1 seconds
2025-11-20 11:27:49,491 - DEBUG - <IocpProactor overlapped#=1 result#=1> is running after closing for 266.1 seconds
2025-11-20 11:27:50,495 - DEBUG - <IocpProactor overlapped#=1 result#=1> is running after closing for 267.1 seconds
2025-11-20 11:27:51,499 - DEBUG - <IocpProactor overlapped#=1 result#=1> is running after closing for 268.1 seconds
2025-11-20 11:27:52,504 - DEBUG - <IocpProactor overlapped#=1 result#=1> is running after closing for 269.1 seconds
2025-11-20 11:27:53,516 - DEBUG - <IocpProactor overlapped#=1 result#=1> is running after closing for 270.1 seconds
2025-11-20 11:27:54,532 - DEBUG - <IocpProactor overlapped#=1 result#=1> is running after closing for 271.1 seconds
2025-11-20 11:27:55,543 - DEBUG - <IocpProactor overlapped#=1 result#=1> is running after closing for 272.1 seconds
2025-11-20 11:27:56,558 - DEBUG - <IocpProactor overlapped#=1 result#=1> is running after closing for 273.1 seconds
2025-11-20 11:27:57,570 - DEBUG - <IocpProactor overlapped#=1 result#=1> is running after closing for 274.2 seconds
2025-11-20 11:27:58,573 - DEBUG - <IocpProactor overlapped#=1 result#=1> is running after closing for 275.2 seconds
2025-11-20 11:27:59,590 - DEBUG - <IocpProactor overlapped#=1 result#=1> is running after closing for 276.2 seconds
2025-11-20 11:28:00,592 - DEBUG - <IocpProactor overlapped#=1 result#=1> is running after closing for 277.2 seconds
2025-11-20 11:28:01,595 - DEBUG - <IocpProactor overlapped#=1 result#=1> is running after closing for 278.2 seconds
2025-11-20 11:28:02,610 - DEBUG - <IocpProactor overlapped#=1 result#=1> is running after closing for 279.2 seconds
2025-11-20 11:28:03,611 - DEBUG - <IocpProactor overlapped#=1 result#=1> is running after closing for 280.2 seconds
2025-11-20 11:28:04,627 - DEBUG - <IocpProactor overlapped#=1 result#=1> is running after closing for 281.2 seconds
2025-11-20 11:28:05,642 - DEBUG - <IocpProactor overlapped#=1 result#=1> is running after closing for 282.2 seconds
2025-11-20 11:28:06,654 - DEBUG - <IocpProactor overlapped#=1 result#=1> is running after closing for 283.2 seconds
2025-11-20 11:28:07,655 - DEBUG - <IocpProactor overlapped#=1 result#=1> is running after closing for 284.2 seconds
2025-11-20 11:28:08,668 - DEBUG - <IocpProactor overlapped#=1 result#=1> is running after closing for 285.2 seconds
2025-11-20 11:28:09,674 - DEBUG - <IocpProactor overlapped#=1 result#=1> is running after closing for 286.3 seconds
2025-11-20 11:28:10,677 - DEBUG - <IocpProactor overlapped#=1 result#=1> is running after closing for 287.3 seconds
2025-11-20 11:28:11,691 - DEBUG - <IocpProactor overlapped#=1 result#=1> is running after closing for 288.3 seconds
2025-11-20 11:28:12,704 - DEBUG - <IocpProactor overlapped#=1 result#=1> is running after closing for 289.3 seconds
2025-11-20 11:28:13,716 - DEBUG - <IocpProactor overlapped#=1 result#=1> is running after closing for 290.3 seconds
2025-11-20 11:28:14,722 - DEBUG - <IocpProactor overlapped#=1 result#=1> is running after closing for 291.3 seconds
2025-11-20 11:28:15,725 - DEBUG - <IocpProactor overlapped#=1 result#=1> is running after closing for 292.3 seconds
2025-11-20 11:28:16,729 - DEBUG - <IocpProactor overlapped#=1 result#=1> is running after closing for 293.3 seconds
2025-11-20 11:28:17,733 - DEBUG - <IocpProactor overlapped#=1 result#=1> is running after closing for 294.3 seconds
2025-11-20 11:28:18,746 - DEBUG - <IocpProactor overlapped#=1 result#=1> is running after closing for 295.3 seconds
2025-11-20 11:28:19,754 - DEBUG - <IocpProactor overlapped#=1 result#=1> is running after closing for 296.3 seconds
2025-11-20 11:28:20,755 - DEBUG - <IocpProactor overlapped#=1 result#=1> is running after closing for 297.3 seconds
2025-11-20 11:28:21,766 - DEBUG - <IocpProactor overlapped#=1 result#=1> is running after closing for 298.4 seconds
2025-11-20 11:28:22,779 - DEBUG - <IocpProactor overlapped#=1 result#=1> is running after closing for 299.4 seconds
2025-11-20 11:28:23,792 - DEBUG - <IocpProactor overlapped#=1 result#=1> is running after closing for 300.4 seconds
2025-11-20 11:28:24,804 - DEBUG - <IocpProactor overlapped#=1 result#=1> is running after closing for 301.4 seconds
2025-11-20 11:28:25,816 - DEBUG - <IocpProactor overlapped#=1 result#=1> is running after closing for 302.4 seconds
2025-11-20 11:28:26,831 - DEBUG - <IocpProactor overlapped#=1 result#=1> is running after closing for 303.4 seconds
2025-11-20 11:28:27,842 - DEBUG - <IocpProactor overlapped#=1 result#=1> is running after closing for 304.4 seconds
2025-11-20 11:28:28,844 - DEBUG - <IocpProactor overlapped#=1 result#=1> is running after closing for 305.4 seconds
2025-11-20 11:28:29,854 - DEBUG - <IocpProactor overlapped#=1 result#=1> is running after closing for 306.4 seconds
2025-11-20 11:28:30,856 - DEBUG - <IocpProactor overlapped#=1 result#=1> is running after closing for 307.4 seconds
2025-11-20 11:28:31,864 - DEBUG - <IocpProactor overlapped#=1 result#=1> is running after closing for 308.5 seconds
2025-11-20 11:28:32,880 - DEBUG - <IocpProactor overlapped#=1 result#=1> is running after closing for 309.5 seconds
2025-11-20 11:28:33,895 - DEBUG - <IocpProactor overlapped#=1 result#=1> is running after closing for 310.5 seconds
2025-11-20 11:28:34,909 - DEBUG - <IocpProactor overlapped#=1 result#=1> is running after closing for 311.5 seconds
2025-11-20 11:28:35,911 - DEBUG - <IocpProactor overlapped#=1 result#=1> is running after closing for 312.5 seconds
2025-11-20 11:28:36,925 - DEBUG - <IocpProactor overlapped#=1 result#=1> is running after closing for 313.5 seconds
2025-11-20 11:28:37,930 - DEBUG - <IocpProactor overlapped#=1 result#=1> is running after closing for 314.5 seconds
2025-11-20 11:28:38,931 - DEBUG - <IocpProactor overlapped#=1 result#=1> is running after closing for 315.5 seconds
2025-11-20 11:28:39,937 - DEBUG - <IocpProactor overlapped#=1 result#=1> is running after closing for 316.5 seconds
2025-11-20 11:28:40,950 - DEBUG - <IocpProactor overlapped#=1 result#=1> is running after closing for 317.5 seconds
2025-11-20 11:28:41,959 - DEBUG - <IocpProactor overlapped#=1 result#=1> is running after closing for 318.5 seconds
2025-11-20 11:28:42,970 - DEBUG - <IocpProactor overlapped#=1 result#=1> is running after closing for 319.6 seconds
2025-11-20 11:28:43,982 - DEBUG - <IocpProactor overlapped#=1 result#=1> is running after closing for 320.6 seconds
2025-11-20 11:28:45,005 - DEBUG - <IocpProactor overlapped#=1 result#=1> is running after closing for 321.6 seconds
2025-11-20 11:28:46,021 - DEBUG - <IocpProactor overlapped#=1 result#=1> is running after closing for 322.6 seconds
2025-11-20 11:28:47,026 - DEBUG - <IocpProactor overlapped#=1 result#=1> is running after closing for 323.6 seconds
2025-11-20 11:28:48,029 - DEBUG - <IocpProactor overlapped#=1 result#=1> is running after closing for 324.6 seconds
2025-11-20 11:28:49,042 - DEBUG - <IocpProactor overlapped#=1 result#=1> is running after closing for 325.6 seconds
2025-11-20 11:28:50,049 - DEBUG - <IocpProactor overlapped#=1 result#=1> is running after closing for 326.6 seconds
2025-11-20 11:28:51,058 - DEBUG - <IocpProactor overlapped#=1 result#=1> is running after closing for 327.6 seconds
2025-11-20 11:28:52,072 - DEBUG - <IocpProactor overlapped#=1 result#=1> is running after closing for 328.7 seconds
2025-11-20 11:28:53,077 - DEBUG - <IocpProactor overlapped#=1 result#=1> is running after closing for 329.7 seconds
2025-11-20 11:28:54,082 - DEBUG - <IocpProactor overlapped#=1 result#=1> is running after closing for 330.7 seconds
2025-11-20 11:28:55,088 - DEBUG - <IocpProactor overlapped#=1 result#=1> is running after closing for 331.7 seconds
2025-11-20 11:28:56,091 - DEBUG - <IocpProactor overlapped#=1 result#=1> is running after closing for 332.7 seconds
2025-11-20 11:28:57,093 - DEBUG - <IocpProactor overlapped#=1 result#=1> is running after closing for 333.7 seconds
2025-11-20 11:28:58,105 - DEBUG - <IocpProactor overlapped#=1 result#=1> is running after closing for 334.7 seconds
2025-11-20 11:28:59,108 - DEBUG - <IocpProactor overlapped#=1 result#=1> is running after closing for 335.7 seconds
2025-11-20 11:29:00,108 - DEBUG - <IocpProactor overlapped#=1 result#=1> is running after closing for 336.7 seconds
2025-11-20 11:29:01,121 - DEBUG - <IocpProactor overlapped#=1 result#=1> is running after closing for 337.7 seconds
2025-11-20 11:29:02,126 - DEBUG - <IocpProactor overlapped#=1 result#=1> is running after closing for 338.7 seconds
2025-11-20 11:29:03,138 - DEBUG - <IocpProactor overlapped#=1 result#=1> is running after closing for 339.7 seconds
2025-11-20 11:29:04,152 - DEBUG - <IocpProactor overlapped#=1 result#=1> is running after closing for 340.7 seconds
2025-11-20 11:29:05,154 - DEBUG - <IocpProactor overlapped#=1 result#=1> is running after closing for 341.8 seconds
2025-11-20 11:29:06,170 - DEBUG - <IocpProactor overlapped#=1 result#=1> is running after closing for 342.8 seconds
2025-11-20 11:29:07,185 - DEBUG - <IocpProactor overlapped#=1 result#=1> is running after closing for 343.8 seconds
2025-11-20 11:29:08,197 - DEBUG - <IocpProactor overlapped#=1 result#=1> is running after closing for 344.8 seconds
2025-11-20 11:29:09,201 - DEBUG - <IocpProactor overlapped#=1 result#=1> is running after closing for 345.8 seconds
2025-11-20 11:29:10,201 - DEBUG - <IocpProactor overlapped#=1 result#=1> is running after closing for 346.8 seconds
2025-11-20 11:29:11,212 - DEBUG - <IocpProactor overlapped#=1 result#=1> is running after closing for 347.8 seconds
2025-11-20 11:29:12,228 - DEBUG - <IocpProactor overlapped#=1 result#=1> is running after closing for 348.8 seconds
2025-11-20 11:29:13,240 - DEBUG - <IocpProactor overlapped#=1 result#=1> is running after closing for 349.8 seconds
2025-11-20 11:29:14,255 - DEBUG - <IocpProactor overlapped#=1 result#=1> is running after closing for 350.8 seconds
2025-11-20 11:29:15,260 - DEBUG - <IocpProactor overlapped#=1 result#=1> is running after closing for 351.8 seconds
2025-11-20 11:29:16,276 - DEBUG - <IocpProactor overlapped#=1 result#=1> is running after closing for 352.9 seconds
2025-11-20 11:29:17,287 - DEBUG - <IocpProactor overlapped#=1 result#=1> is running after closing for 353.9 seconds
2025-11-20 11:29:18,290 - DEBUG - <IocpProactor overlapped#=1 result#=1> is running after closing for 354.9 seconds
2025-11-20 11:29:19,290 - DEBUG - <IocpProactor overlapped#=1 result#=1> is running after closing for 355.9 seconds
2025-11-20 11:29:20,304 - DEBUG - <IocpProactor overlapped#=1 result#=1> is running after closing for 356.9 seconds
2025-11-20 11:29:21,319 - DEBUG - <IocpProactor overlapped#=1 result#=1> is running after closing for 357.9 seconds
2025-11-20 11:29:22,320 - DEBUG - <IocpProactor overlapped#=1 result#=1> is running after closing for 358.9 seconds
2025-11-20 11:29:23,322 - DEBUG - <IocpProactor overlapped#=1 result#=1> is running after closing for 359.9 seconds
2025-11-20 11:29:24,323 - DEBUG - <IocpProactor overlapped#=1 result#=1> is running after closing for 360.9 seconds
2025-11-20 11:29:25,339 - DEBUG - <IocpProactor overlapped#=1 result#=1> is running after closing for 361.9 seconds
2025-11-20 11:29:26,341 - DEBUG - <IocpProactor overlapped#=1 result#=1> is running after closing for 362.9 seconds
2025-11-20 11:29:27,341 - DEBUG - <IocpProactor overlapped#=1 result#=1> is running after closing for 363.9 seconds
2025-11-20 11:29:28,353 - DEBUG - <IocpProactor overlapped#=1 result#=1> is running after closing for 364.9 seconds
2025-11-20 11:29:29,355 - DEBUG - <IocpProactor overlapped#=1 result#=1> is running after closing for 365.9 seconds
2025-11-20 11:29:30,361 - DEBUG - <IocpProactor overlapped#=1 result#=1> is running after closing for 367.0 seconds
2025-11-20 11:29:31,370 - DEBUG - <IocpProactor overlapped#=1 result#=1> is running after closing for 368.0 seconds
2025-11-20 11:29:32,385 - DEBUG - <IocpProactor overlapped#=1 result#=1> is running after closing for 369.0 seconds
2025-11-20 11:29:33,393 - DEBUG - <IocpProactor overlapped#=1 result#=1> is running after closing for 370.0 seconds
2025-11-20 11:29:34,403 - DEBUG - <IocpProactor overlapped#=1 result#=1> is running after closing for 371.0 seconds
2025-11-20 11:29:35,416 - DEBUG - <IocpProactor overlapped#=1 result#=1> is running after closing for 372.0 seconds
2025-11-20 11:29:36,416 - DEBUG - <IocpProactor overlapped#=1 result#=1> is running after closing for 373.0 seconds
2025-11-20 11:29:37,418 - DEBUG - <IocpProactor overlapped#=1 result#=1> is running after closing for 374.0 seconds
2025-11-20 11:29:38,433 - DEBUG - <IocpProactor overlapped#=1 result#=1> is running after closing for 375.0 seconds
2025-11-20 11:29:39,448 - DEBUG - <IocpProactor overlapped#=1 result#=1> is running after closing for 376.0 seconds
2025-11-20 11:29:40,449 - DEBUG - <IocpProactor overlapped#=1 result#=1> is running after closing for 377.0 seconds
2025-11-20 11:29:41,452 - DEBUG - <IocpProactor overlapped#=1 result#=1> is running after closing for 378.0 seconds
2025-11-20 11:29:42,464 - DEBUG - <IocpProactor overlapped#=1 result#=1> is running after closing for 379.0 seconds
2025-11-20 11:29:43,480 - DEBUG - <IocpProactor overlapped#=1 result#=1> is running after closing for 380.1 seconds
2025-11-20 11:29:44,495 - DEBUG - <IocpProactor overlapped#=1 result#=1> is running after closing for 381.1 seconds
2025-11-20 11:29:45,496 - DEBUG - <IocpProactor overlapped#=1 result#=1> is running after closing for 382.1 seconds
2025-11-20 11:29:46,496 - DEBUG - <IocpProactor overlapped#=1 result#=1> is running after closing for 383.1 seconds
2025-11-20 11:29:47,512 - DEBUG - <IocpProactor overlapped#=1 result#=1> is running after closing for 384.1 seconds
2025-11-20 11:29:48,527 - DEBUG - <IocpProactor overlapped#=1 result#=1> is running after closing for 385.1 seconds
2025-11-20 11:29:49,529 - DEBUG - <IocpProactor overlapped#=1 result#=1> is running after closing for 386.1 seconds
2025-11-20 11:29:50,542 - DEBUG - <IocpProactor overlapped#=1 result#=1> is running after closing for 387.1 seconds
2025-11-20 11:29:51,554 - DEBUG - <IocpProactor overlapped#=1 result#=1> is running after closing for 388.1 seconds
2025-11-20 11:29:52,569 - DEBUG - <IocpProactor overlapped#=1 result#=1> is running after closing for 389.2 seconds
2025-11-20 11:29:53,582 - DEBUG - <IocpProactor overlapped#=1 result#=1> is running after closing for 390.2 seconds
2025-11-20 11:29:54,585 - DEBUG - <IocpProactor overlapped#=1 result#=1> is running after closing for 391.2 seconds
2025-11-20 11:29:55,593 - DEBUG - <IocpProactor overlapped#=1 result#=1> is running after closing for 392.2 seconds
2025-11-20 11:29:56,603 - DEBUG - <IocpProactor overlapped#=1 result#=1> is running after closing for 393.2 seconds
2025-11-20 11:29:57,605 - DEBUG - <IocpProactor overlapped#=1 result#=1> is running after closing for 394.2 seconds
2025-11-20 11:29:58,606 - DEBUG - <IocpProactor overlapped#=1 result#=1> is running after closing for 395.2 seconds
2025-11-20 11:29:59,617 - DEBUG - <IocpProactor overlapped#=1 result#=1> is running after closing for 396.2 seconds
2025-11-20 11:30:00,632 - DEBUG - <IocpProactor overlapped#=1 result#=1> is running after closing for 397.2 seconds
2025-11-20 11:30:01,635 - DEBUG - <IocpProactor overlapped#=1 result#=1> is running after closing for 398.2 seconds
2025-11-20 11:30:02,637 - DEBUG - <IocpProactor overlapped#=1 result#=1> is running after closing for 399.2 seconds
2025-11-20 11:30:03,638 - DEBUG - <IocpProactor overlapped#=1 result#=1> is running after closing for 400.2 seconds
2025-11-20 11:30:04,641 - DEBUG - <IocpProactor overlapped#=1 result#=1> is running after closing for 401.2 seconds
2025-11-20 11:30:05,650 - DEBUG - <IocpProactor overlapped#=1 result#=1> is running after closing for 402.2 seconds
2025-11-20 11:30:06,652 - DEBUG - <IocpProactor overlapped#=1 result#=1> is running after closing for 403.2 seconds
2025-11-20 11:30:07,655 - DEBUG - <IocpProactor overlapped#=1 result#=1> is running after closing for 404.2 seconds
2025-11-20 11:30:08,668 - DEBUG - <IocpProactor overlapped#=1 result#=1> is running after closing for 405.3 seconds
2025-11-20 11:30:09,671 - DEBUG - <IocpProactor overlapped#=1 result#=1> is running after closing for 406.3 seconds
2025-11-20 11:30:10,685 - DEBUG - <IocpProactor overlapped#=1 result#=1> is running after closing for 407.3 seconds
2025-11-20 11:30:11,700 - DEBUG - <IocpProactor overlapped#=1 result#=1> is running after closing for 408.3 seconds
2025-11-20 11:30:12,701 - DEBUG - <IocpProactor overlapped#=1 result#=1> is running after closing for 409.3 seconds
2025-11-20 11:30:13,716 - DEBUG - <IocpProactor overlapped#=1 result#=1> is running after closing for 410.3 seconds
2025-11-20 11:30:14,731 - DEBUG - <IocpProactor overlapped#=1 result#=1> is running after closing for 411.3 seconds
2025-11-20 11:30:15,742 - DEBUG - <IocpProactor overlapped#=1 result#=1> is running after closing for 412.3 seconds
2025-11-20 11:30:16,750 - DEBUG - <IocpProactor overlapped#=1 result#=1> is running after closing for 413.3 seconds
2025-11-20 11:30:17,763 - DEBUG - <IocpProactor overlapped#=1 result#=1> is running after closing for 414.4 seconds
2025-11-20 11:30:18,766 - DEBUG - <IocpProactor overlapped#=1 result#=1> is running after closing for 415.4 seconds
2025-11-20 11:30:19,780 - DEBUG - <IocpProactor overlapped#=1 result#=1> is running after closing for 416.4 seconds
2025-11-20 11:30:20,780 - DEBUG - <IocpProactor overlapped#=1 result#=1> is running after closing for 417.4 seconds
2025-11-20 11:30:21,796 - DEBUG - <IocpProactor overlapped#=1 result#=1> is running after closing for 418.4 seconds
2025-11-20 11:30:22,796 - DEBUG - <IocpProactor overlapped#=1 result#=1> is running after closing for 419.4 seconds
2025-11-20 11:30:23,798 - DEBUG - <IocpProactor overlapped#=1 result#=1> is running after closing for 420.4 seconds
2025-11-20 11:30:24,800 - DEBUG - <IocpProactor overlapped#=1 result#=1> is running after closing for 421.4 seconds
2025-11-20 11:30:25,804 - DEBUG - <IocpProactor overlapped#=1 result#=1> is running after closing for 422.4 seconds
2025-11-20 11:30:26,815 - DEBUG - <IocpProactor overlapped#=1 result#=1> is running after closing for 423.4 seconds
2025-11-20 11:30:27,827 - DEBUG - <IocpProactor overlapped#=1 result#=1> is running after closing for 424.4 seconds
2025-11-20 11:30:28,841 - DEBUG - <IocpProactor overlapped#=1 result#=1> is running after closing for 425.4 seconds
2025-11-20 11:30:29,857 - DEBUG - <IocpProactor overlapped#=1 result#=1> is running after closing for 426.5 seconds
2025-11-20 11:30:30,871 - DEBUG - <IocpProactor overlapped#=1 result#=1> is running after closing for 427.5 seconds
2025-11-20 11:30:31,873 - DEBUG - <IocpProactor overlapped#=1 result#=1> is running after closing for 428.5 seconds
2025-11-20 11:30:32,890 - DEBUG - <IocpProactor overlapped#=1 result#=1> is running after closing for 429.5 seconds
2025-11-20 11:30:33,892 - DEBUG - <IocpProactor overlapped#=1 result#=1> is running after closing for 430.5 seconds
2025-11-20 11:30:34,896 - DEBUG - <IocpProactor overlapped#=1 result#=1> is running after closing for 431.5 seconds
2025-11-20 11:30:35,898 - DEBUG - <IocpProactor overlapped#=1 result#=1> is running after closing for 432.5 seconds
2025-11-20 11:30:36,905 - DEBUG - <IocpProactor overlapped#=1 result#=1> is running after closing for 433.5 seconds
2025-11-20 11:30:37,920 - DEBUG - <IocpProactor overlapped#=1 result#=1> is running after closing for 434.5 seconds
2025-11-20 11:30:38,935 - DEBUG - <IocpProactor overlapped#=1 result#=1> is running after closing for 435.5 seconds
2025-11-20 11:30:39,951 - DEBUG - <IocpProactor overlapped#=1 result#=1> is running after closing for 436.5 seconds
2025-11-20 11:30:40,967 - DEBUG - <IocpProactor overlapped#=1 result#=1> is running after closing for 437.6 seconds
2025-11-20 11:30:41,973 - DEBUG - <IocpProactor overlapped#=1 result#=1> is running after closing for 438.6 seconds
2025-11-20 11:30:42,976 - DEBUG - <IocpProactor overlapped#=1 result#=1> is running after closing for 439.6 seconds
2025-11-20 11:30:43,978 - DEBUG - <IocpProactor overlapped#=1 result#=1> is running after closing for 440.6 seconds
2025-11-20 11:30:44,980 - DEBUG - <IocpProactor overlapped#=1 result#=1> is running after closing for 441.6 seconds
2025-11-20 11:30:45,984 - DEBUG - <IocpProactor overlapped#=1 result#=1> is running after closing for 442.6 seconds
2025-11-20 11:30:46,998 - DEBUG - <IocpProactor overlapped#=1 result#=1> is running after closing for 443.6 seconds
2025-11-20 11:30:48,002 - DEBUG - <IocpProactor overlapped#=1 result#=1> is running after closing for 444.6 seconds
2025-11-20 11:30:49,023 - DEBUG - <IocpProactor overlapped#=1 result#=1> is running after closing for 445.6 seconds
2025-11-20 11:30:50,034 - DEBUG - <IocpProactor overlapped#=1 result#=1> is running after closing for 446.6 seconds
2025-11-20 11:30:51,035 - DEBUG - <IocpProactor overlapped#=1 result#=1> is running after closing for 447.6 seconds
2025-11-20 11:30:52,040 - DEBUG - <IocpProactor overlapped#=1 result#=1> is running after closing for 448.6 seconds
2025-11-20 11:30:53,043 - DEBUG - <IocpProactor overlapped#=1 result#=1> is running after closing for 449.6 seconds
2025-11-20 11:30:54,055 - DEBUG - <IocpProactor overlapped#=1 result#=1> is running after closing for 450.6 seconds
2025-11-20 11:30:55,069 - DEBUG - <IocpProactor overlapped#=1 result#=1> is running after closing for 451.7 seconds
2025-11-20 11:30:56,079 - DEBUG - <IocpProactor overlapped#=1 result#=1> is running after closing for 452.7 seconds
2025-11-20 11:30:57,088 - DEBUG - <IocpProactor overlapped#=1 result#=1> is running after closing for 453.7 seconds
2025-11-20 11:30:58,103 - DEBUG - <IocpProactor overlapped#=1 result#=1> is running after closing for 454.7 seconds
2025-11-20 11:30:59,116 - DEBUG - <IocpProactor overlapped#=1 result#=1> is running after closing for 455.7 seconds
2025-11-20 11:31:00,131 - DEBUG - <IocpProactor overlapped#=1 result#=1> is running after closing for 456.7 seconds
2025-11-20 11:31:01,143 - DEBUG - <IocpProactor overlapped#=1 result#=1> is running after closing for 457.7 seconds
2025-11-20 11:31:02,159 - DEBUG - <IocpProactor overlapped#=1 result#=1> is running after closing for 458.8 seconds
2025-11-20 11:31:03,166 - DEBUG - <IocpProactor overlapped#=1 result#=1> is running after closing for 459.8 seconds
2025-11-20 11:31:04,181 - DEBUG - <IocpProactor overlapped#=1 result#=1> is running after closing for 460.8 seconds
2025-11-20 11:31:05,183 - DEBUG - <IocpProactor overlapped#=1 result#=1> is running after closing for 461.8 seconds
2025-11-20 11:31:06,197 - DEBUG - <IocpProactor overlapped#=1 result#=1> is running after closing for 462.8 seconds
2025-11-20 11:31:07,201 - DEBUG - <IocpProactor overlapped#=1 result#=1> is running after closing for 463.8 seconds
2025-11-20 11:31:08,211 - DEBUG - <IocpProactor overlapped#=1 result#=1> is running after closing for 464.8 seconds
2025-11-20 11:31:09,226 - DEBUG - <IocpProactor overlapped#=1 result#=1> is running after closing for 465.8 seconds
2025-11-20 11:31:10,238 - DEBUG - <IocpProactor overlapped#=1 result#=1> is running after closing for 466.8 seconds
2025-11-20 11:31:11,248 - DEBUG - <IocpProactor overlapped#=1 result#=1> is running after closing for 467.8 seconds
2025-11-20 11:31:12,262 - DEBUG - <IocpProactor overlapped#=1 result#=1> is running after closing for 468.9 seconds
2025-11-20 11:31:13,270 - DEBUG - <IocpProactor overlapped#=1 result#=1> is running after closing for 469.9 seconds
2025-11-20 11:31:14,271 - DEBUG - <IocpProactor overlapped#=1 result#=1> is running after closing for 470.9 seconds
2025-11-20 11:31:15,282 - DEBUG - <IocpProactor overlapped#=1 result#=1> is running after closing for 471.9 seconds
2025-11-20 11:31:16,285 - DEBUG - <IocpProactor overlapped#=1 result#=1> is running after closing for 472.9 seconds
2025-11-20 11:31:17,286 - DEBUG - <IocpProactor overlapped#=1 result#=1> is running after closing for 473.9 seconds
2025-11-20 11:31:18,286 - DEBUG - <IocpProactor overlapped#=1 result#=1> is running after closing for 474.9 seconds
2025-11-20 11:31:19,288 - DEBUG - <IocpProactor overlapped#=1 result#=1> is running after closing for 475.9 seconds
2025-11-20 11:31:20,303 - DEBUG - <IocpProactor overlapped#=1 result#=1> is running after closing for 476.9 seconds
2025-11-20 11:31:21,315 - DEBUG - <IocpProactor overlapped#=1 result#=1> is running after closing for 477.9 seconds
2025-11-20 11:31:22,318 - DEBUG - <IocpProactor overlapped#=1 result#=1> is running after closing for 478.9 seconds
2025-11-20 11:31:23,320 - DEBUG - <IocpProactor overlapped#=1 result#=1> is running after closing for 479.9 seconds
2025-11-20 11:31:24,333 - DEBUG - <IocpProactor overlapped#=1 result#=1> is running after closing for 480.9 seconds
2025-11-20 11:31:25,336 - DEBUG - <IocpProactor overlapped#=1 result#=1> is running after closing for 481.9 seconds
2025-11-20 11:31:26,336 - DEBUG - <IocpProactor overlapped#=1 result#=1> is running after closing for 482.9 seconds
2025-11-20 11:31:27,348 - DEBUG - <IocpProactor overlapped#=1 result#=1> is running after closing for 483.9 seconds
2025-11-20 11:31:28,362 - DEBUG - <IocpProactor overlapped#=1 result#=1> is running after closing for 485.0 seconds
2025-11-20 11:31:29,363 - DEBUG - <IocpProactor overlapped#=1 result#=1> is running after closing for 486.0 seconds
2025-11-20 11:31:30,367 - DEBUG - <IocpProactor overlapped#=1 result#=1> is running after closing for 487.0 seconds
2025-11-20 11:31:31,381 - DEBUG - <IocpProactor overlapped#=1 result#=1> is running after closing for 488.0 seconds
2025-11-20 11:31:32,396 - DEBUG - <IocpProactor overlapped#=1 result#=1> is running after closing for 489.0 seconds
2025-11-20 11:31:33,398 - DEBUG - <IocpProactor overlapped#=1 result#=1> is running after closing for 490.0 seconds
2025-11-20 11:31:34,401 - DEBUG - <IocpProactor overlapped#=1 result#=1> is running after closing for 491.0 seconds
2025-11-20 11:31:35,402 - DEBUG - <IocpProactor overlapped#=1 result#=1> is running after closing for 492.0 seconds
2025-11-20 11:31:36,415 - DEBUG - <IocpProactor overlapped#=1 result#=1> is running after closing for 493.0 seconds
2025-11-20 11:31:37,429 - DEBUG - <IocpProactor overlapped#=1 result#=1> is running after closing for 494.0 seconds
2025-11-20 11:31:38,433 - DEBUG - <IocpProactor overlapped#=1 result#=1> is running after closing for 495.0 seconds
2025-11-20 11:31:39,445 - DEBUG - <IocpProactor overlapped#=1 result#=1> is running after closing for 496.0 seconds
2025-11-20 11:31:40,457 - DEBUG - <IocpProactor overlapped#=1 result#=1> is running after closing for 497.0 seconds
2025-11-20 11:31:41,472 - DEBUG - <IocpProactor overlapped#=1 result#=1> is running after closing for 498.1 seconds
2025-11-20 11:31:42,482 - DEBUG - <IocpProactor overlapped#=1 result#=1> is running after closing for 499.1 seconds
2025-11-20 11:31:43,492 - DEBUG - <IocpProactor overlapped#=1 result#=1> is running after closing for 500.1 seconds
2025-11-20 11:31:44,498 - DEBUG - <IocpProactor overlapped#=1 result#=1> is running after closing for 501.1 seconds
2025-11-20 11:31:45,513 - DEBUG - <IocpProactor overlapped#=1 result#=1> is running after closing for 502.1 seconds
2025-11-20 11:31:46,514 - DEBUG - <IocpProactor overlapped#=1 result#=1> is running after closing for 503.1 seconds
2025-11-20 11:31:47,519 - DEBUG - <IocpProactor overlapped#=1 result#=1> is running after closing for 504.1 seconds
2025-11-20 11:31:48,528 - DEBUG - <IocpProactor overlapped#=1 result#=1> is running after closing for 505.1 seconds
2025-11-20 11:31:49,529 - DEBUG - <IocpProactor overlapped#=1 result#=1> is running after closing for 506.1 seconds
2025-11-20 11:31:50,531 - DEBUG - <IocpProactor overlapped#=1 result#=1> is running after closing for 507.1 seconds
2025-11-20 11:31:51,539 - DEBUG - <IocpProactor overlapped#=1 result#=1> is running after closing for 508.1 seconds
2025-11-20 11:31:52,553 - DEBUG - <IocpProactor overlapped#=1 result#=1> is running after closing for 509.1 seconds
2025-11-20 11:31:53,566 - DEBUG - <IocpProactor overlapped#=1 result#=1> is running after closing for 510.2 seconds
2025-11-20 11:31:54,574 - DEBUG - <IocpProactor overlapped#=1 result#=1> is running after closing for 511.2 seconds
2025-11-20 11:31:55,579 - DEBUG - <IocpProactor overlapped#=1 result#=1> is running after closing for 512.2 seconds
2025-11-20 11:31:56,587 - DEBUG - <IocpProactor overlapped#=1 result#=1> is running after closing for 513.2 seconds
2025-11-20 11:31:57,598 - DEBUG - <IocpProactor overlapped#=1 result#=1> is running after closing for 514.2 seconds
2025-11-20 11:31:58,608 - DEBUG - <IocpProactor overlapped#=1 result#=1> is running after closing for 515.2 seconds
2025-11-20 11:31:59,614 - DEBUG - <IocpProactor overlapped#=1 result#=1> is running after closing for 516.2 seconds
2025-11-20 11:32:00,617 - DEBUG - <IocpProactor overlapped#=1 result#=1> is running after closing for 517.2 seconds
2025-11-20 11:32:01,629 - DEBUG - <IocpProactor overlapped#=1 result#=1> is running after closing for 518.2 seconds
2025-11-20 11:32:02,636 - DEBUG - <IocpProactor overlapped#=1 result#=1> is running after closing for 519.2 seconds
2025-11-20 11:32:03,652 - DEBUG - <IocpProactor overlapped#=1 result#=1> is running after closing for 520.2 seconds
2025-11-20 11:32:04,663 - DEBUG - <IocpProactor overlapped#=1 result#=1> is running after closing for 521.2 seconds
2025-11-20 11:32:05,665 - DEBUG - <IocpProactor overlapped#=1 result#=1> is running after closing for 522.2 seconds
2025-11-20 11:32:06,679 - DEBUG - <IocpProactor overlapped#=1 result#=1> is running after closing for 523.3 seconds
2025-11-20 11:32:07,694 - DEBUG - <IocpProactor overlapped#=1 result#=1> is running after closing for 524.3 seconds
2025-11-20 11:32:08,704 - DEBUG - <IocpProactor overlapped#=1 result#=1> is running after closing for 525.3 seconds
2025-11-20 11:32:09,712 - DEBUG - <IocpProactor overlapped#=1 result#=1> is running after closing for 526.3 seconds
2025-11-20 11:32:10,714 - DEBUG - <IocpProactor overlapped#=1 result#=1> is running after closing for 527.3 seconds
2025-11-20 11:32:11,726 - DEBUG - <IocpProactor overlapped#=1 result#=1> is running after closing for 528.3 seconds
2025-11-20 11:32:12,728 - DEBUG - <IocpProactor overlapped#=1 result#=1> is running after closing for 529.3 seconds
2025-11-20 11:32:13,730 - DEBUG - <IocpProactor overlapped#=1 result#=1> is running after closing for 530.3 seconds
2025-11-20 11:32:14,730 - DEBUG - <IocpProactor overlapped#=1 result#=1> is running after closing for 531.3 seconds
2025-11-20 11:32:15,731 - DEBUG - <IocpProactor overlapped#=1 result#=1> is running after closing for 532.3 seconds
2025-11-20 11:32:16,745 - DEBUG - <IocpProactor overlapped#=1 result#=1> is running after closing for 533.3 seconds
2025-11-20 11:32:17,747 - DEBUG - <IocpProactor overlapped#=1 result#=1> is running after closing for 534.3 seconds
2025-11-20 11:32:18,751 - DEBUG - <IocpProactor overlapped#=1 result#=1> is running after closing for 535.3 seconds
2025-11-20 11:32:19,761 - DEBUG - <IocpProactor overlapped#=1 result#=1> is running after closing for 536.4 seconds
2025-11-20 11:32:20,772 - DEBUG - <IocpProactor overlapped#=1 result#=1> is running after closing for 537.4 seconds
2025-11-20 11:32:21,777 - DEBUG - <IocpProactor overlapped#=1 result#=1> is running after closing for 538.4 seconds
2025-11-20 11:32:22,792 - DEBUG - <IocpProactor overlapped#=1 result#=1> is running after closing for 539.4 seconds
2025-11-20 11:32:23,797 - DEBUG - <IocpProactor overlapped#=1 result#=1> is running after closing for 540.4 seconds
2025-11-20 11:32:24,800 - DEBUG - <IocpProactor overlapped#=1 result#=1> is running after closing for 541.4 seconds
2025-11-20 11:32:25,807 - DEBUG - <IocpProactor overlapped#=1 result#=1> is running after closing for 542.4 seconds
2025-11-20 11:32:26,819 - DEBUG - <IocpProactor overlapped#=1 result#=1> is running after closing for 543.4 seconds
2025-11-20 11:32:27,833 - DEBUG - <IocpProactor overlapped#=1 result#=1> is running after closing for 544.4 seconds
2025-11-20 11:32:28,842 - DEBUG - <IocpProactor overlapped#=1 result#=1> is running after closing for 545.4 seconds
2025-11-20 11:32:29,852 - DEBUG - <IocpProactor overlapped#=1 result#=1> is running after closing for 546.5 seconds
2025-11-20 11:32:30,865 - DEBUG - <IocpProactor overlapped#=1 result#=1> is running after closing for 547.5 seconds
2025-11-20 11:32:31,878 - DEBUG - <IocpProactor overlapped#=1 result#=1> is running after closing for 548.5 seconds
2025-11-20 11:32:32,878 - DEBUG - <IocpProactor overlapped#=1 result#=1> is running after closing for 549.5 seconds
2025-11-20 11:32:33,879 - DEBUG - <IocpProactor overlapped#=1 result#=1> is running after closing for 550.5 seconds
2025-11-20 11:32:34,883 - DEBUG - <IocpProactor overlapped#=1 result#=1> is running after closing for 551.5 seconds
2025-11-20 11:32:35,896 - DEBUG - <IocpProactor overlapped#=1 result#=1> is running after closing for 552.5 seconds
2025-11-20 11:32:36,897 - DEBUG - <IocpProactor overlapped#=1 result#=1> is running after closing for 553.5 seconds
2025-11-20 11:32:37,912 - DEBUG - <IocpProactor overlapped#=1 result#=1> is running after closing for 554.5 seconds
2025-11-20 11:32:38,915 - DEBUG - <IocpProactor overlapped#=1 result#=1> is running after closing for 555.5 seconds
2025-11-20 11:32:39,925 - DEBUG - <IocpProactor overlapped#=1 result#=1> is running after closing for 556.5 seconds
2025-11-20 11:32:40,930 - DEBUG - <IocpProactor overlapped#=1 result#=1> is running after closing for 557.5 seconds
2025-11-20 11:32:41,940 - DEBUG - <IocpProactor overlapped#=1 result#=1> is running after closing for 558.5 seconds
2025-11-20 11:32:42,955 - DEBUG - <IocpProactor overlapped#=1 result#=1> is running after closing for 559.5 seconds
2025-11-20 11:32:43,963 - DEBUG - <IocpProactor overlapped#=1 result#=1> is running after closing for 560.6 seconds
2025-11-20 11:32:44,976 - DEBUG - <IocpProactor overlapped#=1 result#=1> is running after closing for 561.6 seconds
2025-11-20 11:32:45,979 - DEBUG - <IocpProactor overlapped#=1 result#=1> is running after closing for 562.6 seconds
2025-11-20 11:32:46,986 - DEBUG - <IocpProactor overlapped#=1 result#=1> is running after closing for 563.6 seconds
2025-11-20 11:32:47,996 - DEBUG - <IocpProactor overlapped#=1 result#=1> is running after closing for 564.6 seconds
2025-11-20 11:32:48,997 - DEBUG - <IocpProactor overlapped#=1 result#=1> is running after closing for 565.6 seconds
2025-11-20 11:32:49,998 - DEBUG - <IocpProactor overlapped#=1 result#=1> is running after closing for 566.6 seconds
2025-11-20 11:32:51,013 - DEBUG - <IocpProactor overlapped#=1 result#=1> is running after closing for 567.6 seconds
2025-11-20 11:32:52,026 - DEBUG - <IocpProactor overlapped#=1 result#=1> is running after closing for 568.6 seconds
2025-11-20 11:32:53,029 - DEBUG - <IocpProactor overlapped#=1 result#=1> is running after closing for 569.6 seconds
2025-11-20 11:32:54,043 - DEBUG - <IocpProactor overlapped#=1 result#=1> is running after closing for 570.6 seconds
2025-11-20 11:32:55,056 - DEBUG - <IocpProactor overlapped#=1 result#=1> is running after closing for 571.7 seconds
2025-11-20 11:32:56,069 - DEBUG - <IocpProactor overlapped#=1 result#=1> is running after closing for 572.7 seconds
2025-11-20 11:32:57,072 - DEBUG - <IocpProactor overlapped#=1 result#=1> is running after closing for 573.7 seconds
2025-11-20 11:32:58,084 - DEBUG - <IocpProactor overlapped#=1 result#=1> is running after closing for 574.7 seconds
2025-11-20 11:32:59,097 - DEBUG - <IocpProactor overlapped#=1 result#=1> is running after closing for 575.7 seconds
2025-11-20 11:33:00,107 - DEBUG - <IocpProactor overlapped#=1 result#=1> is running after closing for 576.7 seconds
2025-11-20 11:33:01,112 - DEBUG - <IocpProactor overlapped#=1 result#=1> is running after closing for 577.7 seconds
2025-11-20 11:33:02,115 - DEBUG - <IocpProactor overlapped#=1 result#=1> is running after closing for 578.7 seconds
2025-11-20 11:33:03,127 - DEBUG - <IocpProactor overlapped#=1 result#=1> is running after closing for 579.7 seconds
2025-11-20 11:33:04,134 - DEBUG - <IocpProactor overlapped#=1 result#=1> is running after closing for 580.7 seconds
2025-11-20 11:33:05,149 - DEBUG - <IocpProactor overlapped#=1 result#=1> is running after closing for 581.8 seconds
2025-11-20 11:33:06,165 - DEBUG - <IocpProactor overlapped#=1 result#=1> is running after closing for 582.8 seconds
2025-11-20 11:33:07,179 - DEBUG - <IocpProactor overlapped#=1 result#=1> is running after closing for 583.8 seconds
2025-11-20 11:33:08,190 - DEBUG - <IocpProactor overlapped#=1 result#=1> is running after closing for 584.8 seconds
2025-11-20 11:33:09,200 - DEBUG - <IocpProactor overlapped#=1 result#=1> is running after closing for 585.8 seconds
2025-11-20 11:33:10,201 - DEBUG - <IocpProactor overlapped#=1 result#=1> is running after closing for 586.8 seconds
2025-11-20 11:33:11,211 - DEBUG - <IocpProactor overlapped#=1 result#=1> is running after closing for 587.8 seconds
2025-11-20 11:33:12,217 - DEBUG - <IocpProactor overlapped#=1 result#=1> is running after closing for 588.8 seconds
2025-11-20 11:33:13,223 - DEBUG - <IocpProactor overlapped#=1 result#=1> is running after closing for 589.8 seconds
2025-11-20 11:33:14,228 - DEBUG - <IocpProactor overlapped#=1 result#=1> is running after closing for 590.8 seconds
2025-11-20 11:33:15,232 - DEBUG - <IocpProactor overlapped#=1 result#=1> is running after closing for 591.8 seconds
2025-11-20 11:33:16,233 - DEBUG - <IocpProactor overlapped#=1 result#=1> is running after closing for 592.8 seconds
2025-11-20 11:33:17,247 - DEBUG - <IocpProactor overlapped#=1 result#=1> is running after closing for 593.8 seconds
2025-11-20 11:33:18,248 - DEBUG - <IocpProactor overlapped#=1 result#=1> is running after closing for 594.8 seconds
2025-11-20 11:33:19,261 - DEBUG - <IocpProactor overlapped#=1 result#=1> is running after closing for 595.9 seconds
2025-11-20 11:33:20,261 - DEBUG - <IocpProactor overlapped#=1 result#=1> is running after closing for 596.9 seconds
2025-11-20 11:33:21,263 - DEBUG - <IocpProactor overlapped#=1 result#=1> is running after closing for 597.9 seconds
2025-11-20 11:33:22,277 - DEBUG - <IocpProactor overlapped#=1 result#=1> is running after closing for 598.9 seconds
2025-11-20 11:33:23,278 - DEBUG - <IocpProactor overlapped#=1 result#=1> is running after closing for 599.9 seconds
2025-11-20 11:33:24,279 - DEBUG - <IocpProactor overlapped#=1 result#=1> is running after closing for 600.9 seconds
2025-11-20 11:33:25,283 - DEBUG - <IocpProactor overlapped#=1 result#=1> is running after closing for 601.9 seconds
2025-11-20 11:33:26,297 - DEBUG - <IocpProactor overlapped#=1 result#=1> is running after closing for 602.9 seconds
2025-11-20 11:33:27,300 - DEBUG - <IocpProactor overlapped#=1 result#=1> is running after closing for 603.9 seconds
2025-11-20 11:33:28,307 - DEBUG - <IocpProactor overlapped#=1 result#=1> is running after closing for 604.9 seconds
2025-11-20 11:33:29,310 - DEBUG - <IocpProactor overlapped#=1 result#=1> is running after closing for 605.9 seconds
2025-11-20 11:33:30,314 - DEBUG - <IocpProactor overlapped#=1 result#=1> is running after closing for 606.9 seconds
2025-11-20 11:33:31,327 - DEBUG - <IocpProactor overlapped#=1 result#=1> is running after closing for 607.9 seconds
2025-11-20 11:33:32,328 - DEBUG - <IocpProactor overlapped#=1 result#=1> is running after closing for 608.9 seconds
2025-11-20 11:33:33,331 - DEBUG - <IocpProactor overlapped#=1 result#=1> is running after closing for 609.9 seconds
2025-11-20 11:33:34,331 - DEBUG - <IocpProactor overlapped#=1 result#=1> is running after closing for 610.9 seconds
2025-11-20 11:33:35,331 - DEBUG - <IocpProactor overlapped#=1 result#=1> is running after closing for 611.9 seconds
2025-11-20 11:33:36,346 - DEBUG - <IocpProactor overlapped#=1 result#=1> is running after closing for 612.9 seconds
2025-11-20 11:33:37,353 - DEBUG - <IocpProactor overlapped#=1 result#=1> is running after closing for 614.0 seconds
2025-11-20 11:33:38,368 - DEBUG - <IocpProactor overlapped#=1 result#=1> is running after closing for 615.0 seconds
2025-11-20 11:33:39,382 - DEBUG - <IocpProactor overlapped#=1 result#=1> is running after closing for 616.0 seconds
2025-11-20 11:33:40,391 - DEBUG - <IocpProactor overlapped#=1 result#=1> is running after closing for 617.0 seconds
2025-11-20 11:33:41,398 - DEBUG - <IocpProactor overlapped#=1 result#=1> is running after closing for 618.0 seconds
2025-11-20 11:33:42,406 - DEBUG - <IocpProactor overlapped#=1 result#=1> is running after closing for 619.0 seconds
2025-11-20 11:33:43,422 - DEBUG - <IocpProactor overlapped#=1 result#=1> is running after closing for 620.0 seconds
2025-11-20 11:33:44,425 - DEBUG - <IocpProactor overlapped#=1 result#=1> is running after closing for 621.0 seconds
2025-11-20 11:33:45,426 - DEBUG - <IocpProactor overlapped#=1 result#=1> is running after closing for 622.0 seconds
2025-11-20 11:33:46,427 - DEBUG - <IocpProactor overlapped#=1 result#=1> is running after closing for 623.0 seconds
2025-11-20 11:33:47,427 - DEBUG - <IocpProactor overlapped#=1 result#=1> is running after closing for 624.0 seconds
2025-11-20 11:33:48,442 - DEBUG - <IocpProactor overlapped#=1 result#=1> is running after closing for 625.0 seconds
2025-11-20 11:33:49,444 - DEBUG - <IocpProactor overlapped#=1 result#=1> is running after closing for 626.0 seconds
2025-11-20 11:33:50,459 - DEBUG - <IocpProactor overlapped#=1 result#=1> is running after closing for 627.1 seconds
2025-11-20 11:33:51,473 - DEBUG - <IocpProactor overlapped#=1 result#=1> is running after closing for 628.1 seconds
2025-11-20 11:33:52,485 - DEBUG - <IocpProactor overlapped#=1 result#=1> is running after closing for 629.1 seconds
2025-11-20 11:33:53,495 - DEBUG - <IocpProactor overlapped#=1 result#=1> is running after closing for 630.1 seconds
2025-11-20 11:33:54,508 - DEBUG - <IocpProactor overlapped#=1 result#=1> is running after closing for 631.1 seconds
2025-11-20 11:33:55,521 - DEBUG - <IocpProactor overlapped#=1 result#=1> is running after closing for 632.1 seconds
2025-11-20 11:33:56,522 - DEBUG - <IocpProactor overlapped#=1 result#=1> is running after closing for 633.1 seconds
2025-11-20 11:33:57,537 - DEBUG - <IocpProactor overlapped#=1 result#=1> is running after closing for 634.1 seconds
2025-11-20 11:33:58,549 - DEBUG - <IocpProactor overlapped#=1 result#=1> is running after closing for 635.1 seconds
2025-11-20 11:33:59,554 - DEBUG - <IocpProactor overlapped#=1 result#=1> is running after closing for 636.2 seconds
2025-11-20 11:34:00,556 - DEBUG - <IocpProactor overlapped#=1 result#=1> is running after closing for 637.2 seconds
2025-11-20 11:34:01,559 - DEBUG - <IocpProactor overlapped#=1 result#=1> is running after closing for 638.2 seconds
2025-11-20 11:34:02,560 - DEBUG - <IocpProactor overlapped#=1 result#=1> is running after closing for 639.2 seconds
2025-11-20 11:34:03,573 - DEBUG - <IocpProactor overlapped#=1 result#=1> is running after closing for 640.2 seconds
2025-11-20 11:34:04,585 - DEBUG - <IocpProactor overlapped#=1 result#=1> is running after closing for 641.2 seconds
2025-11-20 11:34:05,599 - DEBUG - <IocpProactor overlapped#=1 result#=1> is running after closing for 642.2 seconds
2025-11-20 11:34:06,607 - DEBUG - <IocpProactor overlapped#=1 result#=1> is running after closing for 643.2 seconds
2025-11-20 11:34:07,609 - DEBUG - <IocpProactor overlapped#=1 result#=1> is running after closing for 644.2 seconds
2025-11-20 11:34:08,609 - DEBUG - <IocpProactor overlapped#=1 result#=1> is running after closing for 645.2 seconds
2025-11-20 11:34:09,612 - DEBUG - <IocpProactor overlapped#=1 result#=1> is running after closing for 646.2 seconds
2025-11-20 11:34:10,615 - DEBUG - <IocpProactor overlapped#=1 result#=1> is running after closing for 647.2 seconds
2025-11-20 11:34:11,619 - DEBUG - <IocpProactor overlapped#=1 result#=1> is running after closing for 648.2 seconds
2025-11-20 11:34:12,631 - DEBUG - <IocpProactor overlapped#=1 result#=1> is running after closing for 649.2 seconds
2025-11-20 11:34:13,643 - DEBUG - <IocpProactor overlapped#=1 result#=1> is running after closing for 650.2 seconds
2025-11-20 11:34:14,646 - DEBUG - <IocpProactor overlapped#=1 result#=1> is running after closing for 651.2 seconds
2025-11-20 11:34:15,659 - DEBUG - <IocpProactor overlapped#=1 result#=1> is running after closing for 652.2 seconds
2025-11-20 11:34:16,674 - DEBUG - <IocpProactor overlapped#=1 result#=1> is running after closing for 653.3 seconds
2025-11-20 11:34:17,675 - DEBUG - <IocpProactor overlapped#=1 result#=1> is running after closing for 654.3 seconds
2025-11-20 11:34:18,678 - DEBUG - <IocpProactor overlapped#=1 result#=1> is running after closing for 655.3 seconds
2025-11-20 11:34:19,691 - DEBUG - <IocpProactor overlapped#=1 result#=1> is running after closing for 656.3 seconds
2025-11-20 11:34:20,707 - DEBUG - <IocpProactor overlapped#=1 result#=1> is running after closing for 657.3 seconds
2025-11-20 11:34:21,722 - DEBUG - <IocpProactor overlapped#=1 result#=1> is running after closing for 658.3 seconds
2025-11-20 11:34:22,736 - DEBUG - <IocpProactor overlapped#=1 result#=1> is running after closing for 659.3 seconds
2025-11-20 11:34:23,738 - DEBUG - <IocpProactor overlapped#=1 result#=1> is running after closing for 660.3 seconds
2025-11-20 11:34:24,739 - DEBUG - <IocpProactor overlapped#=1 result#=1> is running after closing for 661.3 seconds
2025-11-20 11:34:25,755 - DEBUG - <IocpProactor overlapped#=1 result#=1> is running after closing for 662.3 seconds
2025-11-20 11:34:26,770 - DEBUG - <IocpProactor overlapped#=1 result#=1> is running after closing for 663.4 seconds
2025-11-20 11:34:27,786 - DEBUG - <IocpProactor overlapped#=1 result#=1> is running after closing for 664.4 seconds
2025-11-20 11:34:28,797 - DEBUG - <IocpProactor overlapped#=1 result#=1> is running after closing for 665.4 seconds
2025-11-20 11:34:29,803 - DEBUG - <IocpProactor overlapped#=1 result#=1> is running after closing for 666.4 seconds
2025-11-20 11:34:30,807 - DEBUG - <IocpProactor overlapped#=1 result#=1> is running after closing for 667.4 seconds
2025-11-20 11:34:31,816 - DEBUG - <IocpProactor overlapped#=1 result#=1> is running after closing for 668.4 seconds
2025-11-20 11:34:32,826 - DEBUG - <IocpProactor overlapped#=1 result#=1> is running after closing for 669.4 seconds
2025-11-20 11:34:33,837 - DEBUG - <IocpProactor overlapped#=1 result#=1> is running after closing for 670.4 seconds
2025-11-20 11:34:34,842 - DEBUG - <IocpProactor overlapped#=1 result#=1> is running after closing for 671.4 seconds
2025-11-20 11:34:35,845 - DEBUG - <IocpProactor overlapped#=1 result#=1> is running after closing for 672.4 seconds
2025-11-20 11:34:36,845 - DEBUG - <IocpProactor overlapped#=1 result#=1> is running after closing for 673.4 seconds
2025-11-20 11:34:37,845 - DEBUG - <IocpProactor overlapped#=1 result#=1> is running after closing for 674.4 seconds
2025-11-20 11:34:38,846 - DEBUG - <IocpProactor overlapped#=1 result#=1> is running after closing for 675.4 seconds
2025-11-20 11:34:39,858 - DEBUG - <IocpProactor overlapped#=1 result#=1> is running after closing for 676.5 seconds
2025-11-20 11:34:40,862 - DEBUG - <IocpProactor overlapped#=1 result#=1> is running after closing for 677.5 seconds
2025-11-20 11:34:41,875 - DEBUG - <IocpProactor overlapped#=1 result#=1> is running after closing for 678.5 seconds
2025-11-20 11:34:42,875 - DEBUG - <IocpProactor overlapped#=1 result#=1> is running after closing for 679.5 seconds
2025-11-20 11:34:43,878 - DEBUG - <IocpProactor overlapped#=1 result#=1> is running after closing for 680.5 seconds
2025-11-20 11:34:44,890 - DEBUG - <IocpProactor overlapped#=1 result#=1> is running after closing for 681.5 seconds
2025-11-20 11:34:45,895 - DEBUG - <IocpProactor overlapped#=1 result#=1> is running after closing for 682.5 seconds
2025-11-20 11:34:46,909 - DEBUG - <IocpProactor overlapped#=1 result#=1> is running after closing for 683.5 seconds
2025-11-20 11:34:47,923 - DEBUG - <IocpProactor overlapped#=1 result#=1> is running after closing for 684.5 seconds
2025-11-20 11:34:48,925 - DEBUG - <IocpProactor overlapped#=1 result#=1> is running after closing for 685.5 seconds
2025-11-20 11:34:49,928 - DEBUG - <IocpProactor overlapped#=1 result#=1> is running after closing for 686.5 seconds
2025-11-20 11:34:50,928 - DEBUG - <IocpProactor overlapped#=1 result#=1> is running after closing for 687.5 seconds
2025-11-20 11:34:51,928 - DEBUG - <IocpProactor overlapped#=1 result#=1> is running after closing for 688.5 seconds
2025-11-20 11:34:52,929 - DEBUG - <IocpProactor overlapped#=1 result#=1> is running after closing for 689.5 seconds
2025-11-20 11:34:53,941 - DEBUG - <IocpProactor overlapped#=1 result#=1> is running after closing for 690.5 seconds
2025-11-20 11:34:54,943 - DEBUG - <IocpProactor overlapped#=1 result#=1> is running after closing for 691.5 seconds
2025-11-20 11:34:55,944 - DEBUG - <IocpProactor overlapped#=1 result#=1> is running after closing for 692.5 seconds
2025-11-20 11:34:56,960 - DEBUG - <IocpProactor overlapped#=1 result#=1> is running after closing for 693.6 seconds
2025-11-20 11:34:57,974 - DEBUG - <IocpProactor overlapped#=1 result#=1> is running after closing for 694.6 seconds
2025-11-20 11:34:58,979 - DEBUG - <IocpProactor overlapped#=1 result#=1> is running after closing for 695.6 seconds
2025-11-20 11:34:59,991 - DEBUG - <IocpProactor overlapped#=1 result#=1> is running after closing for 696.6 seconds
2025-11-20 11:35:01,005 - DEBUG - <IocpProactor overlapped#=1 result#=1> is running after closing for 697.6 seconds
2025-11-20 11:35:02,017 - DEBUG - <IocpProactor overlapped#=1 result#=1> is running after closing for 698.6 seconds
2025-11-20 11:35:03,030 - DEBUG - <IocpProactor overlapped#=1 result#=1> is running after closing for 699.6 seconds
2025-11-20 11:35:04,042 - DEBUG - <IocpProactor overlapped#=1 result#=1> is running after closing for 700.6 seconds
2025-11-20 11:35:05,053 - DEBUG - <IocpProactor overlapped#=1 result#=1> is running after closing for 701.7 seconds
2025-11-20 11:35:06,056 - DEBUG - <IocpProactor overlapped#=1 result#=1> is running after closing for 702.7 seconds
2025-11-20 11:35:07,067 - DEBUG - <IocpProactor overlapped#=1 result#=1> is running after closing for 703.7 seconds
2025-11-20 11:35:08,068 - DEBUG - <IocpProactor overlapped#=1 result#=1> is running after closing for 704.7 seconds
2025-11-20 11:35:09,070 - DEBUG - <IocpProactor overlapped#=1 result#=1> is running after closing for 705.7 seconds
2025-11-20 11:35:10,080 - DEBUG - <IocpProactor overlapped#=1 result#=1> is running after closing for 706.7 seconds
2025-11-20 11:35:11,091 - DEBUG - <IocpProactor overlapped#=1 result#=1> is running after closing for 707.7 seconds
2025-11-20 11:35:12,108 - DEBUG - <IocpProactor overlapped#=1 result#=1> is running after closing for 708.7 seconds
2025-11-20 11:35:13,120 - DEBUG - <IocpProactor overlapped#=1 result#=1> is running after closing for 709.7 seconds
2025-11-20 11:35:14,131 - DEBUG - <IocpProactor overlapped#=1 result#=1> is running after closing for 710.7 seconds
2025-11-20 11:35:15,145 - DEBUG - <IocpProactor overlapped#=1 result#=1> is running after closing for 711.8 seconds
2025-11-20 11:43:40,123 - INFO - ======================================================================
2025-11-20 11:43:40,123 - INFO - PLAYWRIGHT AUTOMATION RUNNER
2025-11-20 11:43:40,124 - INFO - ======================================================================
2025-11-20 11:43:40,124 - INFO - Account: CIM02
2025-11-20 11:43:40,125 - INFO - Date: 20/10/2025
2025-11-20 11:43:40,125 - INFO - Amount: 100.0
2025-11-20 11:43:40,126 - INFO - Headless Mode: False
2025-11-20 11:43:40,126 - INFO - ======================================================================
2025-11-20 11:43:40,126 - INFO - 
🚀 Starting complete automation workflow...

2025-11-20 11:43:40,126 - INFO - 
======================================================================
2025-11-20 11:43:40,127 - INFO - STEP 1: CA MATCH PROCESS
2025-11-20 11:43:40,127 - INFO - ======================================================================
2025-11-20 11:43:40,963 - INFO - Starting CA Match process...
2025-11-20 11:54:50,362 - WARNING - Could not determine dtype for column 1, falling back to string
2025-11-20 11:54:50,362 - WARNING - Could not determine dtype for column 6, falling back to string
2025-11-20 11:54:50,362 - WARNING - Could not determine dtype for column 8, falling back to string
2025-11-20 11:54:50,362 - WARNING - Could not determine dtype for column 9, falling back to string
2025-11-20 11:54:50,362 - WARNING - Could not determine dtype for column 11, falling back to string
2025-11-20 11:54:50,364 - WARNING - Could not determine dtype for column 13, falling back to string
2025-11-20 11:54:50,364 - WARNING - Could not determine dtype for column 14, falling back to string
2025-11-20 11:54:50,364 - WARNING - Could not determine dtype for column 17, falling back to string
2025-11-20 11:54:50,364 - WARNING - Could not determine dtype for column 18, falling back to string
2025-11-20 11:54:50,364 - WARNING - Could not determine dtype for column 20, falling back to string
2025-11-20 11:56:46,410 - WARNING - Could not determine dtype for column 2, falling back to string
2025-11-20 11:56:46,410 - WARNING - Could not determine dtype for column 11, falling back to string
2025-11-20 11:56:46,411 - WARNING - Could not determine dtype for column 12, falling back to string
2025-11-20 12:09:25,658 - INFO - Loaded 102 bank transactions and 3810 company transactions
2025-11-20 12:09:25,666 - INFO - Starting Stage 1: Traditional reconciliation pipeline...
2025-11-20 12:09:25,697 - DEBUG - MBB02 credit card matcher skipped: support module not available
2025-11-20 12:09:25,700 - INFO - Finding transaction ID matches...
2025-11-20 12:09:51,641 - INFO - Finding bank charges...
2025-11-20 12:09:51,652 - DEBUG - After bank charges detection: 1 matched (added 1)
2025-11-20 12:09:51,653 - INFO - Detected 1 bank charges
2025-11-20 12:09:51,655 - INFO - Finding Reverse CE GL matches...
2025-11-20 12:09:52,795 - INFO - Found 2 Reverse CE GL matches
2025-11-20 12:09:52,800 - INFO - Finding name and amount matches...
2025-11-20 12:10:40,509 - INFO - Found 100 name and amount matches
2025-11-20 12:10:40,511 - INFO - Finding Hungarian 1:1 matches...
2025-11-20 12:10:41,982 - INFO - Hungarian 1:1: 0 matches | pairs scored=45, kept=0, time=1.47s
2025-11-20 12:10:41,985 - INFO - Finding enhanced 1:1 matches...
2025-11-20 12:10:43,300 - INFO - Found 0 enhanced 1:1 matches
2025-11-20 12:10:43,302 - INFO - Finding amount and date matches...
2025-11-20 12:10:43,523 - INFO - Found 0 amount and date matches
2025-11-20 12:10:43,525 - INFO - Finding fuzzy matches...
2025-11-20 12:28:16,131 - INFO - ======================================================================
2025-11-20 12:28:16,132 - INFO - PLAYWRIGHT AUTOMATION RUNNER
2025-11-20 12:28:16,133 - INFO - ======================================================================
2025-11-20 12:28:16,133 - INFO - Account: CIM02
2025-11-20 12:28:16,133 - INFO - Date: 20/10/2025
2025-11-20 12:28:16,134 - INFO - Amount: 100.0
2025-11-20 12:28:16,134 - INFO - Headless Mode: False
2025-11-20 12:28:16,134 - INFO - ======================================================================
2025-11-20 12:28:16,135 - INFO - 
🚀 Starting complete automation workflow...

2025-11-20 12:28:16,135 - INFO - 
======================================================================
2025-11-20 12:28:16,136 - INFO - STEP 1: CA MATCH PROCESS
2025-11-20 12:28:16,136 - INFO - ======================================================================
2025-11-20 12:28:17,309 - INFO - Starting CA Match process...
2025-11-20 12:39:40,980 - WARNING - Could not determine dtype for column 1, falling back to string
2025-11-20 12:39:40,980 - WARNING - Could not determine dtype for column 6, falling back to string
2025-11-20 12:39:40,982 - WARNING - Could not determine dtype for column 8, falling back to string
2025-11-20 12:39:40,982 - WARNING - Could not determine dtype for column 9, falling back to string
2025-11-20 12:39:40,982 - WARNING - Could not determine dtype for column 11, falling back to string
2025-11-20 12:39:40,982 - WARNING - Could not determine dtype for column 13, falling back to string
2025-11-20 12:39:40,983 - WARNING - Could not determine dtype for column 14, falling back to string
2025-11-20 12:39:40,983 - WARNING - Could not determine dtype for column 17, falling back to string
2025-11-20 12:39:40,983 - WARNING - Could not determine dtype for column 18, falling back to string
2025-11-20 12:39:40,984 - WARNING - Could not determine dtype for column 20, falling back to string
2025-11-20 12:41:59,742 - WARNING - Could not determine dtype for column 2, falling back to string
2025-11-20 12:41:59,742 - WARNING - Could not determine dtype for column 11, falling back to string
2025-11-20 12:41:59,742 - WARNING - Could not determine dtype for column 12, falling back to string
2025-11-20 12:55:03,095 - INFO - Loaded 102 bank transactions and 3810 company transactions
2025-11-20 12:55:03,103 - INFO - Starting Stage 1: Traditional reconciliation pipeline...
2025-11-20 12:55:03,128 - DEBUG - MBB02 credit card matcher skipped: support module not available
2025-11-20 12:55:03,135 - INFO - Finding transaction ID matches...
2025-11-20 12:55:28,211 - INFO - Finding bank charges...
2025-11-20 12:55:28,228 - DEBUG - After bank charges detection: 1 matched (added 1)
2025-11-20 12:55:28,230 - INFO - Detected 1 bank charges
2025-11-20 12:55:28,230 - INFO - Finding Reverse CE GL matches...
2025-11-20 12:55:29,306 - INFO - Found 2 Reverse CE GL matches
2025-11-20 12:55:29,310 - INFO - Finding name and amount matches...
2025-11-20 12:56:16,943 - INFO - Found 100 name and amount matches
2025-11-20 12:56:16,945 - INFO - Finding Hungarian 1:1 matches...
2025-11-20 12:56:18,246 - INFO - Hungarian 1:1: 0 matches | pairs scored=45, kept=0, time=1.30s
2025-11-20 12:56:18,249 - INFO - Finding enhanced 1:1 matches...
2025-11-20 12:56:19,701 - INFO - Found 0 enhanced 1:1 matches
2025-11-20 12:56:19,704 - INFO - Finding amount and date matches...
2025-11-20 12:56:19,941 - INFO - Found 0 amount and date matches
2025-11-20 12:56:19,943 - INFO - Finding fuzzy matches...
2025-11-20 13:17:32,996 - INFO - ✅ CA Match completed: 102 records processed
2025-11-20 13:17:33,023 - INFO - 
======================================================================
2025-11-20 13:17:33,024 - INFO - ✅ COMPLETE AUTOMATION WORKFLOW FINISHED SUCCESSFULLY
2025-11-20 13:17:33,024 - INFO - ======================================================================
2025-11-20 13:17:33,025 - INFO - 
Workflow Summary:
2025-11-20 13:17:33,025 - INFO -   ✅ CA Match Process - Completed
2025-11-20 13:17:33,026 - INFO -   ✅ Extract Reconciliation Statement - Completed (chained)
2025-11-20 13:17:33,026 - INFO -   ✅ RaasPlus Reconciliation - Completed (chained)
2025-11-20 13:17:33,026 - INFO -   ✅ Match Statement - Completed (chained)
2025-11-20 13:17:33,028 - INFO - 
All processes completed successfully!
2025-11-20 13:17:33,028 - INFO - Check logs for detailed information.
2025-11-20 13:17:33,028 - INFO - ======================================================================
2025-11-20 16:01:42,383 - INFO - ======================================================================
2025-11-20 16:01:42,384 - INFO - PLAYWRIGHT AUTOMATION RUNNER
2025-11-20 16:01:42,384 - INFO - ======================================================================
2025-11-20 16:01:42,384 - INFO - Account: CIM02
2025-11-20 16:01:42,384 - INFO - Date: 20/10/2025
2025-11-20 16:01:42,384 - INFO - Amount: 100.0
2025-11-20 16:01:42,384 - INFO - Headless Mode: False
2025-11-20 16:01:42,384 - INFO - ======================================================================
2025-11-20 16:01:42,384 - INFO - 
🚀 Starting complete automation workflow...

2025-11-20 16:01:42,384 - INFO - 
======================================================================
2025-11-20 16:01:42,386 - INFO - STEP 1: CA MATCH PROCESS
2025-11-20 16:01:42,386 - INFO - ======================================================================
2025-11-20 16:01:50,296 - INFO - Starting CA Match process...
2025-11-20 16:08:02,573 - WARNING - Could not determine dtype for column 1, falling back to string
2025-11-20 16:08:02,574 - WARNING - Could not determine dtype for column 6, falling back to string
2025-11-20 16:08:02,574 - WARNING - Could not determine dtype for column 8, falling back to string
2025-11-20 16:08:02,574 - WARNING - Could not determine dtype for column 9, falling back to string
2025-11-20 16:08:02,574 - WARNING - Could not determine dtype for column 11, falling back to string
2025-11-20 16:08:02,574 - WARNING - Could not determine dtype for column 13, falling back to string
2025-11-20 16:08:02,574 - WARNING - Could not determine dtype for column 14, falling back to string
2025-11-20 16:08:02,574 - WARNING - Could not determine dtype for column 17, falling back to string
2025-11-20 16:08:02,574 - WARNING - Could not determine dtype for column 18, falling back to string
2025-11-20 16:08:02,574 - WARNING - Could not determine dtype for column 20, falling back to string
2025-11-20 16:10:12,876 - WARNING - Could not determine dtype for column 2, falling back to string
2025-11-20 16:10:12,877 - WARNING - Could not determine dtype for column 11, falling back to string
2025-11-20 16:10:12,877 - WARNING - Could not determine dtype for column 12, falling back to string
2025-11-20 16:18:44,824 - INFO - Loaded 53 bank transactions and 3761 company transactions
2025-11-20 16:18:44,829 - INFO - Starting Stage 1: Traditional reconciliation pipeline...
2025-11-20 16:18:44,852 - DEBUG - MBB02 credit card matcher skipped: support module not available
2025-11-20 16:18:44,853 - INFO - Finding transaction ID matches...
2025-11-20 16:18:50,151 - INFO - Finding bank charges...
2025-11-20 16:18:50,159 - DEBUG - After bank charges detection: 1 matched (added 1)
2025-11-20 16:18:50,160 - INFO - Detected 1 bank charges
2025-11-20 16:18:50,161 - INFO - Finding Reverse CE GL matches...
2025-11-20 16:18:50,597 - INFO - Found 2 Reverse CE GL matches
2025-11-20 16:18:50,600 - INFO - Finding name and amount matches...
2025-11-20 16:19:00,728 - INFO - Found 51 name and amount matches
2025-11-20 16:19:00,730 - INFO - Finding Hungarian 1:1 matches...
2025-11-20 16:19:05,109 - INFO - Hungarian 1:1: 0 matches | pairs scored=45, kept=0, time=4.38s
2025-11-20 16:19:05,112 - INFO - Finding enhanced 1:1 matches...
2025-11-20 16:19:05,702 - INFO - Found 0 enhanced 1:1 matches
2025-11-20 16:19:05,703 - INFO - Finding amount and date matches...
2025-11-20 16:19:05,793 - INFO - Found 0 amount and date matches
2025-11-20 16:19:05,794 - INFO - Finding fuzzy matches...
2025-11-20 16:29:52,368 - INFO - ✅ CA Match completed: 53 records processed
2025-11-20 16:29:52,388 - INFO - 
======================================================================
2025-11-20 16:29:52,389 - INFO - ✅ COMPLETE AUTOMATION WORKFLOW FINISHED SUCCESSFULLY
2025-11-20 16:29:52,389 - INFO - ======================================================================
2025-11-20 16:29:52,389 - INFO - 
Workflow Summary:
2025-11-20 16:29:52,390 - INFO -   ✅ CA Match Process - Completed
2025-11-20 16:29:52,390 - INFO -   ✅ Extract Reconciliation Statement - Completed (chained)
2025-11-20 16:29:52,390 - INFO -   ✅ RaasPlus Reconciliation - Completed (chained)
2025-11-20 16:29:52,390 - INFO -   ✅ Match Statement - Completed (chained)
2025-11-20 16:29:52,390 - INFO - 
All processes completed successfully!
2025-11-20 16:29:52,390 - INFO - Check logs for detailed information.
2025-11-20 16:29:52,391 - INFO - ======================================================================
2025-11-21 11:32:04,238 - INFO - ======================================================================
2025-11-21 11:32:04,238 - INFO - PLAYWRIGHT AUTOMATION RUNNER
2025-11-21 11:32:04,238 - INFO - ======================================================================
2025-11-21 11:32:04,240 - INFO - Account: CIM02
2025-11-21 11:32:04,240 - INFO - Date: 21/10/2025
2025-11-21 11:32:04,240 - INFO - Amount: 100.0
2025-11-21 11:32:04,240 - INFO - Headless Mode: False
2025-11-21 11:32:04,240 - INFO - ======================================================================
2025-11-21 11:32:04,240 - INFO - 
🚀 Starting complete automation workflow...

2025-11-21 11:32:04,240 - WARNING - ⏭️  Skipping CA Match Process (--skip-ca-match)
2025-11-21 11:32:04,241 - INFO - 
======================================================================
2025-11-21 11:32:04,241 - INFO - ✅ COMPLETE AUTOMATION WORKFLOW FINISHED SUCCESSFULLY
2025-11-21 11:32:04,241 - INFO - ======================================================================
2025-11-21 11:32:04,241 - INFO - 
Workflow Summary:
2025-11-21 11:32:04,241 - INFO -   ✅ CA Match Process - Completed
2025-11-21 11:32:04,241 - INFO -   ✅ Extract Reconciliation Statement - Completed (chained)
2025-11-21 11:32:04,241 - INFO -   ✅ RaasPlus Reconciliation - Completed (chained)
2025-11-21 11:32:04,241 - INFO -   ✅ Match Statement - Completed (chained)
2025-11-21 11:32:04,241 - INFO - 
All processes completed successfully!
2025-11-21 11:32:04,241 - INFO - Check logs for detailed information.
2025-11-21 11:32:04,241 - INFO - ======================================================================
2025-11-21 11:43:49,113 - INFO - ======================================================================
2025-11-21 11:43:49,114 - INFO - PLAYWRIGHT AUTOMATION RUNNER
2025-11-21 11:43:49,114 - INFO - ======================================================================
2025-11-21 11:43:49,114 - INFO - Account: CIM02
2025-11-21 11:43:49,114 - INFO - Date: 21/10/2025
2025-11-21 11:43:49,114 - INFO - Amount: 100.0
2025-11-21 11:43:49,114 - INFO - Headless Mode: False
2025-11-21 11:43:49,115 - INFO - ======================================================================
2025-11-21 11:43:49,115 - INFO - 
🚀 Starting complete automation workflow...

2025-11-21 11:43:49,115 - INFO - 
======================================================================
2025-11-21 11:43:49,116 - INFO - STEP 1: CA MATCH PROCESS
2025-11-21 11:43:49,116 - INFO - ======================================================================
2025-11-21 11:43:49,570 - INFO - Starting CA Match process...
2025-11-21 11:46:16,746 - ERROR - Future exception was never retrieved
future: <Future finished exception=TargetClosedError('Target page, context or browser has been closed')>
playwright._impl._errors.TargetClosedError: Target page, context or browser has been closed
2025-11-21 11:46:16,746 - ERROR - Future exception was never retrieved
future: <Future finished exception=TargetClosedError('Target page, context or browser has been closed')>
playwright._impl._errors.TargetClosedError: Target page, context or browser has been closed
2025-11-21 11:46:16,789 - ERROR - Future exception was never retrieved
future: <Future finished exception=TargetClosedError('Target page, context or browser has been closed')>
playwright._impl._errors.TargetClosedError: Target page, context or browser has been closed
2025-11-21 11:49:53,051 - INFO - ======================================================================
2025-11-21 11:49:53,051 - INFO - PLAYWRIGHT AUTOMATION RUNNER
2025-11-21 11:49:53,051 - INFO - ======================================================================
2025-11-21 11:49:53,051 - INFO - Account: CIM02
2025-11-21 11:49:53,051 - INFO - Date: 21/10/2025
2025-11-21 11:49:53,051 - INFO - Amount: 100.0
2025-11-21 11:49:53,052 - INFO - Headless Mode: False
2025-11-21 11:49:53,052 - INFO - ======================================================================
2025-11-21 11:49:53,052 - INFO - 
🚀 Starting complete automation workflow...

2025-11-21 11:49:53,052 - INFO - 
======================================================================
2025-11-21 11:49:53,052 - INFO - STEP 1: CA MATCH PROCESS
2025-11-21 11:49:53,052 - INFO - ======================================================================
2025-11-21 11:49:53,466 - INFO - Starting CA Match process...
2025-11-21 11:49:59,037 - ERROR - ❌ CA Match failed: Page.wait_for_timeout: Target page, context or browser has been closed
Traceback (most recent call last):
  File "c:\Users\Lenovo\OneDrive - Cognitive Consulting Sdn Bhd (1)\Desktop\SegmentationCompressionWork\PlayWright-Extractor\run_playwright.py", line 133, in run_ca_match
    records = process_bank_transactions(
              ^^^^^^^^^^^^^^^^^^^^^^^^^^
  File "c:\Users\Lenovo\OneDrive - Cognitive Consulting Sdn Bhd (1)\Desktop\SegmentationCompressionWork\PlayWright-Extractor\CA_Match_Process_Optimized.py", line 643, in process_bank_transactions
    return processor.run()
           ^^^^^^^^^^^^^^^
  File "c:\Users\Lenovo\OneDrive - Cognitive Consulting Sdn Bhd (1)\Desktop\SegmentationCompressionWork\PlayWright-Extractor\CA_Match_Process_Optimized.py", line 532, in run
    functions.navigatePage(self.page, "Process Bank Records")
  File "c:\Users\Lenovo\OneDrive - Cognitive Consulting Sdn Bhd (1)\Desktop\SegmentationCompressionWork\PlayWright-Extractor\functions.py", line 26, in navigatePage
    page.wait_for_timeout(1000)  # wait 1 second
    ^^^^^^^^^^^^^^^^^^^^^^^^^^^
  File "C:\Users\Lenovo\OneDrive - Cognitive Consulting Sdn Bhd (1)\Desktop\SegmentationCompressionWork\PlayWright-Extractor\.venv_clean\Lib\site-packages\playwright\sync_api\_generated.py", line 11496, in wait_for_timeout
    self._sync(self._impl_obj.wait_for_timeout(timeout=timeout))
  File "C:\Users\Lenovo\OneDrive - Cognitive Consulting Sdn Bhd (1)\Desktop\SegmentationCompressionWork\PlayWright-Extractor\.venv_clean\Lib\site-packages\playwright\_impl\_sync_base.py", line 115, in _sync
    return task.result()
           ^^^^^^^^^^^^^
  File "C:\Users\Lenovo\OneDrive - Cognitive Consulting Sdn Bhd (1)\Desktop\SegmentationCompressionWork\PlayWright-Extractor\.venv_clean\Lib\site-packages\playwright\_impl\_page.py", line 1103, in wait_for_timeout
    await self._main_frame.wait_for_timeout(timeout)
  File "C:\Users\Lenovo\OneDrive - Cognitive Consulting Sdn Bhd (1)\Desktop\SegmentationCompressionWork\PlayWright-Extractor\.venv_clean\Lib\site-packages\playwright\_impl\_frame.py", line 844, in wait_for_timeout
    await self._channel.send("waitForTimeout", None, {"waitTimeout": timeout})
  File "C:\Users\Lenovo\OneDrive - Cognitive Consulting Sdn Bhd (1)\Desktop\SegmentationCompressionWork\PlayWright-Extractor\.venv_clean\Lib\site-packages\playwright\_impl\_connection.py", line 69, in send
    return await self._connection.wrap_api_call(
           ^^^^^^^^^^^^^^^^^^^^^^^^^^^^^^^^^^^^^
  File "C:\Users\Lenovo\OneDrive - Cognitive Consulting Sdn Bhd (1)\Desktop\SegmentationCompressionWork\PlayWright-Extractor\.venv_clean\Lib\site-packages\playwright\_impl\_connection.py", line 559, in wrap_api_call
    raise rewrite_error(error, f"{parsed_st['apiName']}: {error}") from None
playwright._impl._errors.TargetClosedError: Page.wait_for_timeout: Target page, context or browser has been closed
2025-11-21 11:49:59,040 - ERROR - 
======================================================================
2025-11-21 11:49:59,040 - ERROR - ❌ AUTOMATION WORKFLOW FAILED
2025-11-21 11:49:59,040 - ERROR - ======================================================================
2025-11-21 11:49:59,040 - ERROR - Error: Page.wait_for_timeout: Target page, context or browser has been closed
2025-11-21 11:49:59,041 - ERROR - ======================================================================
2025-11-21 12:36:50,314 - INFO - ======================================================================
2025-11-21 12:36:50,314 - INFO - PLAYWRIGHT AUTOMATION RUNNER
2025-11-21 12:36:50,314 - INFO - ======================================================================
2025-11-21 12:36:50,314 - INFO - Account: CIM02
2025-11-21 12:36:50,315 - INFO - Date: 21/10/2025
2025-11-21 12:36:50,315 - INFO - Amount: 100.0
2025-11-21 12:36:50,315 - INFO - Headless Mode: True
2025-11-21 12:36:50,315 - INFO - ======================================================================
2025-11-21 12:36:50,315 - INFO - 
🚀 Starting complete automation workflow...

2025-11-21 12:36:50,315 - INFO - 
======================================================================
2025-11-21 12:36:50,315 - INFO - STEP 1: CA MATCH PROCESS
2025-11-21 12:36:50,315 - INFO - ======================================================================
2025-11-21 12:36:50,761 - INFO - Starting CA Match process...
2025-11-21 12:40:11,178 - WARNING - Could not determine dtype for column 1, falling back to string
2025-11-21 12:40:11,178 - WARNING - Could not determine dtype for column 6, falling back to string
2025-11-21 12:40:11,178 - WARNING - Could not determine dtype for column 8, falling back to string
2025-11-21 12:40:11,178 - WARNING - Could not determine dtype for column 9, falling back to string
2025-11-21 12:40:11,178 - WARNING - Could not determine dtype for column 11, falling back to string
2025-11-21 12:40:11,178 - WARNING - Could not determine dtype for column 13, falling back to string
2025-11-21 12:40:11,178 - WARNING - Could not determine dtype for column 14, falling back to string
2025-11-21 12:40:11,178 - WARNING - Could not determine dtype for column 17, falling back to string
2025-11-21 12:40:11,178 - WARNING - Could not determine dtype for column 18, falling back to string
2025-11-21 12:40:11,178 - WARNING - Could not determine dtype for column 20, falling back to string
2025-11-21 12:42:02,057 - WARNING - Could not determine dtype for column 2, falling back to string
2025-11-21 12:42:02,060 - WARNING - Could not determine dtype for column 11, falling back to string
2025-11-21 12:42:02,060 - WARNING - Could not determine dtype for column 12, falling back to string
2025-11-21 12:46:57,729 - INFO - Loaded 28 bank transactions and 3736 company transactions
2025-11-21 12:46:57,734 - INFO - Starting Stage 1: Traditional reconciliation pipeline...
2025-11-21 12:46:57,752 - DEBUG - MBB02 credit card matcher skipped: support module not available
2025-11-21 12:46:57,754 - INFO - Finding transaction ID matches...
2025-11-21 12:47:00,591 - INFO - Finding bank charges...
2025-11-21 12:47:00,594 - DEBUG - After bank charges detection: 1 matched (added 1)
2025-11-21 12:47:00,594 - INFO - Detected 1 bank charges
2025-11-21 12:47:00,595 - INFO - Finding Reverse CE GL matches...
2025-11-21 12:47:01,053 - INFO - Found 2 Reverse CE GL matches
2025-11-21 12:47:01,057 - INFO - Finding name and amount matches...
2025-11-21 12:47:06,026 - INFO - Found 26 name and amount matches
2025-11-21 12:47:06,027 - INFO - Finding Hungarian 1:1 matches...
2025-11-21 12:47:10,188 - INFO - Hungarian 1:1: 0 matches | pairs scored=45, kept=0, time=4.16s
2025-11-21 12:47:10,191 - INFO - Finding enhanced 1:1 matches...
2025-11-21 12:47:10,843 - INFO - Found 0 enhanced 1:1 matches
2025-11-21 12:47:10,844 - INFO - Finding amount and date matches...
2025-11-21 12:47:10,951 - INFO - Found 0 amount and date matches
2025-11-21 12:47:10,952 - INFO - Finding fuzzy matches...
2025-11-21 12:52:54,705 - INFO - ✅ CA Match completed: 28 records processed
2025-11-21 12:52:54,721 - INFO - 
======================================================================
2025-11-21 12:52:54,721 - INFO - ✅ COMPLETE AUTOMATION WORKFLOW FINISHED SUCCESSFULLY
2025-11-21 12:52:54,721 - INFO - ======================================================================
2025-11-21 12:52:54,722 - INFO - 
Workflow Summary:
2025-11-21 12:52:54,722 - INFO -   ✅ CA Match Process - Completed
2025-11-21 12:52:54,722 - INFO -   ✅ Extract Reconciliation Statement - Completed (chained)
2025-11-21 12:52:54,722 - INFO -   ✅ RaasPlus Reconciliation - Completed (chained)
2025-11-21 12:52:54,722 - INFO -   ✅ Match Statement - Completed (chained)
2025-11-21 12:52:54,722 - INFO - 
All processes completed successfully!
2025-11-21 12:52:54,722 - INFO - Check logs for detailed information.
2025-11-21 12:52:54,722 - INFO - ======================================================================
2025-11-24 13:10:35,850 - INFO - ======================================================================
2025-11-24 13:10:35,850 - INFO - PLAYWRIGHT AUTOMATION RUNNER
2025-11-24 13:10:35,850 - INFO - ======================================================================
2025-11-24 13:10:35,850 - INFO - Account: CIM02
2025-11-24 13:10:35,850 - INFO - Date: 24/10/2025
2025-11-24 13:10:35,850 - INFO - Amount: 100.0
2025-11-24 13:10:35,850 - INFO - Headless Mode: True
2025-11-24 13:10:35,851 - INFO - Downloads Dir: C:\Users\Lenovo\OneDrive - Cognitive Consulting Sdn Bhd (1)\Desktop\SegmentationCompressionWork\PlayWright-Extractor\Downloads
2025-11-24 13:10:35,851 - INFO - ======================================================================
2025-11-24 13:10:35,851 - INFO - 
🚀 Starting complete automation workflow...

2025-11-24 13:10:35,852 - INFO - 
======================================================================
2025-11-24 13:10:35,852 - INFO - STEP 1: CA MATCH PROCESS
2025-11-24 13:10:35,852 - INFO - ======================================================================
2025-11-24 13:10:36,115 - ERROR - Task was destroyed but it is pending!
task: <Task pending name='Task-3' coro=<Connection.run.<locals>.init() running at C:\Users\Lenovo\OneDrive - Cognitive Consulting Sdn Bhd (1)\Desktop\SegmentationCompressionWork\PlayWright-Extractor\.venv_clean\Lib\site-packages\playwright\_impl\_connection.py:310> wait_for=<Future pending cb=[Task.task_wakeup()]> cb=[ProtocolCallback.__init__.<locals>.cb() at C:\Users\Lenovo\OneDrive - Cognitive Consulting Sdn Bhd (1)\Desktop\SegmentationCompressionWork\PlayWright-Extractor\.venv_clean\Lib\site-packages\playwright\_impl\_connection.py:230]>
2025-11-24 13:10:53,301 - INFO - ======================================================================
2025-11-24 13:10:53,301 - INFO - PLAYWRIGHT AUTOMATION RUNNER
2025-11-24 13:10:53,302 - INFO - ======================================================================
2025-11-24 13:10:53,302 - INFO - Account: CIM02
2025-11-24 13:10:53,302 - INFO - Date: 24/10/2025
2025-11-24 13:10:53,303 - INFO - Amount: 100.0
2025-11-24 13:10:53,303 - INFO - Headless Mode: True
2025-11-24 13:10:53,303 - INFO - Downloads Dir: C:\Users\Lenovo\OneDrive - Cognitive Consulting Sdn Bhd (1)\Desktop\SegmentationCompressionWork\PlayWright-Extractor\Downloads
2025-11-24 13:10:53,303 - INFO - ======================================================================
2025-11-24 13:10:53,303 - INFO - 
🚀 Starting complete automation workflow...

2025-11-24 13:10:53,303 - INFO - 
======================================================================
2025-11-24 13:10:53,303 - INFO - STEP 1: CA MATCH PROCESS
2025-11-24 13:10:53,303 - INFO - ======================================================================
2025-11-24 13:10:59,274 - INFO - Starting CA Match process...
2025-11-24 13:13:06,334 - WARNING - Could not determine dtype for column 1, falling back to string
2025-11-24 13:13:06,335 - WARNING - Could not determine dtype for column 6, falling back to string
2025-11-24 13:13:06,335 - WARNING - Could not determine dtype for column 8, falling back to string
2025-11-24 13:13:06,335 - WARNING - Could not determine dtype for column 9, falling back to string
2025-11-24 13:13:06,335 - WARNING - Could not determine dtype for column 11, falling back to string
2025-11-24 13:13:06,335 - WARNING - Could not determine dtype for column 13, falling back to string
2025-11-24 13:13:06,335 - WARNING - Could not determine dtype for column 14, falling back to string
2025-11-24 13:13:06,335 - WARNING - Could not determine dtype for column 17, falling back to string
2025-11-24 13:13:06,335 - WARNING - Could not determine dtype for column 18, falling back to string
2025-11-24 13:13:06,335 - WARNING - Could not determine dtype for column 20, falling back to string
2025-11-24 13:14:59,069 - WARNING - Could not determine dtype for column 2, falling back to string
2025-11-24 13:14:59,069 - WARNING - Could not determine dtype for column 11, falling back to string
2025-11-24 13:14:59,069 - WARNING - Could not determine dtype for column 12, falling back to string
2025-11-24 13:19:32,307 - INFO - Loaded 16 bank transactions and 3724 company transactions
2025-11-24 13:19:32,313 - INFO - Starting Stage 1: Traditional reconciliation pipeline...
2025-11-24 13:19:32,338 - DEBUG - MBB02 credit card matcher skipped: support module not available
2025-11-24 13:19:32,340 - INFO - Finding transaction ID matches...
2025-11-24 13:19:33,675 - INFO - Finding bank charges...
2025-11-24 13:19:33,678 - DEBUG - After bank charges detection: 1 matched (added 1)
2025-11-24 13:19:33,678 - INFO - Detected 1 bank charges
2025-11-24 13:19:33,678 - INFO - Finding Reverse CE GL matches...
2025-11-24 13:19:34,050 - INFO - Found 2 Reverse CE GL matches
2025-11-24 13:19:34,055 - INFO - Finding name and amount matches...
2025-11-24 13:19:36,182 - INFO - Found 14 name and amount matches
2025-11-24 13:19:36,183 - INFO - Finding Hungarian 1:1 matches...
2025-11-24 13:19:39,678 - INFO - Hungarian 1:1: 0 matches | pairs scored=45, kept=0, time=3.50s
2025-11-24 13:19:39,679 - INFO - Finding enhanced 1:1 matches...
2025-11-24 13:19:40,274 - INFO - Found 0 enhanced 1:1 matches
2025-11-24 13:19:40,275 - INFO - Finding amount and date matches...
2025-11-24 13:19:40,352 - INFO - Found 0 amount and date matches
2025-11-24 13:19:40,353 - INFO - Finding fuzzy matches...
2025-11-24 13:22:38,179 - INFO - ✅ CA Match completed: 16 records processed
2025-11-24 13:22:38,197 - INFO - 
======================================================================
2025-11-24 13:22:38,197 - INFO - ✅ COMPLETE AUTOMATION WORKFLOW FINISHED SUCCESSFULLY
2025-11-24 13:22:38,197 - INFO - ======================================================================
2025-11-24 13:22:38,197 - INFO - 
Workflow Summary:
2025-11-24 13:22:38,198 - INFO -   ✅ CA Match Process - Completed
2025-11-24 13:22:38,198 - INFO -   ✅ Extract Reconciliation Statement - Completed (chained)
2025-11-24 13:22:38,198 - INFO -   ✅ RaasPlus Reconciliation - Completed (chained)
2025-11-24 13:22:38,198 - INFO -   ✅ Match Statement - Completed (chained)
2025-11-24 13:22:38,198 - INFO - 
All processes completed successfully!
2025-11-24 13:22:38,198 - INFO - Check logs for detailed information.
2025-11-24 13:22:38,199 - INFO - ======================================================================
2025-11-30 13:12:44,698 - INFO - ======================================================================
2025-11-30 13:12:44,698 - INFO - PLAYWRIGHT AUTOMATION RUNNER
2025-11-30 13:12:44,698 - INFO - ======================================================================
2025-11-30 13:12:44,699 - INFO - Account: CIM02
2025-11-30 13:12:44,699 - INFO - Date: 30/10/2025
2025-11-30 13:12:44,699 - INFO - Amount: 100.0
2025-11-30 13:12:44,699 - INFO - Headless Mode: True
2025-11-30 13:12:44,700 - INFO - Downloads Dir: C:\Users\Lenovo\OneDrive - Cognitive Consulting Sdn Bhd (1)\Desktop\SegmentationCompressionWork\PlayWright-Extractor\Downloads
2025-11-30 13:12:44,700 - INFO - ======================================================================
2025-11-30 13:12:44,700 - INFO - 
🚀 Starting complete automation workflow...

2025-11-30 13:12:44,700 - INFO - 
======================================================================
2025-11-30 13:12:44,701 - INFO - STEP 1: CA MATCH PROCESS
2025-11-30 13:12:44,701 - INFO - ======================================================================
2025-11-30 13:12:55,041 - INFO - Starting CA Match process...
2025-11-30 13:13:27,231 - ERROR - ❌ CA Match failed: Page.goto: Timeout 30000ms exceeded.
Call log:
  - navigating to "https://csmstg.censof.com/DBKK", waiting until "load"
Traceback (most recent call last):
  File "c:\Users\Lenovo\OneDrive - Cognitive Consulting Sdn Bhd (1)\Desktop\SegmentationCompressionWork\PlayWright-Extractor\playwright_scripts\run_playwright.py", line 142, in run_ca_match
    records = process_bank_transactions(
              ^^^^^^^^^^^^^^^^^^^^^^^^^^
  File "c:\Users\Lenovo\OneDrive - Cognitive Consulting Sdn Bhd (1)\Desktop\SegmentationCompressionWork\PlayWright-Extractor\playwright_scripts\CA_Match_Process_Optimized.py", line 652, in process_bank_transactions
    return processor.run()
           ^^^^^^^^^^^^^^^
  File "c:\Users\Lenovo\OneDrive - Cognitive Consulting Sdn Bhd (1)\Desktop\SegmentationCompressionWork\PlayWright-Extractor\playwright_scripts\CA_Match_Process_Optimized.py", line 536, in run
    functions.login(self.page, self.website_url, self.username, self.password)
  File "c:\Users\Lenovo\OneDrive - Cognitive Consulting Sdn Bhd (1)\Desktop\SegmentationCompressionWork\PlayWright-Extractor\helper_playwright\functions.py", line 11, in login
    page.goto(website_url)
  File "C:\Users\Lenovo\OneDrive - Cognitive Consulting Sdn Bhd (1)\Desktop\SegmentationCompressionWork\PlayWright-Extractor\.venv_clean\Lib\site-packages\playwright\sync_api\_generated.py", line 9019, in goto
    self._sync(
  File "C:\Users\Lenovo\OneDrive - Cognitive Consulting Sdn Bhd (1)\Desktop\SegmentationCompressionWork\PlayWright-Extractor\.venv_clean\Lib\site-packages\playwright\_impl\_sync_base.py", line 115, in _sync
    return task.result()
           ^^^^^^^^^^^^^
  File "C:\Users\Lenovo\OneDrive - Cognitive Consulting Sdn Bhd (1)\Desktop\SegmentationCompressionWork\PlayWright-Extractor\.venv_clean\Lib\site-packages\playwright\_impl\_page.py", line 555, in goto
    return await self._main_frame.goto(**locals_to_params(locals()))
           ^^^^^^^^^^^^^^^^^^^^^^^^^^^^^^^^^^^^^^^^^^^^^^^^^^^^^^^^^
  File "C:\Users\Lenovo\OneDrive - Cognitive Consulting Sdn Bhd (1)\Desktop\SegmentationCompressionWork\PlayWright-Extractor\.venv_clean\Lib\site-packages\playwright\_impl\_frame.py", line 153, in goto
    await self._channel.send(
  File "C:\Users\Lenovo\OneDrive - Cognitive Consulting Sdn Bhd (1)\Desktop\SegmentationCompressionWork\PlayWright-Extractor\.venv_clean\Lib\site-packages\playwright\_impl\_connection.py", line 69, in send
    return await self._connection.wrap_api_call(
           ^^^^^^^^^^^^^^^^^^^^^^^^^^^^^^^^^^^^^
  File "C:\Users\Lenovo\OneDrive - Cognitive Consulting Sdn Bhd (1)\Desktop\SegmentationCompressionWork\PlayWright-Extractor\.venv_clean\Lib\site-packages\playwright\_impl\_connection.py", line 559, in wrap_api_call
    raise rewrite_error(error, f"{parsed_st['apiName']}: {error}") from None
playwright._impl._errors.TimeoutError: Page.goto: Timeout 30000ms exceeded.
Call log:
  - navigating to "https://csmstg.censof.com/DBKK", waiting until "load"

2025-11-30 13:13:27,234 - ERROR - 
======================================================================
2025-11-30 13:13:27,234 - ERROR - ❌ AUTOMATION WORKFLOW FAILED
2025-11-30 13:13:27,234 - ERROR - ======================================================================
2025-11-30 13:13:27,235 - ERROR - Error: Page.goto: Timeout 30000ms exceeded.
Call log:
  - navigating to "https://csmstg.censof.com/DBKK", waiting until "load"

2025-11-30 13:13:27,235 - ERROR - ======================================================================
2025-12-02 14:12:19,526 - INFO - ======================================================================
2025-12-02 14:12:19,527 - INFO - PLAYWRIGHT AUTOMATION RUNNER
2025-12-02 14:12:19,527 - INFO - ======================================================================
2025-12-02 14:12:19,528 - INFO - Account: CIM02
2025-12-02 14:12:19,528 - INFO - Date: 02/12/2025
2025-12-02 14:12:19,528 - INFO - Amount: 263737.84
2025-12-02 14:12:19,528 - INFO - Headless Mode: True
2025-12-02 14:12:19,529 - INFO - Downloads Dir: C:\Users\Lenovo\OneDrive - Cognitive Consulting Sdn Bhd (1)\Desktop\SegmentationCompressionWork\PlayWright-Extractor\Downloads
2025-12-02 14:12:19,529 - INFO - ======================================================================
2025-12-02 14:12:19,529 - INFO - 
🚀 Starting complete automation workflow...

2025-12-02 14:12:19,529 - INFO - 
======================================================================
2025-12-02 14:12:19,530 - INFO - STEP 1: CA MATCH PROCESS
2025-12-02 14:12:19,530 - INFO - ======================================================================
2025-12-02 14:12:30,908 - INFO - Starting CA Match process...
2025-12-02 14:12:30,934 - ERROR - ❌ CA Match failed: 'CAMatchProcessor' object has no attribute 'log'
Traceback (most recent call last):
  File "C:\Users\Lenovo\OneDrive - Cognitive Consulting Sdn Bhd (1)\Desktop\SegmentationCompressionWork\PlayWright-Extractor\playwright_scripts\CA_Match_Process_Optimized.py", line 498, in run
    self.send_pingback("started")
    ^^^^^^^^^^^^^^^^^^
AttributeError: 'CAMatchProcessor' object has no attribute 'send_pingback'

During handling of the above exception, another exception occurred:

Traceback (most recent call last):
  File "C:\Users\Lenovo\OneDrive - Cognitive Consulting Sdn Bhd (1)\Desktop\SegmentationCompressionWork\PlayWright-Extractor\playwright_scripts\run_playwright.py", line 142, in run_ca_match
    records = process_bank_transactions(
              ^^^^^^^^^^^^^^^^^^^^^^^^^^
  File "C:\Users\Lenovo\OneDrive - Cognitive Consulting Sdn Bhd (1)\Desktop\SegmentationCompressionWork\PlayWright-Extractor\playwright_scripts\CA_Match_Process_Optimized.py", line 624, in process_bank_transactions
    return processor.run()
           ^^^^^^^^^^^^^^^
  File "C:\Users\Lenovo\OneDrive - Cognitive Consulting Sdn Bhd (1)\Desktop\SegmentationCompressionWork\PlayWright-Extractor\playwright_scripts\CA_Match_Process_Optimized.py", line 562, in run
    self.log(f"FATAL ERROR: {e}", "error")
    ^^^^^^^^
AttributeError: 'CAMatchProcessor' object has no attribute 'log'
2025-12-02 14:12:30,939 - ERROR - 
======================================================================
2025-12-02 14:12:30,939 - ERROR - ❌ AUTOMATION WORKFLOW FAILED
2025-12-02 14:12:30,940 - ERROR - ======================================================================
2025-12-02 14:12:30,940 - ERROR - Error: 'CAMatchProcessor' object has no attribute 'log'
2025-12-02 14:12:30,940 - ERROR - ======================================================================
2025-12-02 14:12:33,048 - INFO - ======================================================================
2025-12-02 14:12:33,048 - INFO - PLAYWRIGHT AUTOMATION RUNNER
2025-12-02 14:12:33,049 - INFO - ======================================================================
2025-12-02 14:12:33,050 - INFO - Account: CIM02
2025-12-02 14:12:33,050 - INFO - Date: 02/12/2025
2025-12-02 14:12:33,050 - INFO - Amount: 263737.84
2025-12-02 14:12:33,050 - INFO - Headless Mode: True
2025-12-02 14:12:33,050 - INFO - Downloads Dir: C:\Users\Lenovo\OneDrive - Cognitive Consulting Sdn Bhd (1)\Desktop\SegmentationCompressionWork\PlayWright-Extractor\Downloads
2025-12-02 14:12:33,050 - INFO - ======================================================================
2025-12-02 14:12:33,052 - INFO - 
🚀 Starting complete automation workflow...

2025-12-02 14:12:33,052 - INFO - 
======================================================================
2025-12-02 14:12:33,052 - INFO - STEP 1: CA MATCH PROCESS
2025-12-02 14:12:33,052 - INFO - ======================================================================
2025-12-02 14:12:33,825 - INFO - Starting CA Match process...
2025-12-02 14:12:33,846 - ERROR - ❌ CA Match failed: 'CAMatchProcessor' object has no attribute 'log'
Traceback (most recent call last):
  File "C:\Users\Lenovo\OneDrive - Cognitive Consulting Sdn Bhd (1)\Desktop\SegmentationCompressionWork\PlayWright-Extractor\playwright_scripts\CA_Match_Process_Optimized.py", line 498, in run
    self.send_pingback("started")
    ^^^^^^^^^^^^^^^^^^
AttributeError: 'CAMatchProcessor' object has no attribute 'send_pingback'

During handling of the above exception, another exception occurred:

Traceback (most recent call last):
  File "C:\Users\Lenovo\OneDrive - Cognitive Consulting Sdn Bhd (1)\Desktop\SegmentationCompressionWork\PlayWright-Extractor\playwright_scripts\run_playwright.py", line 142, in run_ca_match
    records = process_bank_transactions(
              ^^^^^^^^^^^^^^^^^^^^^^^^^^
  File "C:\Users\Lenovo\OneDrive - Cognitive Consulting Sdn Bhd (1)\Desktop\SegmentationCompressionWork\PlayWright-Extractor\playwright_scripts\CA_Match_Process_Optimized.py", line 624, in process_bank_transactions
    return processor.run()
           ^^^^^^^^^^^^^^^
  File "C:\Users\Lenovo\OneDrive - Cognitive Consulting Sdn Bhd (1)\Desktop\SegmentationCompressionWork\PlayWright-Extractor\playwright_scripts\CA_Match_Process_Optimized.py", line 562, in run
    self.log(f"FATAL ERROR: {e}", "error")
    ^^^^^^^^
AttributeError: 'CAMatchProcessor' object has no attribute 'log'
2025-12-02 14:12:33,849 - ERROR - 
======================================================================
2025-12-02 14:12:33,849 - ERROR - ❌ AUTOMATION WORKFLOW FAILED
2025-12-02 14:12:33,850 - ERROR - ======================================================================
2025-12-02 14:12:33,850 - ERROR - Error: 'CAMatchProcessor' object has no attribute 'log'
2025-12-02 14:12:33,850 - ERROR - ======================================================================
2025-12-02 14:12:35,832 - INFO - ======================================================================
2025-12-02 14:12:35,833 - INFO - PLAYWRIGHT AUTOMATION RUNNER
2025-12-02 14:12:35,833 - INFO - ======================================================================
2025-12-02 14:12:35,833 - INFO - Account: CIM02
2025-12-02 14:12:35,833 - INFO - Date: 02/12/2025
2025-12-02 14:12:35,834 - INFO - Amount: 263737.84
2025-12-02 14:12:35,834 - INFO - Headless Mode: True
2025-12-02 14:12:35,834 - INFO - Downloads Dir: C:\Users\Lenovo\OneDrive - Cognitive Consulting Sdn Bhd (1)\Desktop\SegmentationCompressionWork\PlayWright-Extractor\Downloads
2025-12-02 14:12:35,835 - INFO - ======================================================================
2025-12-02 14:12:35,835 - INFO - 
🚀 Starting complete automation workflow...

2025-12-02 14:12:35,835 - INFO - 
======================================================================
2025-12-02 14:12:35,835 - INFO - STEP 1: CA MATCH PROCESS
2025-12-02 14:12:35,836 - INFO - ======================================================================
2025-12-02 14:12:36,598 - INFO - Starting CA Match process...
2025-12-02 14:12:36,621 - ERROR - ❌ CA Match failed: 'CAMatchProcessor' object has no attribute 'log'
Traceback (most recent call last):
  File "C:\Users\Lenovo\OneDrive - Cognitive Consulting Sdn Bhd (1)\Desktop\SegmentationCompressionWork\PlayWright-Extractor\playwright_scripts\CA_Match_Process_Optimized.py", line 498, in run
    self.send_pingback("started")
    ^^^^^^^^^^^^^^^^^^
AttributeError: 'CAMatchProcessor' object has no attribute 'send_pingback'

During handling of the above exception, another exception occurred:

Traceback (most recent call last):
  File "C:\Users\Lenovo\OneDrive - Cognitive Consulting Sdn Bhd (1)\Desktop\SegmentationCompressionWork\PlayWright-Extractor\playwright_scripts\run_playwright.py", line 142, in run_ca_match
    records = process_bank_transactions(
              ^^^^^^^^^^^^^^^^^^^^^^^^^^
  File "C:\Users\Lenovo\OneDrive - Cognitive Consulting Sdn Bhd (1)\Desktop\SegmentationCompressionWork\PlayWright-Extractor\playwright_scripts\CA_Match_Process_Optimized.py", line 624, in process_bank_transactions
    return processor.run()
           ^^^^^^^^^^^^^^^
  File "C:\Users\Lenovo\OneDrive - Cognitive Consulting Sdn Bhd (1)\Desktop\SegmentationCompressionWork\PlayWright-Extractor\playwright_scripts\CA_Match_Process_Optimized.py", line 562, in run
    self.log(f"FATAL ERROR: {e}", "error")
    ^^^^^^^^
AttributeError: 'CAMatchProcessor' object has no attribute 'log'
2025-12-02 14:12:36,624 - ERROR - 
======================================================================
2025-12-02 14:12:36,624 - ERROR - ❌ AUTOMATION WORKFLOW FAILED
2025-12-02 14:12:36,624 - ERROR - ======================================================================
2025-12-02 14:12:36,624 - ERROR - Error: 'CAMatchProcessor' object has no attribute 'log'
2025-12-02 14:12:36,625 - ERROR - ======================================================================
2025-12-02 14:13:07,935 - INFO - ======================================================================
2025-12-02 14:13:07,936 - INFO - PLAYWRIGHT AUTOMATION RUNNER
2025-12-02 14:13:07,936 - INFO - ======================================================================
2025-12-02 14:13:07,937 - INFO - Account: BANK RECON
2025-12-02 14:13:07,937 - INFO - Date: CIM02
2025-12-02 14:13:07,937 - INFO - Amount: 100.0
2025-12-02 14:13:07,937 - INFO - Headless Mode: True
2025-12-02 14:13:07,937 - INFO - Downloads Dir: C:\Users\Lenovo\OneDrive - Cognitive Consulting Sdn Bhd (1)\Desktop\SegmentationCompressionWork\PlayWright-Extractor\Downloads
2025-12-02 14:13:07,938 - INFO - ======================================================================
2025-12-02 14:13:07,938 - INFO - 
🚀 Starting complete automation workflow...

2025-12-02 14:13:07,939 - INFO - 
======================================================================
2025-12-02 14:13:07,939 - INFO - STEP 1: CA MATCH PROCESS
2025-12-02 14:13:07,939 - INFO - ======================================================================
2025-12-02 14:13:08,741 - INFO - Starting CA Match process...
2025-12-02 14:13:08,767 - ERROR - ❌ CA Match failed: 'CAMatchProcessor' object has no attribute 'log'
Traceback (most recent call last):
  File "C:\Users\Lenovo\OneDrive - Cognitive Consulting Sdn Bhd (1)\Desktop\SegmentationCompressionWork\PlayWright-Extractor\playwright_scripts\CA_Match_Process_Optimized.py", line 498, in run
    self.send_pingback("started")
    ^^^^^^^^^^^^^^^^^^
AttributeError: 'CAMatchProcessor' object has no attribute 'send_pingback'

During handling of the above exception, another exception occurred:

Traceback (most recent call last):
  File "C:\Users\Lenovo\OneDrive - Cognitive Consulting Sdn Bhd (1)\Desktop\SegmentationCompressionWork\PlayWright-Extractor\playwright_scripts\run_playwright.py", line 142, in run_ca_match
    records = process_bank_transactions(
              ^^^^^^^^^^^^^^^^^^^^^^^^^^
  File "C:\Users\Lenovo\OneDrive - Cognitive Consulting Sdn Bhd (1)\Desktop\SegmentationCompressionWork\PlayWright-Extractor\playwright_scripts\CA_Match_Process_Optimized.py", line 624, in process_bank_transactions
    return processor.run()
           ^^^^^^^^^^^^^^^
  File "C:\Users\Lenovo\OneDrive - Cognitive Consulting Sdn Bhd (1)\Desktop\SegmentationCompressionWork\PlayWright-Extractor\playwright_scripts\CA_Match_Process_Optimized.py", line 562, in run
    self.log(f"FATAL ERROR: {e}", "error")
    ^^^^^^^^
AttributeError: 'CAMatchProcessor' object has no attribute 'log'
2025-12-02 14:13:08,769 - ERROR - 
======================================================================
2025-12-02 14:13:08,770 - ERROR - ❌ AUTOMATION WORKFLOW FAILED
2025-12-02 14:13:08,770 - ERROR - ======================================================================
2025-12-02 14:13:08,770 - ERROR - Error: 'CAMatchProcessor' object has no attribute 'log'
2025-12-02 14:13:08,770 - ERROR - ======================================================================
2025-12-02 14:13:10,549 - INFO - ======================================================================
2025-12-02 14:13:10,549 - INFO - PLAYWRIGHT AUTOMATION RUNNER
2025-12-02 14:13:10,549 - INFO - ======================================================================
2025-12-02 14:13:10,550 - INFO - Account: CIM02
2025-12-02 14:13:10,550 - INFO - Date: 02/11/2025
2025-12-02 14:13:10,550 - INFO - Amount: 100.0
2025-12-02 14:13:10,550 - INFO - Headless Mode: True
2025-12-02 14:13:10,551 - INFO - Downloads Dir: C:\Users\Lenovo\OneDrive - Cognitive Consulting Sdn Bhd (1)\Desktop\SegmentationCompressionWork\PlayWright-Extractor\Downloads
2025-12-02 14:13:10,551 - INFO - ======================================================================
2025-12-02 14:13:10,551 - INFO - 
🚀 Starting complete automation workflow...

2025-12-02 14:13:10,551 - INFO - 
======================================================================
2025-12-02 14:13:10,552 - INFO - STEP 1: CA MATCH PROCESS
2025-12-02 14:13:10,552 - INFO - ======================================================================
2025-12-02 14:13:10,769 - INFO - ======================================================================
2025-12-02 14:13:10,769 - INFO - PLAYWRIGHT AUTOMATION RUNNER
2025-12-02 14:13:10,769 - INFO - ======================================================================
2025-12-02 14:13:10,769 - INFO - Account: BANK RECON
2025-12-02 14:13:10,769 - INFO - Date: CIM02
2025-12-02 14:13:10,770 - INFO - Amount: 100.0
2025-12-02 14:13:10,770 - INFO - Headless Mode: True
2025-12-02 14:13:10,770 - INFO - Downloads Dir: C:\Users\Lenovo\OneDrive - Cognitive Consulting Sdn Bhd (1)\Desktop\SegmentationCompressionWork\PlayWright-Extractor\Downloads
2025-12-02 14:13:10,770 - INFO - ======================================================================
2025-12-02 14:13:10,771 - INFO - 
🚀 Starting complete automation workflow...

2025-12-02 14:13:10,771 - INFO - 
======================================================================
2025-12-02 14:13:10,771 - INFO - STEP 1: CA MATCH PROCESS
2025-12-02 14:13:10,771 - INFO - ======================================================================
2025-12-02 14:13:11,019 - ERROR - Task was destroyed but it is pending!
task: <Task pending name='Task-3' coro=<Connection.run.<locals>.init() running at C:\Users\Lenovo\OneDrive - Cognitive Consulting Sdn Bhd (1)\Desktop\SegmentationCompressionWork\PlayWright-Extractor\.venv_clean\Lib\site-packages\playwright\_impl\_connection.py:310> wait_for=<Future pending cb=[Task.task_wakeup()]> cb=[ProtocolCallback.__init__.<locals>.cb() at C:\Users\Lenovo\OneDrive - Cognitive Consulting Sdn Bhd (1)\Desktop\SegmentationCompressionWork\PlayWright-Extractor\.venv_clean\Lib\site-packages\playwright\_impl\_connection.py:230]>
2025-12-02 14:13:11,592 - INFO - Starting CA Match process...
2025-12-02 14:13:11,618 - ERROR - ❌ CA Match failed: 'CAMatchProcessor' object has no attribute 'log'
Traceback (most recent call last):
  File "C:\Users\Lenovo\OneDrive - Cognitive Consulting Sdn Bhd (1)\Desktop\SegmentationCompressionWork\PlayWright-Extractor\playwright_scripts\CA_Match_Process_Optimized.py", line 498, in run
    self.send_pingback("started")
    ^^^^^^^^^^^^^^^^^^
AttributeError: 'CAMatchProcessor' object has no attribute 'send_pingback'

During handling of the above exception, another exception occurred:

Traceback (most recent call last):
  File "C:\Users\Lenovo\OneDrive - Cognitive Consulting Sdn Bhd (1)\Desktop\SegmentationCompressionWork\PlayWright-Extractor\playwright_scripts\run_playwright.py", line 142, in run_ca_match
    records = process_bank_transactions(
              ^^^^^^^^^^^^^^^^^^^^^^^^^^
  File "C:\Users\Lenovo\OneDrive - Cognitive Consulting Sdn Bhd (1)\Desktop\SegmentationCompressionWork\PlayWright-Extractor\playwright_scripts\CA_Match_Process_Optimized.py", line 624, in process_bank_transactions
    return processor.run()
           ^^^^^^^^^^^^^^^
  File "C:\Users\Lenovo\OneDrive - Cognitive Consulting Sdn Bhd (1)\Desktop\SegmentationCompressionWork\PlayWright-Extractor\playwright_scripts\CA_Match_Process_Optimized.py", line 562, in run
    self.log(f"FATAL ERROR: {e}", "error")
    ^^^^^^^^
AttributeError: 'CAMatchProcessor' object has no attribute 'log'
2025-12-02 14:13:11,621 - ERROR - 
======================================================================
2025-12-02 14:13:11,622 - ERROR - ❌ AUTOMATION WORKFLOW FAILED
2025-12-02 14:13:11,622 - ERROR - ======================================================================
2025-12-02 14:13:11,622 - ERROR - Error: 'CAMatchProcessor' object has no attribute 'log'
2025-12-02 14:13:11,622 - ERROR - ======================================================================
2025-12-02 14:13:13,600 - INFO - ======================================================================
2025-12-02 14:13:13,601 - INFO - PLAYWRIGHT AUTOMATION RUNNER
2025-12-02 14:13:13,601 - INFO - ======================================================================
2025-12-02 14:13:13,602 - INFO - Account: BANK RECON
2025-12-02 14:13:13,602 - INFO - Date: CIM02
2025-12-02 14:13:13,602 - INFO - Amount: 100.0
2025-12-02 14:13:13,603 - INFO - Headless Mode: True
2025-12-02 14:13:13,603 - INFO - Downloads Dir: C:\Users\Lenovo\OneDrive - Cognitive Consulting Sdn Bhd (1)\Desktop\SegmentationCompressionWork\PlayWright-Extractor\Downloads
2025-12-02 14:13:13,603 - INFO - ======================================================================
2025-12-02 14:13:13,604 - INFO - 
🚀 Starting complete automation workflow...

2025-12-02 14:13:13,604 - INFO - 
======================================================================
2025-12-02 14:13:13,604 - INFO - STEP 1: CA MATCH PROCESS
2025-12-02 14:13:13,605 - INFO - ======================================================================
2025-12-02 14:13:14,383 - INFO - Starting CA Match process...
2025-12-02 14:13:14,408 - ERROR - ❌ CA Match failed: 'CAMatchProcessor' object has no attribute 'log'
Traceback (most recent call last):
  File "C:\Users\Lenovo\OneDrive - Cognitive Consulting Sdn Bhd (1)\Desktop\SegmentationCompressionWork\PlayWright-Extractor\playwright_scripts\CA_Match_Process_Optimized.py", line 498, in run
    self.send_pingback("started")
    ^^^^^^^^^^^^^^^^^^
AttributeError: 'CAMatchProcessor' object has no attribute 'send_pingback'

During handling of the above exception, another exception occurred:

Traceback (most recent call last):
  File "C:\Users\Lenovo\OneDrive - Cognitive Consulting Sdn Bhd (1)\Desktop\SegmentationCompressionWork\PlayWright-Extractor\playwright_scripts\run_playwright.py", line 142, in run_ca_match
    records = process_bank_transactions(
              ^^^^^^^^^^^^^^^^^^^^^^^^^^
  File "C:\Users\Lenovo\OneDrive - Cognitive Consulting Sdn Bhd (1)\Desktop\SegmentationCompressionWork\PlayWright-Extractor\playwright_scripts\CA_Match_Process_Optimized.py", line 624, in process_bank_transactions
    return processor.run()
           ^^^^^^^^^^^^^^^
  File "C:\Users\Lenovo\OneDrive - Cognitive Consulting Sdn Bhd (1)\Desktop\SegmentationCompressionWork\PlayWright-Extractor\playwright_scripts\CA_Match_Process_Optimized.py", line 562, in run
    self.log(f"FATAL ERROR: {e}", "error")
    ^^^^^^^^
AttributeError: 'CAMatchProcessor' object has no attribute 'log'
2025-12-02 14:13:14,411 - ERROR - 
======================================================================
2025-12-02 14:13:14,411 - ERROR - ❌ AUTOMATION WORKFLOW FAILED
2025-12-02 14:13:14,412 - ERROR - ======================================================================
2025-12-02 14:13:14,412 - ERROR - Error: 'CAMatchProcessor' object has no attribute 'log'
2025-12-02 14:13:14,412 - ERROR - ======================================================================
2025-12-02 14:13:45,256 - INFO - ======================================================================
2025-12-02 14:13:45,256 - INFO - PLAYWRIGHT AUTOMATION RUNNER
2025-12-02 14:13:45,257 - INFO - ======================================================================
2025-12-02 14:13:45,257 - INFO - Account: RPA Process Failed
2025-12-02 14:13:45,257 - INFO - Date: BANK RECON
2025-12-02 14:13:45,258 - INFO - Amount: 100.0
2025-12-02 14:13:45,258 - INFO - Headless Mode: True
2025-12-02 14:13:45,258 - INFO - Downloads Dir: C:\Users\Lenovo\OneDrive - Cognitive Consulting Sdn Bhd (1)\Desktop\SegmentationCompressionWork\PlayWright-Extractor\Downloads
2025-12-02 14:13:45,258 - INFO - ======================================================================
2025-12-02 14:13:45,259 - INFO - 
🚀 Starting complete automation workflow...

2025-12-02 14:13:45,259 - INFO - 
======================================================================
2025-12-02 14:13:45,259 - INFO - STEP 1: CA MATCH PROCESS
2025-12-02 14:13:45,259 - INFO - ======================================================================
2025-12-02 14:13:46,028 - INFO - Starting CA Match process...
2025-12-02 14:13:46,051 - ERROR - ❌ CA Match failed: 'CAMatchProcessor' object has no attribute 'log'
Traceback (most recent call last):
  File "C:\Users\Lenovo\OneDrive - Cognitive Consulting Sdn Bhd (1)\Desktop\SegmentationCompressionWork\PlayWright-Extractor\playwright_scripts\CA_Match_Process_Optimized.py", line 498, in run
    self.send_pingback("started")
    ^^^^^^^^^^^^^^^^^^
AttributeError: 'CAMatchProcessor' object has no attribute 'send_pingback'

During handling of the above exception, another exception occurred:

Traceback (most recent call last):
  File "C:\Users\Lenovo\OneDrive - Cognitive Consulting Sdn Bhd (1)\Desktop\SegmentationCompressionWork\PlayWright-Extractor\playwright_scripts\run_playwright.py", line 142, in run_ca_match
    records = process_bank_transactions(
              ^^^^^^^^^^^^^^^^^^^^^^^^^^
  File "C:\Users\Lenovo\OneDrive - Cognitive Consulting Sdn Bhd (1)\Desktop\SegmentationCompressionWork\PlayWright-Extractor\playwright_scripts\CA_Match_Process_Optimized.py", line 624, in process_bank_transactions
    return processor.run()
           ^^^^^^^^^^^^^^^
  File "C:\Users\Lenovo\OneDrive - Cognitive Consulting Sdn Bhd (1)\Desktop\SegmentationCompressionWork\PlayWright-Extractor\playwright_scripts\CA_Match_Process_Optimized.py", line 562, in run
    self.log(f"FATAL ERROR: {e}", "error")
    ^^^^^^^^
AttributeError: 'CAMatchProcessor' object has no attribute 'log'
2025-12-02 14:13:46,054 - ERROR - 
======================================================================
2025-12-02 14:13:46,054 - ERROR - ❌ AUTOMATION WORKFLOW FAILED
2025-12-02 14:13:46,054 - ERROR - ======================================================================
2025-12-02 14:13:46,054 - ERROR - Error: 'CAMatchProcessor' object has no attribute 'log'
2025-12-02 14:13:46,055 - ERROR - ======================================================================
2025-12-02 14:13:48,167 - INFO - ======================================================================
2025-12-02 14:13:48,168 - INFO - PLAYWRIGHT AUTOMATION RUNNER
2025-12-02 14:13:48,168 - INFO - ======================================================================
2025-12-02 14:13:48,168 - INFO - Account: RPA Process Failed
2025-12-02 14:13:48,168 - INFO - Date: BANK RECON
2025-12-02 14:13:48,169 - INFO - Amount: 100.0
2025-12-02 14:13:48,170 - INFO - Headless Mode: True
2025-12-02 14:13:48,170 - INFO - Downloads Dir: C:\Users\Lenovo\OneDrive - Cognitive Consulting Sdn Bhd (1)\Desktop\SegmentationCompressionWork\PlayWright-Extractor\Downloads
2025-12-02 14:13:48,170 - INFO - ======================================================================
2025-12-02 14:13:48,170 - INFO - 
🚀 Starting complete automation workflow...

2025-12-02 14:13:48,171 - INFO - 
======================================================================
2025-12-02 14:13:48,171 - INFO - STEP 1: CA MATCH PROCESS
2025-12-02 14:13:48,171 - INFO - ======================================================================
2025-12-02 14:13:48,943 - INFO - Starting CA Match process...
2025-12-02 14:13:48,969 - ERROR - ❌ CA Match failed: 'CAMatchProcessor' object has no attribute 'log'
Traceback (most recent call last):
  File "C:\Users\Lenovo\OneDrive - Cognitive Consulting Sdn Bhd (1)\Desktop\SegmentationCompressionWork\PlayWright-Extractor\playwright_scripts\CA_Match_Process_Optimized.py", line 498, in run
    self.send_pingback("started")
    ^^^^^^^^^^^^^^^^^^
AttributeError: 'CAMatchProcessor' object has no attribute 'send_pingback'

During handling of the above exception, another exception occurred:

Traceback (most recent call last):
  File "C:\Users\Lenovo\OneDrive - Cognitive Consulting Sdn Bhd (1)\Desktop\SegmentationCompressionWork\PlayWright-Extractor\playwright_scripts\run_playwright.py", line 142, in run_ca_match
    records = process_bank_transactions(
              ^^^^^^^^^^^^^^^^^^^^^^^^^^
  File "C:\Users\Lenovo\OneDrive - Cognitive Consulting Sdn Bhd (1)\Desktop\SegmentationCompressionWork\PlayWright-Extractor\playwright_scripts\CA_Match_Process_Optimized.py", line 624, in process_bank_transactions
    return processor.run()
           ^^^^^^^^^^^^^^^
  File "C:\Users\Lenovo\OneDrive - Cognitive Consulting Sdn Bhd (1)\Desktop\SegmentationCompressionWork\PlayWright-Extractor\playwright_scripts\CA_Match_Process_Optimized.py", line 562, in run
    self.log(f"FATAL ERROR: {e}", "error")
    ^^^^^^^^
AttributeError: 'CAMatchProcessor' object has no attribute 'log'
2025-12-02 14:13:48,972 - ERROR - 
======================================================================
2025-12-02 14:13:48,972 - ERROR - ❌ AUTOMATION WORKFLOW FAILED
2025-12-02 14:13:48,972 - ERROR - ======================================================================
2025-12-02 14:13:48,972 - ERROR - Error: 'CAMatchProcessor' object has no attribute 'log'
2025-12-02 14:13:48,973 - ERROR - ======================================================================
2025-12-02 14:13:50,909 - INFO - ======================================================================
2025-12-02 14:13:50,909 - INFO - PLAYWRIGHT AUTOMATION RUNNER
2025-12-02 14:13:50,910 - INFO - ======================================================================
2025-12-02 14:13:50,910 - INFO - Account: RPA Process Failed
2025-12-02 14:13:50,910 - INFO - Date: BANK RECON
2025-12-02 14:13:50,911 - INFO - Amount: 100.0
2025-12-02 14:13:50,911 - INFO - Headless Mode: True
2025-12-02 14:13:50,911 - INFO - Downloads Dir: C:\Users\Lenovo\OneDrive - Cognitive Consulting Sdn Bhd (1)\Desktop\SegmentationCompressionWork\PlayWright-Extractor\Downloads
2025-12-02 14:13:50,911 - INFO - ======================================================================
2025-12-02 14:13:50,912 - INFO - 
🚀 Starting complete automation workflow...

2025-12-02 14:13:50,912 - INFO - 
======================================================================
2025-12-02 14:13:50,912 - INFO - STEP 1: CA MATCH PROCESS
2025-12-02 14:13:50,912 - INFO - ======================================================================
2025-12-02 14:13:51,657 - INFO - Starting CA Match process...
2025-12-02 14:13:51,677 - ERROR - ❌ CA Match failed: 'CAMatchProcessor' object has no attribute 'log'
Traceback (most recent call last):
  File "C:\Users\Lenovo\OneDrive - Cognitive Consulting Sdn Bhd (1)\Desktop\SegmentationCompressionWork\PlayWright-Extractor\playwright_scripts\CA_Match_Process_Optimized.py", line 498, in run
    self.send_pingback("started")
    ^^^^^^^^^^^^^^^^^^
AttributeError: 'CAMatchProcessor' object has no attribute 'send_pingback'

During handling of the above exception, another exception occurred:

Traceback (most recent call last):
  File "C:\Users\Lenovo\OneDrive - Cognitive Consulting Sdn Bhd (1)\Desktop\SegmentationCompressionWork\PlayWright-Extractor\playwright_scripts\run_playwright.py", line 142, in run_ca_match
    records = process_bank_transactions(
              ^^^^^^^^^^^^^^^^^^^^^^^^^^
  File "C:\Users\Lenovo\OneDrive - Cognitive Consulting Sdn Bhd (1)\Desktop\SegmentationCompressionWork\PlayWright-Extractor\playwright_scripts\CA_Match_Process_Optimized.py", line 624, in process_bank_transactions
    return processor.run()
           ^^^^^^^^^^^^^^^
  File "C:\Users\Lenovo\OneDrive - Cognitive Consulting Sdn Bhd (1)\Desktop\SegmentationCompressionWork\PlayWright-Extractor\playwright_scripts\CA_Match_Process_Optimized.py", line 562, in run
    self.log(f"FATAL ERROR: {e}", "error")
    ^^^^^^^^
AttributeError: 'CAMatchProcessor' object has no attribute 'log'
2025-12-02 14:13:51,679 - ERROR - 
======================================================================
2025-12-02 14:13:51,680 - ERROR - ❌ AUTOMATION WORKFLOW FAILED
2025-12-02 14:13:51,680 - ERROR - ======================================================================
2025-12-02 14:13:51,680 - ERROR - Error: 'CAMatchProcessor' object has no attribute 'log'
2025-12-02 14:13:51,680 - ERROR - ======================================================================
2025-12-02 14:14:22,789 - INFO - ======================================================================
2025-12-02 14:14:22,790 - INFO - PLAYWRIGHT AUTOMATION RUNNER
2025-12-02 14:14:22,790 - INFO - ======================================================================
2025-12-02 14:14:22,790 - INFO - Account: RPA Process Failed
2025-12-02 14:14:22,790 - INFO - Date: RPA Process Failed
2025-12-02 14:14:22,791 - INFO - Amount: 100.0
2025-12-02 14:14:22,791 - INFO - Headless Mode: True
2025-12-02 14:14:22,791 - INFO - Downloads Dir: C:\Users\Lenovo\OneDrive - Cognitive Consulting Sdn Bhd (1)\Desktop\SegmentationCompressionWork\PlayWright-Extractor\Downloads
2025-12-02 14:14:22,792 - INFO - ======================================================================
2025-12-02 14:14:22,792 - INFO - 
🚀 Starting complete automation workflow...

2025-12-02 14:14:22,792 - INFO - 
======================================================================
2025-12-02 14:14:22,792 - INFO - STEP 1: CA MATCH PROCESS
2025-12-02 14:14:22,793 - INFO - ======================================================================
2025-12-02 14:14:23,569 - INFO - Starting CA Match process...
2025-12-02 14:14:23,594 - ERROR - ❌ CA Match failed: 'CAMatchProcessor' object has no attribute 'log'
Traceback (most recent call last):
  File "C:\Users\Lenovo\OneDrive - Cognitive Consulting Sdn Bhd (1)\Desktop\SegmentationCompressionWork\PlayWright-Extractor\playwright_scripts\CA_Match_Process_Optimized.py", line 498, in run
    self.send_pingback("started")
    ^^^^^^^^^^^^^^^^^^
AttributeError: 'CAMatchProcessor' object has no attribute 'send_pingback'

During handling of the above exception, another exception occurred:

Traceback (most recent call last):
  File "C:\Users\Lenovo\OneDrive - Cognitive Consulting Sdn Bhd (1)\Desktop\SegmentationCompressionWork\PlayWright-Extractor\playwright_scripts\run_playwright.py", line 142, in run_ca_match
    records = process_bank_transactions(
              ^^^^^^^^^^^^^^^^^^^^^^^^^^
  File "C:\Users\Lenovo\OneDrive - Cognitive Consulting Sdn Bhd (1)\Desktop\SegmentationCompressionWork\PlayWright-Extractor\playwright_scripts\CA_Match_Process_Optimized.py", line 624, in process_bank_transactions
    return processor.run()
           ^^^^^^^^^^^^^^^
  File "C:\Users\Lenovo\OneDrive - Cognitive Consulting Sdn Bhd (1)\Desktop\SegmentationCompressionWork\PlayWright-Extractor\playwright_scripts\CA_Match_Process_Optimized.py", line 562, in run
    self.log(f"FATAL ERROR: {e}", "error")
    ^^^^^^^^
AttributeError: 'CAMatchProcessor' object has no attribute 'log'
2025-12-02 14:14:23,597 - ERROR - 
======================================================================
2025-12-02 14:14:23,597 - ERROR - ❌ AUTOMATION WORKFLOW FAILED
2025-12-02 14:14:23,597 - ERROR - ======================================================================
2025-12-02 14:14:23,598 - ERROR - Error: 'CAMatchProcessor' object has no attribute 'log'
2025-12-02 14:14:23,598 - ERROR - ======================================================================
2025-12-02 14:14:25,559 - INFO - ======================================================================
2025-12-02 14:14:25,559 - INFO - PLAYWRIGHT AUTOMATION RUNNER
2025-12-02 14:14:25,559 - INFO - ======================================================================
2025-12-02 14:14:25,560 - INFO - Account: RPA Process Failed
2025-12-02 14:14:25,560 - INFO - Date: RPA Process Failed
2025-12-02 14:14:25,560 - INFO - Amount: 100.0
2025-12-02 14:14:25,560 - INFO - Headless Mode: True
2025-12-02 14:14:25,561 - INFO - Downloads Dir: C:\Users\Lenovo\OneDrive - Cognitive Consulting Sdn Bhd (1)\Desktop\SegmentationCompressionWork\PlayWright-Extractor\Downloads
2025-12-02 14:14:25,561 - INFO - ======================================================================
2025-12-02 14:14:25,561 - INFO - 
🚀 Starting complete automation workflow...

2025-12-02 14:14:25,561 - INFO - 
======================================================================
2025-12-02 14:14:25,562 - INFO - STEP 1: CA MATCH PROCESS
2025-12-02 14:14:25,562 - INFO - ======================================================================
2025-12-02 14:14:26,329 - INFO - Starting CA Match process...
2025-12-02 14:14:26,349 - ERROR - ❌ CA Match failed: 'CAMatchProcessor' object has no attribute 'log'
Traceback (most recent call last):
  File "C:\Users\Lenovo\OneDrive - Cognitive Consulting Sdn Bhd (1)\Desktop\SegmentationCompressionWork\PlayWright-Extractor\playwright_scripts\CA_Match_Process_Optimized.py", line 498, in run
    self.send_pingback("started")
    ^^^^^^^^^^^^^^^^^^
AttributeError: 'CAMatchProcessor' object has no attribute 'send_pingback'

During handling of the above exception, another exception occurred:

Traceback (most recent call last):
  File "C:\Users\Lenovo\OneDrive - Cognitive Consulting Sdn Bhd (1)\Desktop\SegmentationCompressionWork\PlayWright-Extractor\playwright_scripts\run_playwright.py", line 142, in run_ca_match
    records = process_bank_transactions(
              ^^^^^^^^^^^^^^^^^^^^^^^^^^
  File "C:\Users\Lenovo\OneDrive - Cognitive Consulting Sdn Bhd (1)\Desktop\SegmentationCompressionWork\PlayWright-Extractor\playwright_scripts\CA_Match_Process_Optimized.py", line 624, in process_bank_transactions
    return processor.run()
           ^^^^^^^^^^^^^^^
  File "C:\Users\Lenovo\OneDrive - Cognitive Consulting Sdn Bhd (1)\Desktop\SegmentationCompressionWork\PlayWright-Extractor\playwright_scripts\CA_Match_Process_Optimized.py", line 562, in run
    self.log(f"FATAL ERROR: {e}", "error")
    ^^^^^^^^
AttributeError: 'CAMatchProcessor' object has no attribute 'log'
2025-12-02 14:14:26,353 - ERROR - 
======================================================================
2025-12-02 14:14:26,353 - ERROR - ❌ AUTOMATION WORKFLOW FAILED
2025-12-02 14:14:26,353 - ERROR - ======================================================================
2025-12-02 14:14:26,353 - ERROR - Error: 'CAMatchProcessor' object has no attribute 'log'
2025-12-02 14:14:26,353 - ERROR - ======================================================================
2025-12-02 14:14:28,341 - INFO - ======================================================================
2025-12-02 14:14:28,341 - INFO - PLAYWRIGHT AUTOMATION RUNNER
2025-12-02 14:14:28,341 - INFO - ======================================================================
2025-12-02 14:14:28,342 - INFO - Account: RPA Process Failed
2025-12-02 14:14:28,342 - INFO - Date: RPA Process Failed
2025-12-02 14:14:28,342 - INFO - Amount: 100.0
2025-12-02 14:14:28,342 - INFO - Headless Mode: True
2025-12-02 14:14:28,343 - INFO - Downloads Dir: C:\Users\Lenovo\OneDrive - Cognitive Consulting Sdn Bhd (1)\Desktop\SegmentationCompressionWork\PlayWright-Extractor\Downloads
2025-12-02 14:14:28,343 - INFO - ======================================================================
2025-12-02 14:14:28,343 - INFO - 
🚀 Starting complete automation workflow...

2025-12-02 14:14:28,343 - INFO - 
======================================================================
2025-12-02 14:14:28,344 - INFO - STEP 1: CA MATCH PROCESS
2025-12-02 14:14:28,344 - INFO - ======================================================================
2025-12-02 14:14:29,103 - INFO - Starting CA Match process...
2025-12-02 14:14:29,127 - ERROR - ❌ CA Match failed: 'CAMatchProcessor' object has no attribute 'log'
Traceback (most recent call last):
  File "C:\Users\Lenovo\OneDrive - Cognitive Consulting Sdn Bhd (1)\Desktop\SegmentationCompressionWork\PlayWright-Extractor\playwright_scripts\CA_Match_Process_Optimized.py", line 498, in run
    self.send_pingback("started")
    ^^^^^^^^^^^^^^^^^^
AttributeError: 'CAMatchProcessor' object has no attribute 'send_pingback'

During handling of the above exception, another exception occurred:

Traceback (most recent call last):
  File "C:\Users\Lenovo\OneDrive - Cognitive Consulting Sdn Bhd (1)\Desktop\SegmentationCompressionWork\PlayWright-Extractor\playwright_scripts\run_playwright.py", line 142, in run_ca_match
    records = process_bank_transactions(
              ^^^^^^^^^^^^^^^^^^^^^^^^^^
  File "C:\Users\Lenovo\OneDrive - Cognitive Consulting Sdn Bhd (1)\Desktop\SegmentationCompressionWork\PlayWright-Extractor\playwright_scripts\CA_Match_Process_Optimized.py", line 624, in process_bank_transactions
    return processor.run()
           ^^^^^^^^^^^^^^^
  File "C:\Users\Lenovo\OneDrive - Cognitive Consulting Sdn Bhd (1)\Desktop\SegmentationCompressionWork\PlayWright-Extractor\playwright_scripts\CA_Match_Process_Optimized.py", line 562, in run
    self.log(f"FATAL ERROR: {e}", "error")
    ^^^^^^^^
AttributeError: 'CAMatchProcessor' object has no attribute 'log'
2025-12-02 14:14:29,130 - ERROR - 
======================================================================
2025-12-02 14:14:29,130 - ERROR - ❌ AUTOMATION WORKFLOW FAILED
2025-12-02 14:14:29,130 - ERROR - ======================================================================
2025-12-02 14:14:29,130 - ERROR - Error: 'CAMatchProcessor' object has no attribute 'log'
2025-12-02 14:14:29,131 - ERROR - ======================================================================
2025-12-02 14:14:59,198 - INFO - ======================================================================
2025-12-02 14:14:59,200 - INFO - PLAYWRIGHT AUTOMATION RUNNER
2025-12-02 14:14:59,200 - INFO - ======================================================================
2025-12-02 14:14:59,200 - INFO - Account: CIM02
2025-12-02 14:14:59,201 - INFO - Date: 02/11/2025
2025-12-02 14:14:59,201 - INFO - Amount: 100.0
2025-12-02 14:14:59,202 - INFO - Headless Mode: True
2025-12-02 14:14:59,202 - INFO - Downloads Dir: C:\Users\Lenovo\OneDrive - Cognitive Consulting Sdn Bhd (1)\Desktop\SegmentationCompressionWork\PlayWright-Extractor\Downloads
2025-12-02 14:14:59,202 - INFO - ======================================================================
2025-12-02 14:14:59,203 - INFO - 
🚀 Starting complete automation workflow...

2025-12-02 14:14:59,203 - INFO - 
======================================================================
2025-12-02 14:14:59,203 - INFO - STEP 1: CA MATCH PROCESS
2025-12-02 14:14:59,204 - INFO - ======================================================================
2025-12-02 14:14:59,906 - INFO - ======================================================================
2025-12-02 14:14:59,907 - INFO - PLAYWRIGHT AUTOMATION RUNNER
2025-12-02 14:14:59,907 - INFO - ======================================================================
2025-12-02 14:14:59,907 - INFO - Account: RPA Process Failed
2025-12-02 14:14:59,907 - INFO - Date: RPA Process Failed
2025-12-02 14:14:59,907 - INFO - Amount: 100.0
2025-12-02 14:14:59,908 - INFO - Headless Mode: True
2025-12-02 14:14:59,908 - INFO - Downloads Dir: C:\Users\Lenovo\OneDrive - Cognitive Consulting Sdn Bhd (1)\Desktop\SegmentationCompressionWork\PlayWright-Extractor\Downloads
2025-12-02 14:14:59,908 - INFO - ======================================================================
2025-12-02 14:14:59,909 - INFO - 
🚀 Starting complete automation workflow...

2025-12-02 14:14:59,909 - INFO - 
======================================================================
2025-12-02 14:14:59,909 - INFO - STEP 1: CA MATCH PROCESS
2025-12-02 14:14:59,909 - INFO - ======================================================================
2025-12-02 14:15:00,023 - INFO - Starting CA Match process...
2025-12-02 14:15:00,043 - ERROR - ❌ CA Match failed: 'CAMatchProcessor' object has no attribute 'log'
Traceback (most recent call last):
  File "c:\Users\Lenovo\OneDrive - Cognitive Consulting Sdn Bhd (1)\Desktop\SegmentationCompressionWork\PlayWright-Extractor\playwright_scripts\CA_Match_Process_Optimized.py", line 498, in run
    self.send_pingback("started")
    ^^^^^^^^^^^^^^^^^^
AttributeError: 'CAMatchProcessor' object has no attribute 'send_pingback'

During handling of the above exception, another exception occurred:

Traceback (most recent call last):
  File "c:\Users\Lenovo\OneDrive - Cognitive Consulting Sdn Bhd (1)\Desktop\SegmentationCompressionWork\PlayWright-Extractor\playwright_scripts\run_playwright.py", line 142, in run_ca_match
    records = process_bank_transactions(
              ^^^^^^^^^^^^^^^^^^^^^^^^^^
  File "c:\Users\Lenovo\OneDrive - Cognitive Consulting Sdn Bhd (1)\Desktop\SegmentationCompressionWork\PlayWright-Extractor\playwright_scripts\CA_Match_Process_Optimized.py", line 624, in process_bank_transactions
    return processor.run()
           ^^^^^^^^^^^^^^^
  File "c:\Users\Lenovo\OneDrive - Cognitive Consulting Sdn Bhd (1)\Desktop\SegmentationCompressionWork\PlayWright-Extractor\playwright_scripts\CA_Match_Process_Optimized.py", line 562, in run
    self.log(f"FATAL ERROR: {e}", "error")
    ^^^^^^^^
AttributeError: 'CAMatchProcessor' object has no attribute 'log'
2025-12-02 14:15:00,046 - ERROR - 
======================================================================
2025-12-02 14:15:00,046 - ERROR - ❌ AUTOMATION WORKFLOW FAILED
2025-12-02 14:15:00,047 - ERROR - ======================================================================
2025-12-02 14:15:00,047 - ERROR - Error: 'CAMatchProcessor' object has no attribute 'log'
2025-12-02 14:15:00,047 - ERROR - ======================================================================
2025-12-02 14:15:00,700 - INFO - Starting CA Match process...
2025-12-02 14:15:00,723 - ERROR - ❌ CA Match failed: 'CAMatchProcessor' object has no attribute 'log'
Traceback (most recent call last):
  File "C:\Users\Lenovo\OneDrive - Cognitive Consulting Sdn Bhd (1)\Desktop\SegmentationCompressionWork\PlayWright-Extractor\playwright_scripts\CA_Match_Process_Optimized.py", line 498, in run
    self.send_pingback("started")
    ^^^^^^^^^^^^^^^^^^
AttributeError: 'CAMatchProcessor' object has no attribute 'send_pingback'

During handling of the above exception, another exception occurred:

Traceback (most recent call last):
  File "C:\Users\Lenovo\OneDrive - Cognitive Consulting Sdn Bhd (1)\Desktop\SegmentationCompressionWork\PlayWright-Extractor\playwright_scripts\run_playwright.py", line 142, in run_ca_match
    records = process_bank_transactions(
              ^^^^^^^^^^^^^^^^^^^^^^^^^^
  File "C:\Users\Lenovo\OneDrive - Cognitive Consulting Sdn Bhd (1)\Desktop\SegmentationCompressionWork\PlayWright-Extractor\playwright_scripts\CA_Match_Process_Optimized.py", line 624, in process_bank_transactions
    return processor.run()
           ^^^^^^^^^^^^^^^
  File "C:\Users\Lenovo\OneDrive - Cognitive Consulting Sdn Bhd (1)\Desktop\SegmentationCompressionWork\PlayWright-Extractor\playwright_scripts\CA_Match_Process_Optimized.py", line 562, in run
    self.log(f"FATAL ERROR: {e}", "error")
    ^^^^^^^^
AttributeError: 'CAMatchProcessor' object has no attribute 'log'
2025-12-02 14:15:00,726 - ERROR - 
======================================================================
2025-12-02 14:15:00,726 - ERROR - ❌ AUTOMATION WORKFLOW FAILED
2025-12-02 14:15:00,726 - ERROR - ======================================================================
2025-12-02 14:15:00,727 - ERROR - Error: 'CAMatchProcessor' object has no attribute 'log'
2025-12-02 14:15:00,727 - ERROR - ======================================================================
2025-12-02 14:15:02,753 - INFO - ======================================================================
2025-12-02 14:15:02,753 - INFO - PLAYWRIGHT AUTOMATION RUNNER
2025-12-02 14:15:02,754 - INFO - ======================================================================
2025-12-02 14:15:02,754 - INFO - Account: RPA Process Failed
2025-12-02 14:15:02,754 - INFO - Date: RPA Process Failed
2025-12-02 14:15:02,755 - INFO - Amount: 100.0
2025-12-02 14:15:02,755 - INFO - Headless Mode: True
2025-12-02 14:15:02,755 - INFO - Downloads Dir: C:\Users\Lenovo\OneDrive - Cognitive Consulting Sdn Bhd (1)\Desktop\SegmentationCompressionWork\PlayWright-Extractor\Downloads
2025-12-02 14:15:02,755 - INFO - ======================================================================
2025-12-02 14:15:02,755 - INFO - 
🚀 Starting complete automation workflow...

2025-12-02 14:15:02,757 - INFO - 
======================================================================
2025-12-02 14:15:02,757 - INFO - STEP 1: CA MATCH PROCESS
2025-12-02 14:15:02,757 - INFO - ======================================================================
2025-12-02 14:15:03,537 - INFO - Starting CA Match process...
2025-12-02 14:15:03,559 - ERROR - ❌ CA Match failed: 'CAMatchProcessor' object has no attribute 'log'
Traceback (most recent call last):
  File "C:\Users\Lenovo\OneDrive - Cognitive Consulting Sdn Bhd (1)\Desktop\SegmentationCompressionWork\PlayWright-Extractor\playwright_scripts\CA_Match_Process_Optimized.py", line 498, in run
    self.send_pingback("started")
    ^^^^^^^^^^^^^^^^^^
AttributeError: 'CAMatchProcessor' object has no attribute 'send_pingback'

During handling of the above exception, another exception occurred:

Traceback (most recent call last):
  File "C:\Users\Lenovo\OneDrive - Cognitive Consulting Sdn Bhd (1)\Desktop\SegmentationCompressionWork\PlayWright-Extractor\playwright_scripts\run_playwright.py", line 142, in run_ca_match
    records = process_bank_transactions(
              ^^^^^^^^^^^^^^^^^^^^^^^^^^
  File "C:\Users\Lenovo\OneDrive - Cognitive Consulting Sdn Bhd (1)\Desktop\SegmentationCompressionWork\PlayWright-Extractor\playwright_scripts\CA_Match_Process_Optimized.py", line 624, in process_bank_transactions
    return processor.run()
           ^^^^^^^^^^^^^^^
  File "C:\Users\Lenovo\OneDrive - Cognitive Consulting Sdn Bhd (1)\Desktop\SegmentationCompressionWork\PlayWright-Extractor\playwright_scripts\CA_Match_Process_Optimized.py", line 562, in run
    self.log(f"FATAL ERROR: {e}", "error")
    ^^^^^^^^
AttributeError: 'CAMatchProcessor' object has no attribute 'log'
2025-12-02 14:15:03,561 - ERROR - 
======================================================================
2025-12-02 14:15:03,561 - ERROR - ❌ AUTOMATION WORKFLOW FAILED
2025-12-02 14:15:03,562 - ERROR - ======================================================================
2025-12-02 14:15:03,562 - ERROR - Error: 'CAMatchProcessor' object has no attribute 'log'
2025-12-02 14:15:03,562 - ERROR - ======================================================================
2025-12-02 14:15:05,570 - INFO - ======================================================================
2025-12-02 14:15:05,570 - INFO - PLAYWRIGHT AUTOMATION RUNNER
2025-12-02 14:15:05,571 - INFO - ======================================================================
2025-12-02 14:15:05,571 - INFO - Account: RPA Process Failed
2025-12-02 14:15:05,571 - INFO - Date: RPA Process Failed
2025-12-02 14:15:05,571 - INFO - Amount: 100.0
2025-12-02 14:15:05,572 - INFO - Headless Mode: True
2025-12-02 14:15:05,572 - INFO - Downloads Dir: C:\Users\Lenovo\OneDrive - Cognitive Consulting Sdn Bhd (1)\Desktop\SegmentationCompressionWork\PlayWright-Extractor\Downloads
2025-12-02 14:15:05,572 - INFO - ======================================================================
2025-12-02 14:15:05,572 - INFO - 
🚀 Starting complete automation workflow...

2025-12-02 14:15:05,573 - INFO - 
======================================================================
2025-12-02 14:15:05,573 - INFO - STEP 1: CA MATCH PROCESS
2025-12-02 14:15:05,573 - INFO - ======================================================================
2025-12-02 14:15:06,357 - INFO - Starting CA Match process...
2025-12-02 14:15:06,379 - ERROR - ❌ CA Match failed: 'CAMatchProcessor' object has no attribute 'log'
Traceback (most recent call last):
  File "C:\Users\Lenovo\OneDrive - Cognitive Consulting Sdn Bhd (1)\Desktop\SegmentationCompressionWork\PlayWright-Extractor\playwright_scripts\CA_Match_Process_Optimized.py", line 498, in run
    self.send_pingback("started")
    ^^^^^^^^^^^^^^^^^^
AttributeError: 'CAMatchProcessor' object has no attribute 'send_pingback'

During handling of the above exception, another exception occurred:

Traceback (most recent call last):
  File "C:\Users\Lenovo\OneDrive - Cognitive Consulting Sdn Bhd (1)\Desktop\SegmentationCompressionWork\PlayWright-Extractor\playwright_scripts\run_playwright.py", line 142, in run_ca_match
    records = process_bank_transactions(
              ^^^^^^^^^^^^^^^^^^^^^^^^^^
  File "C:\Users\Lenovo\OneDrive - Cognitive Consulting Sdn Bhd (1)\Desktop\SegmentationCompressionWork\PlayWright-Extractor\playwright_scripts\CA_Match_Process_Optimized.py", line 624, in process_bank_transactions
    return processor.run()
           ^^^^^^^^^^^^^^^
  File "C:\Users\Lenovo\OneDrive - Cognitive Consulting Sdn Bhd (1)\Desktop\SegmentationCompressionWork\PlayWright-Extractor\playwright_scripts\CA_Match_Process_Optimized.py", line 562, in run
    self.log(f"FATAL ERROR: {e}", "error")
    ^^^^^^^^
AttributeError: 'CAMatchProcessor' object has no attribute 'log'
2025-12-02 14:15:06,381 - ERROR - 
======================================================================
2025-12-02 14:15:06,381 - ERROR - ❌ AUTOMATION WORKFLOW FAILED
2025-12-02 14:15:06,382 - ERROR - ======================================================================
2025-12-02 14:15:06,382 - ERROR - Error: 'CAMatchProcessor' object has no attribute 'log'
2025-12-02 14:15:06,382 - ERROR - ======================================================================
2025-12-02 14:15:36,743 - INFO - ======================================================================
2025-12-02 14:15:36,744 - INFO - PLAYWRIGHT AUTOMATION RUNNER
2025-12-02 14:15:36,744 - INFO - ======================================================================
2025-12-02 14:15:36,744 - INFO - Account: RPA Process Failed
2025-12-02 14:15:36,745 - INFO - Date: RPA Process Failed
2025-12-02 14:15:36,745 - INFO - Amount: 100.0
2025-12-02 14:15:36,745 - INFO - Headless Mode: True
2025-12-02 14:15:36,745 - INFO - Downloads Dir: C:\Users\Lenovo\OneDrive - Cognitive Consulting Sdn Bhd (1)\Desktop\SegmentationCompressionWork\PlayWright-Extractor\Downloads
2025-12-02 14:15:36,745 - INFO - ======================================================================
2025-12-02 14:15:36,745 - INFO - 
🚀 Starting complete automation workflow...

2025-12-02 14:15:36,746 - INFO - 
======================================================================
2025-12-02 14:15:36,746 - INFO - STEP 1: CA MATCH PROCESS
2025-12-02 14:15:36,746 - INFO - ======================================================================
2025-12-02 14:15:37,548 - INFO - Starting CA Match process...
2025-12-02 14:15:37,568 - ERROR - ❌ CA Match failed: 'CAMatchProcessor' object has no attribute 'log'
Traceback (most recent call last):
  File "C:\Users\Lenovo\OneDrive - Cognitive Consulting Sdn Bhd (1)\Desktop\SegmentationCompressionWork\PlayWright-Extractor\playwright_scripts\CA_Match_Process_Optimized.py", line 498, in run
    self.send_pingback("started")
    ^^^^^^^^^^^^^^^^^^
AttributeError: 'CAMatchProcessor' object has no attribute 'send_pingback'

During handling of the above exception, another exception occurred:

Traceback (most recent call last):
  File "C:\Users\Lenovo\OneDrive - Cognitive Consulting Sdn Bhd (1)\Desktop\SegmentationCompressionWork\PlayWright-Extractor\playwright_scripts\run_playwright.py", line 142, in run_ca_match
    records = process_bank_transactions(
              ^^^^^^^^^^^^^^^^^^^^^^^^^^
  File "C:\Users\Lenovo\OneDrive - Cognitive Consulting Sdn Bhd (1)\Desktop\SegmentationCompressionWork\PlayWright-Extractor\playwright_scripts\CA_Match_Process_Optimized.py", line 624, in process_bank_transactions
    return processor.run()
           ^^^^^^^^^^^^^^^
  File "C:\Users\Lenovo\OneDrive - Cognitive Consulting Sdn Bhd (1)\Desktop\SegmentationCompressionWork\PlayWright-Extractor\playwright_scripts\CA_Match_Process_Optimized.py", line 562, in run
    self.log(f"FATAL ERROR: {e}", "error")
    ^^^^^^^^
AttributeError: 'CAMatchProcessor' object has no attribute 'log'
2025-12-02 14:15:37,571 - ERROR - 
======================================================================
2025-12-02 14:15:37,571 - ERROR - ❌ AUTOMATION WORKFLOW FAILED
2025-12-02 14:15:37,572 - ERROR - ======================================================================
2025-12-02 14:15:37,572 - ERROR - Error: 'CAMatchProcessor' object has no attribute 'log'
2025-12-02 14:15:37,572 - ERROR - ======================================================================
2025-12-02 14:15:39,649 - INFO - ======================================================================
2025-12-02 14:15:39,650 - INFO - PLAYWRIGHT AUTOMATION RUNNER
2025-12-02 14:15:39,654 - INFO - ======================================================================
2025-12-02 14:15:39,655 - INFO - Account: RPA Process Failed
2025-12-02 14:15:39,655 - INFO - Date: RPA Process Failed
2025-12-02 14:15:39,656 - INFO - Amount: 100.0
2025-12-02 14:15:39,657 - INFO - Headless Mode: True
2025-12-02 14:15:39,657 - INFO - Downloads Dir: C:\Users\Lenovo\OneDrive - Cognitive Consulting Sdn Bhd (1)\Desktop\SegmentationCompressionWork\PlayWright-Extractor\Downloads
2025-12-02 14:15:39,657 - INFO - ======================================================================
2025-12-02 14:15:39,657 - INFO - 
🚀 Starting complete automation workflow...

2025-12-02 14:15:39,657 - INFO - 
======================================================================
2025-12-02 14:15:39,658 - INFO - STEP 1: CA MATCH PROCESS
2025-12-02 14:15:39,658 - INFO - ======================================================================
2025-12-02 14:15:40,448 - INFO - Starting CA Match process...
2025-12-02 14:15:40,449 - INFO - ============================================================
2025-12-02 14:15:40,450 - INFO - CA MATCH PROCESS - OPTIMIZED VERSION
2025-12-02 14:15:40,451 - INFO - ============================================================
2025-12-02 14:15:40,452 - INFO - Initializing browser...
2025-12-02 14:15:42,631 - INFO - Browser initialized successfully
2025-12-02 14:15:42,632 - INFO - Logging in...
2025-12-02 14:15:48,495 - INFO - Navigating to Process Bank Records...
2025-12-02 14:15:59,756 - INFO - Starting auto-match process...
2025-12-02 14:16:09,788 - WARNING - Normal click failed for account link 'RPA Process Failed', trying force click...
2025-12-02 14:16:14,805 - WARNING - Force click failed, trying JS click...
2025-12-02 14:16:44,825 - ERROR - All click strategies failed for account link 'RPA Process Failed': Locator.evaluate: Timeout 30000ms exceeded.
Call log:
  - waiting for get_by_role("link", name="RPA Process Failed").last

2025-12-02 14:16:59,868 - WARNING - Normal click failed for Auto-Match button, trying force click...
2025-12-02 14:17:04,874 - WARNING - Force click failed, trying JS click...
2025-12-02 14:17:34,892 - ERROR - All click strategies failed for Auto-Match button: Locator.evaluate: Timeout 30000ms exceeded.
Call log:
  - waiting for locator("iframe[name=\"main\"]").content_frame.locator("#ctl00_phDS_ds_ToolBar_AutoMatch").get_by_text("Auto-Match")

2025-12-02 14:17:36,907 - INFO - Waiting for auto-match confirmation...
2025-12-02 14:17:41,915 - WARNING - No confirmation popup appeared - auto-match may not have started
2025-12-02 14:17:41,917 - INFO - Processing auto-matched items...
2025-12-02 14:17:51,923 - WARNING - Normal click failed for Process button, trying force click...
2025-12-02 14:17:56,937 - WARNING - Force click failed, trying JS click...
2025-12-02 14:18:26,957 - ERROR - All click strategies failed for Process button: Locator.evaluate: Timeout 30000ms exceeded.
Call log:
  - waiting for locator("iframe[name=\"main\"]").content_frame.locator("#ctl00_phDS_ds_ToolBar_ProcessMatched").get_by_text("Process")

2025-12-02 14:18:41,971 - WARNING - Normal click failed for Back button, trying force click...
2025-12-02 14:18:46,976 - WARNING - Force click failed, trying JS click...
2025-12-02 14:19:16,987 - ERROR - All click strategies failed for Back button: Locator.evaluate: Timeout 30000ms exceeded.
Call log:
  - waiting for locator("iframe[name=\"main\"]").content_frame.locator("#ctl00_phDS_ds_ToolBar_CancelCloseToList div").nth(3)

2025-12-02 14:19:19,999 - INFO - Starting manual matching process...
2025-12-02 14:19:30,018 - WARNING - Normal click failed for account link 'RPA Process Failed', trying force click...
2025-12-02 14:19:35,032 - WARNING - Force click failed, trying JS click...
2025-12-02 14:19:50,450 - INFO - ======================================================================
2025-12-02 14:19:50,450 - INFO - PLAYWRIGHT AUTOMATION RUNNER
2025-12-02 14:19:50,450 - INFO - ======================================================================
2025-12-02 14:19:50,451 - INFO - Account: CIM02
2025-12-02 14:19:50,451 - INFO - Date: 02/11/2025
2025-12-02 14:19:50,451 - INFO - Amount: 100.0
2025-12-02 14:19:50,452 - INFO - Headless Mode: True
2025-12-02 14:19:50,452 - INFO - Downloads Dir: C:\Users\Lenovo\OneDrive - Cognitive Consulting Sdn Bhd (1)\Desktop\SegmentationCompressionWork\PlayWright-Extractor\Downloads
2025-12-02 14:19:50,452 - INFO - ======================================================================
2025-12-02 14:19:50,453 - INFO - 
🚀 Starting complete automation workflow...

2025-12-02 14:19:50,453 - INFO - 
======================================================================
2025-12-02 14:19:50,453 - INFO - STEP 1: CA MATCH PROCESS
2025-12-02 14:19:50,453 - INFO - ======================================================================
2025-12-02 14:19:51,238 - INFO - Starting CA Match process...
2025-12-02 14:19:51,239 - INFO - ============================================================
2025-12-02 14:19:51,240 - INFO - CA MATCH PROCESS - OPTIMIZED VERSION
2025-12-02 14:19:51,240 - INFO - ============================================================
2025-12-02 14:19:51,241 - INFO - Initializing browser...
2025-12-02 14:19:51,542 - INFO - Browser initialized successfully
2025-12-02 14:19:51,543 - INFO - Logging in...
2025-12-02 14:19:53,545 - INFO - Navigating to Process Bank Records...
2025-12-02 14:20:03,037 - INFO - Starting auto-match process...
2025-12-02 14:20:03,181 - INFO - Clicked account link 'CIM02' successfully
2025-12-02 14:20:05,051 - ERROR - All click strategies failed for account link 'RPA Process Failed': Locator.evaluate: Timeout 30000ms exceeded.
Call log:
  - waiting for get_by_role("link", name="RPA Process Failed").last

2025-12-02 14:20:10,068 - INFO - Processing page 1...
2025-12-02 14:20:18,219 - WARNING - Normal click failed for Auto-Match button, trying force click...
2025-12-02 14:20:20,667 - INFO - Force clicked Auto-Match button
2025-12-02 14:20:22,694 - INFO - Waiting for auto-match confirmation...
2025-12-02 14:20:27,702 - WARNING - No confirmation popup appeared - auto-match may not have started
2025-12-02 14:20:27,704 - INFO - Processing auto-matched items...
2025-12-02 14:20:27,801 - INFO - Clicked Process button successfully
2025-12-02 14:20:30,087 - ERROR - Error during pagination on page 1: Frame.wait_for_selector: Timeout 20000ms exceeded.
Call log:
  - waiting for locator("#ctl00_phG_PXSplitContainer_grid1_dataT0")

2025-12-02 14:20:30,088 - INFO - Pagination complete - processed 0 total rows across 1 pages
2025-12-02 14:20:30,090 - INFO - Manual matching complete - 0 rows processed
2025-12-02 14:20:30,090 - INFO - Processing manually matched items...
2025-12-02 14:20:32,942 - INFO - Clicked Back button successfully
2025-12-02 14:20:35,958 - INFO - Starting manual matching process...
2025-12-02 14:20:36,067 - INFO - Clicked account link 'CIM02' successfully
2025-12-02 14:20:40,105 - WARNING - Normal click failed for Process button (after manual matching), trying force click...
2025-12-02 14:20:41,074 - INFO - Processing page 1...
2025-12-02 14:20:41,124 - INFO - Found 12 rows on page 1
2025-12-02 14:20:41,148 - INFO - Row 0 - Ext. Ref. Nbr.: 2507312241040258
2025-12-02 14:20:41,159 - INFO - Row 0 - Already matched, skipping
2025-12-02 14:20:41,178 - INFO - Row 1 - Ext. Ref. Nbr.: 2507311751140415
2025-12-02 14:20:41,189 - INFO - Row 1 - Already matched, skipping
2025-12-02 14:20:41,209 - INFO - Row 2 - Ext. Ref. Nbr.: 2507251839120853
2025-12-02 14:20:41,220 - INFO - Row 2 - UNMATCHED, attempting to match...
2025-12-02 14:20:41,311 - INFO - Clicked Ext. Ref. Nbr. in row 2 successfully
2025-12-02 14:20:45,111 - WARNING - Force click failed, trying JS click...
2025-12-02 14:20:46,358 - INFO - Found detail table Type B
2025-12-02 14:20:46,367 - INFO - Processing 6 rows in detail table
2025-12-02 14:20:46,398 - INFO - Row 1 - relevance: 30.0%
2025-12-02 14:20:46,417 - INFO - Row 2 - relevance: 28.462%
2025-12-02 14:20:46,437 - INFO - Row 3 - relevance: 26.705%
2025-12-02 14:20:46,457 - INFO - Row 4 - relevance: 24.523%
2025-12-02 14:20:46,466 - WARNING - Row 2 - No suitable match found
2025-12-02 14:20:46,489 - INFO - Row 3 - Ext. Ref. Nbr.: 30756388
2025-12-02 14:20:46,503 - INFO - Row 3 - Already matched, skipping
2025-12-02 14:20:46,526 - INFO - Row 4 - Ext. Ref. Nbr.: 30756388
2025-12-02 14:20:46,539 - INFO - Row 4 - Already matched, skipping
2025-12-02 14:20:46,562 - INFO - Row 5 - Ext. Ref. Nbr.: 2507210654350063
2025-12-02 14:20:46,578 - INFO - Row 5 - UNMATCHED, attempting to match...
2025-12-02 14:20:46,680 - INFO - Clicked Ext. Ref. Nbr. in row 5 successfully
2025-12-02 14:20:51,713 - INFO - Found detail table Type B
2025-12-02 14:20:51,723 - INFO - Processing 6 rows in detail table
2025-12-02 14:20:51,754 - INFO - Row 1 - relevance: 30.0%
2025-12-02 14:20:51,773 - INFO - Row 2 - relevance: 28.462%
2025-12-02 14:20:51,794 - INFO - Row 3 - relevance: 26.705%
2025-12-02 14:20:51,813 - INFO - Row 4 - relevance: 24.523%
2025-12-02 14:20:51,824 - WARNING - Row 5 - No suitable match found
2025-12-02 14:20:51,846 - INFO - Row 6 - Ext. Ref. Nbr.: 2507181637590200
2025-12-02 14:20:51,857 - INFO - Row 6 - Already matched, skipping
2025-12-02 14:20:51,877 - INFO - Row 7 - Ext. Ref. Nbr.: 2507150813200409
2025-12-02 14:20:51,887 - INFO - Row 7 - UNMATCHED, attempting to match...
2025-12-02 14:20:51,971 - INFO - Clicked Ext. Ref. Nbr. in row 7 successfully
2025-12-02 14:20:57,011 - INFO - Found detail table Type B
2025-12-02 14:20:57,021 - INFO - Processing 3 rows in detail table
2025-12-02 14:20:57,090 - INFO - Row 1 - relevance: 30.0%
2025-12-02 14:20:57,099 - WARNING - Row 7 - No suitable match found
2025-12-02 14:20:57,119 - INFO - Row 8 - Ext. Ref. Nbr.: 2507110714350678
2025-12-02 14:20:57,129 - INFO - Row 8 - Already matched, skipping
2025-12-02 14:20:57,149 - INFO - Row 9 - Ext. Ref. Nbr.: 2507051851570603
2025-12-02 14:20:57,159 - INFO - Row 9 - UNMATCHED, attempting to match...
2025-12-02 14:20:57,254 - INFO - Clicked Ext. Ref. Nbr. in row 9 successfully
2025-12-02 14:21:02,295 - INFO - Found detail table Type B
2025-12-02 14:21:02,304 - INFO - Processing 5 rows in detail table
2025-12-02 14:21:02,334 - INFO - Row 1 - relevance: 30.0%
2025-12-02 14:21:02,354 - INFO - Row 2 - relevance: 29.604%
2025-12-02 14:21:02,373 - INFO - Row 3 - relevance: 24.523%
2025-12-02 14:21:02,385 - WARNING - Row 9 - No suitable match found
2025-12-02 14:21:02,405 - INFO - Row 10 - Ext. Ref. Nbr.: 2507011814040342
2025-12-02 14:21:02,415 - INFO - Row 10 - UNMATCHED, attempting to match...
2025-12-02 14:21:02,482 - INFO - Clicked Ext. Ref. Nbr. in row 10 successfully
2025-12-02 14:21:07,511 - INFO - Found detail table Type B
2025-12-02 14:21:07,521 - INFO - Processing 5 rows in detail table
2025-12-02 14:21:07,552 - INFO - Row 1 - relevance: 30.0%
2025-12-02 14:21:07,572 - INFO - Row 2 - relevance: 26.705%
2025-12-02 14:21:07,591 - INFO - Row 3 - relevance: 24.523%
2025-12-02 14:21:07,602 - WARNING - Row 10 - No suitable match found
2025-12-02 14:21:07,612 - INFO - No more pages - pagination complete
2025-12-02 14:21:07,614 - INFO - Pagination complete - processed 11 total rows across 1 pages
2025-12-02 14:21:07,615 - INFO - Manual matching complete - 11 rows processed
2025-12-02 14:21:07,616 - INFO - Processing manually matched items...
2025-12-02 14:21:07,701 - INFO - Clicked Process button (after manual matching) successfully
2025-12-02 14:21:12,839 - INFO - Clicked Back to list button successfully
2025-12-02 14:21:15,122 - ERROR - All click strategies failed for Process button (after manual matching): Locator.evaluate: Timeout 30000ms exceeded.
Call log:
  - waiting for locator("iframe[name=\"main\"]").content_frame.locator("#ctl00_phDS_ds_ToolBar_ProcessMatched").get_by_text("Process")

2025-12-02 14:21:15,847 - INFO - Downloading results...
2025-12-02 14:21:15,963 - INFO - Clicked account link 'CIM02' successfully
2025-12-02 14:21:21,070 - INFO - Clicked Export dropdown successfully
2025-12-02 14:21:21,185 - INFO - Clicked Export to Excel button successfully
2025-12-02 14:21:30,144 - WARNING - Normal click failed for Back to list button, trying force click...
2025-12-02 14:21:32,703 - INFO - Download started: Process Bank Transactions 20251202.xlsx
2025-12-02 14:21:33,550 - INFO - âœ… File saved to: C:\Users\Lenovo\OneDrive - Cognitive Consulting Sdn Bhd (1)\Desktop\SegmentationCompressionWork\PlayWright-Extractor\Downloads\Process Bank Transactions 20251202.xlsx
2025-12-02 14:21:33,551 - INFO - Processing downloaded file: C:\Users\Lenovo\OneDrive - Cognitive Consulting Sdn Bhd (1)\Desktop\SegmentationCompressionWork\PlayWright-Extractor\Downloads\Process Bank Transactions 20251202.xlsx
2025-12-02 14:21:33,880 - WARNING - Could not determine dtype for column 1, falling back to string
2025-12-02 14:21:33,880 - WARNING - Could not determine dtype for column 6, falling back to string
2025-12-02 14:21:33,881 - WARNING - Could not determine dtype for column 8, falling back to string
2025-12-02 14:21:33,881 - WARNING - Could not determine dtype for column 9, falling back to string
2025-12-02 14:21:33,882 - WARNING - Could not determine dtype for column 11, falling back to string
2025-12-02 14:21:33,882 - WARNING - Could not determine dtype for column 13, falling back to string
2025-12-02 14:21:33,882 - WARNING - Could not determine dtype for column 14, falling back to string
2025-12-02 14:21:33,883 - WARNING - Could not determine dtype for column 17, falling back to string
2025-12-02 14:21:33,883 - WARNING - Could not determine dtype for column 18, falling back to string
2025-12-02 14:21:33,883 - WARNING - Could not determine dtype for column 20, falling back to string
2025-12-02 14:21:34,016 - INFO - Processed 11 records from downloaded file
2025-12-02 14:21:34,190 - INFO - Browser cleanup completed
2025-12-02 14:21:34,192 - INFO - Chaining to Extract Reconciliation Statement...
2025-12-02 14:21:35,153 - WARNING - Force click failed, trying JS click...
2025-12-02 14:22:05,161 - ERROR - All click strategies failed for Back to list button: Locator.evaluate: Timeout 30000ms exceeded.
Call log:
  - waiting for locator("iframe[name=\"main\"]").content_frame.locator("#ctl00_phDS_ds_ToolBar_CancelCloseToList div").first

2025-12-02 14:22:08,170 - INFO - Downloading results...
2025-12-02 14:22:18,198 - WARNING - Normal click failed for account link 'RPA Process Failed', trying force click...
2025-12-02 14:22:23,208 - WARNING - Force click failed, trying JS click...
2025-12-02 14:22:53,229 - ERROR - All click strategies failed for account link 'RPA Process Failed': Locator.evaluate: Timeout 30000ms exceeded.
Call log:
  - waiting for get_by_role("link", name="RPA Process Failed").last

2025-12-02 14:23:08,262 - WARNING - Normal click failed for Export dropdown, trying force click...
2025-12-02 14:23:13,271 - WARNING - Force click failed, trying JS click...
2025-12-02 14:23:30,814 - WARNING - Could not determine dtype for column 2, falling back to string
2025-12-02 14:23:30,814 - WARNING - Could not determine dtype for column 11, falling back to string
2025-12-02 14:23:30,815 - WARNING - Could not determine dtype for column 12, falling back to string
2025-12-02 14:23:43,281 - ERROR - All click strategies failed for Export dropdown: Locator.evaluate: Timeout 30000ms exceeded.
Call log:
  - waiting for locator("iframe[name=\"main\"]").content_frame.locator("#ctl00_phG_PXSplitContainer_grid1_at_tlb_ul > li:nth-child(14)")

2025-12-02 14:23:53,297 - WARNING - Normal click failed for Export to Excel button, trying force click...
2025-12-02 14:23:58,314 - WARNING - Force click failed, trying JS click...
2025-12-02 14:24:28,322 - ERROR - All click strategies failed for Export to Excel button: Locator.evaluate: Timeout 30000ms exceeded.
Call log:
  - waiting for locator("#ctl00_phG_PXSplitContainer_grid1_at_tlb_menuhi_item_3")

2025-12-02 14:24:28,323 - ERROR - FATAL ERROR: Timeout 30000ms exceeded while waiting for event "download"
=========================== logs ===========================
waiting for event "download"
============================================================
2025-12-02 14:24:28,455 - INFO - Browser cleanup completed
2025-12-02 14:24:28,472 - ERROR - ❌ CA Match failed: Timeout 30000ms exceeded while waiting for event "download"
=========================== logs ===========================
waiting for event "download"
============================================================
Traceback (most recent call last):
  File "C:\Users\Lenovo\OneDrive - Cognitive Consulting Sdn Bhd (1)\Desktop\SegmentationCompressionWork\PlayWright-Extractor\playwright_scripts\run_playwright.py", line 142, in run_ca_match
    records = process_bank_transactions(
              ^^^^^^^^^^^^^^^^^^^^^^^^^^
  File "C:\Users\Lenovo\OneDrive - Cognitive Consulting Sdn Bhd (1)\Desktop\SegmentationCompressionWork\PlayWright-Extractor\playwright_scripts\CA_Match_Process_Optimized.py", line 643, in process_bank_transactions
    return processor.run()
           ^^^^^^^^^^^^^^^
  File "C:\Users\Lenovo\OneDrive - Cognitive Consulting Sdn Bhd (1)\Desktop\SegmentationCompressionWork\PlayWright-Extractor\playwright_scripts\CA_Match_Process_Optimized.py", line 540, in run
    save_path = self.download_results()
                ^^^^^^^^^^^^^^^^^^^^^^^
  File "C:\Users\Lenovo\OneDrive - Cognitive Consulting Sdn Bhd (1)\Desktop\SegmentationCompressionWork\PlayWright-Extractor\playwright_scripts\CA_Match_Process_Optimized.py", line 457, in download_results
    with self.page.expect_download() as download_info:
  File "C:\Users\Lenovo\OneDrive - Cognitive Consulting Sdn Bhd (1)\Desktop\SegmentationCompressionWork\PlayWright-Extractor\.venv_clean\Lib\site-packages\playwright\_impl\_sync_base.py", line 85, in __exit__
    self._event.value
  File "C:\Users\Lenovo\OneDrive - Cognitive Consulting Sdn Bhd (1)\Desktop\SegmentationCompressionWork\PlayWright-Extractor\.venv_clean\Lib\site-packages\playwright\_impl\_sync_base.py", line 59, in value
    raise exception
playwright._impl._errors.TimeoutError: Timeout 30000ms exceeded while waiting for event "download"
=========================== logs ===========================
waiting for event "download"
============================================================
2025-12-02 14:24:28,473 - ERROR - 
======================================================================
2025-12-02 14:24:28,474 - ERROR - ❌ AUTOMATION WORKFLOW FAILED
2025-12-02 14:24:28,474 - ERROR - ======================================================================
2025-12-02 14:24:28,474 - ERROR - Error: Timeout 30000ms exceeded while waiting for event "download"
=========================== logs ===========================
waiting for event "download"
============================================================
2025-12-02 14:24:28,474 - ERROR - ======================================================================
2025-12-02 14:24:30,560 - INFO - ======================================================================
2025-12-02 14:24:30,561 - INFO - PLAYWRIGHT AUTOMATION RUNNER
2025-12-02 14:24:30,561 - INFO - ======================================================================
2025-12-02 14:24:30,562 - INFO - Account: RPA Process Failed
2025-12-02 14:24:30,562 - INFO - Date: RPA Process Failed
2025-12-02 14:24:30,562 - INFO - Amount: 100.0
2025-12-02 14:24:30,562 - INFO - Headless Mode: True
2025-12-02 14:24:30,562 - INFO - Downloads Dir: C:\Users\Lenovo\OneDrive - Cognitive Consulting Sdn Bhd (1)\Desktop\SegmentationCompressionWork\PlayWright-Extractor\Downloads
2025-12-02 14:24:30,562 - INFO - ======================================================================
2025-12-02 14:24:30,563 - INFO - 
🚀 Starting complete automation workflow...

2025-12-02 14:24:30,563 - INFO - 
======================================================================
2025-12-02 14:24:30,563 - INFO - STEP 1: CA MATCH PROCESS
2025-12-02 14:24:30,564 - INFO - ======================================================================
2025-12-02 14:24:31,338 - INFO - Starting CA Match process...
2025-12-02 14:24:31,339 - INFO - ============================================================
2025-12-02 14:24:31,340 - INFO - CA MATCH PROCESS - OPTIMIZED VERSION
2025-12-02 14:24:31,340 - INFO - ============================================================
2025-12-02 14:24:31,341 - INFO - Initializing browser...
2025-12-02 14:24:31,647 - INFO - Browser initialized successfully
2025-12-02 14:24:31,648 - INFO - Logging in...
2025-12-02 14:24:33,550 - INFO - Navigating to Process Bank Records...
2025-12-02 14:24:43,057 - INFO - Starting auto-match process...
2025-12-02 14:24:53,085 - WARNING - Normal click failed for account link 'RPA Process Failed', trying force click...
2025-12-02 14:24:58,091 - WARNING - Force click failed, trying JS click...
2025-12-02 14:25:28,103 - ERROR - All click strategies failed for account link 'RPA Process Failed': Locator.evaluate: Timeout 30000ms exceeded.
Call log:
  - waiting for get_by_role("link", name="RPA Process Failed").last

2025-12-02 14:25:43,135 - WARNING - Normal click failed for Auto-Match button, trying force click...
2025-12-02 14:25:48,140 - WARNING - Force click failed, trying JS click...
2025-12-02 14:26:18,151 - ERROR - All click strategies failed for Auto-Match button: Locator.evaluate: Timeout 30000ms exceeded.
Call log:
  - waiting for locator("iframe[name=\"main\"]").content_frame.locator("#ctl00_phDS_ds_ToolBar_AutoMatch").get_by_text("Auto-Match")

2025-12-02 14:26:20,182 - INFO - Waiting for auto-match confirmation...
2025-12-02 14:26:25,195 - WARNING - No confirmation popup appeared - auto-match may not have started
2025-12-02 14:26:25,196 - INFO - Processing auto-matched items...
2025-12-02 14:26:35,206 - WARNING - Normal click failed for Process button, trying force click...
2025-12-02 14:26:40,210 - WARNING - Force click failed, trying JS click...
2025-12-02 14:27:10,230 - ERROR - All click strategies failed for Process button: Locator.evaluate: Timeout 30000ms exceeded.
Call log:
  - waiting for locator("iframe[name=\"main\"]").content_frame.locator("#ctl00_phDS_ds_ToolBar_ProcessMatched").get_by_text("Process")

2025-12-02 14:27:25,253 - WARNING - Normal click failed for Back button, trying force click...
2025-12-02 14:27:30,269 - WARNING - Force click failed, trying JS click...
2025-12-02 14:28:00,282 - ERROR - All click strategies failed for Back button: Locator.evaluate: Timeout 30000ms exceeded.
Call log:
  - waiting for locator("iframe[name=\"main\"]").content_frame.locator("#ctl00_phDS_ds_ToolBar_CancelCloseToList div").nth(3)

2025-12-02 14:28:03,303 - INFO - Starting manual matching process...
2025-12-02 14:28:13,327 - WARNING - Normal click failed for account link 'RPA Process Failed', trying force click...
2025-12-02 14:28:18,337 - WARNING - Force click failed, trying JS click...
2025-12-02 14:28:48,353 - ERROR - All click strategies failed for account link 'RPA Process Failed': Locator.evaluate: Timeout 30000ms exceeded.
Call log:
  - waiting for get_by_role("link", name="RPA Process Failed").last

2025-12-02 14:28:53,362 - INFO - Processing page 1...
2025-12-02 14:29:13,384 - ERROR - Error during pagination on page 1: Frame.wait_for_selector: Timeout 20000ms exceeded.
Call log:
  - waiting for locator("#ctl00_phG_PXSplitContainer_grid1_dataT0")

2025-12-02 14:29:13,385 - INFO - Pagination complete - processed 0 total rows across 1 pages
2025-12-02 14:29:13,387 - INFO - Manual matching complete - 0 rows processed
2025-12-02 14:29:13,388 - INFO - Processing manually matched items...
2025-12-02 14:29:23,398 - WARNING - Normal click failed for Process button (after manual matching), trying force click...
2025-12-02 14:29:28,405 - WARNING - Force click failed, trying JS click...
2025-12-02 14:29:58,422 - ERROR - All click strategies failed for Process button (after manual matching): Locator.evaluate: Timeout 30000ms exceeded.
Call log:
  - waiting for locator("iframe[name=\"main\"]").content_frame.locator("#ctl00_phDS_ds_ToolBar_ProcessMatched").get_by_text("Process")

2025-12-02 14:30:13,446 - WARNING - Normal click failed for Back to list button, trying force click...
2025-12-02 14:30:18,466 - WARNING - Force click failed, trying JS click...
2025-12-02 14:30:48,481 - ERROR - All click strategies failed for Back to list button: Locator.evaluate: Timeout 30000ms exceeded.
Call log:
  - waiting for locator("iframe[name=\"main\"]").content_frame.locator("#ctl00_phDS_ds_ToolBar_CancelCloseToList div").first

2025-12-02 14:30:51,494 - INFO - Downloading results...
2025-12-02 14:31:01,527 - WARNING - Normal click failed for account link 'RPA Process Failed', trying force click...
2025-12-02 14:31:06,538 - WARNING - Force click failed, trying JS click...
2025-12-02 14:31:36,554 - ERROR - All click strategies failed for account link 'RPA Process Failed': Locator.evaluate: Timeout 30000ms exceeded.
Call log:
  - waiting for get_by_role("link", name="RPA Process Failed").last

2025-12-02 14:31:51,593 - WARNING - Normal click failed for Export dropdown, trying force click...
2025-12-02 14:31:56,608 - WARNING - Force click failed, trying JS click...
2025-12-02 14:32:26,619 - ERROR - All click strategies failed for Export dropdown: Locator.evaluate: Timeout 30000ms exceeded.
Call log:
  - waiting for locator("iframe[name=\"main\"]").content_frame.locator("#ctl00_phG_PXSplitContainer_grid1_at_tlb_ul > li:nth-child(14)")

2025-12-02 14:32:36,633 - WARNING - Normal click failed for Export to Excel button, trying force click...
2025-12-02 14:32:41,640 - WARNING - Force click failed, trying JS click...
2025-12-02 14:33:11,647 - ERROR - All click strategies failed for Export to Excel button: Locator.evaluate: Timeout 30000ms exceeded.
Call log:
  - waiting for locator("#ctl00_phG_PXSplitContainer_grid1_at_tlb_menuhi_item_3")

2025-12-02 14:33:11,649 - ERROR - FATAL ERROR: Timeout 30000ms exceeded while waiting for event "download"
=========================== logs ===========================
waiting for event "download"
============================================================
2025-12-02 14:33:11,780 - INFO - Browser cleanup completed
2025-12-02 14:33:11,802 - ERROR - ❌ CA Match failed: Timeout 30000ms exceeded while waiting for event "download"
=========================== logs ===========================
waiting for event "download"
============================================================
Traceback (most recent call last):
  File "C:\Users\Lenovo\OneDrive - Cognitive Consulting Sdn Bhd (1)\Desktop\SegmentationCompressionWork\PlayWright-Extractor\playwright_scripts\run_playwright.py", line 142, in run_ca_match
    records = process_bank_transactions(
              ^^^^^^^^^^^^^^^^^^^^^^^^^^
  File "C:\Users\Lenovo\OneDrive - Cognitive Consulting Sdn Bhd (1)\Desktop\SegmentationCompressionWork\PlayWright-Extractor\playwright_scripts\CA_Match_Process_Optimized.py", line 643, in process_bank_transactions
    return processor.run()
           ^^^^^^^^^^^^^^^
  File "C:\Users\Lenovo\OneDrive - Cognitive Consulting Sdn Bhd (1)\Desktop\SegmentationCompressionWork\PlayWright-Extractor\playwright_scripts\CA_Match_Process_Optimized.py", line 540, in run
    save_path = self.download_results()
                ^^^^^^^^^^^^^^^^^^^^^^^
  File "C:\Users\Lenovo\OneDrive - Cognitive Consulting Sdn Bhd (1)\Desktop\SegmentationCompressionWork\PlayWright-Extractor\playwright_scripts\CA_Match_Process_Optimized.py", line 457, in download_results
    with self.page.expect_download() as download_info:
  File "C:\Users\Lenovo\OneDrive - Cognitive Consulting Sdn Bhd (1)\Desktop\SegmentationCompressionWork\PlayWright-Extractor\.venv_clean\Lib\site-packages\playwright\_impl\_sync_base.py", line 85, in __exit__
    self._event.value
  File "C:\Users\Lenovo\OneDrive - Cognitive Consulting Sdn Bhd (1)\Desktop\SegmentationCompressionWork\PlayWright-Extractor\.venv_clean\Lib\site-packages\playwright\_impl\_sync_base.py", line 59, in value
    raise exception
playwright._impl._errors.TimeoutError: Timeout 30000ms exceeded while waiting for event "download"
=========================== logs ===========================
waiting for event "download"
============================================================
2025-12-02 14:33:11,804 - ERROR - 
======================================================================
2025-12-02 14:33:11,804 - ERROR - ❌ AUTOMATION WORKFLOW FAILED
2025-12-02 14:33:11,805 - ERROR - ======================================================================
2025-12-02 14:33:11,805 - ERROR - Error: Timeout 30000ms exceeded while waiting for event "download"
=========================== logs ===========================
waiting for event "download"
============================================================
2025-12-02 14:33:11,805 - ERROR - ======================================================================
2025-12-02 14:33:27,262 - INFO - Loaded 11 bank transactions and 3719 company transactions
2025-12-02 14:33:27,268 - INFO - Starting Stage 1: Traditional reconciliation pipeline...
2025-12-02 14:33:27,305 - DEBUG - MBB02 credit card matcher skipped: support module not available
2025-12-02 14:33:27,308 - INFO - Finding transaction ID matches...
2025-12-02 14:33:29,392 - INFO - Finding bank charges...
2025-12-02 14:33:29,396 - DEBUG - After bank charges detection: 1 matched (added 1)
2025-12-02 14:33:29,397 - INFO - Detected 1 bank charges
2025-12-02 14:33:29,398 - INFO - Finding Reverse CE GL matches...
2025-12-02 14:33:30,372 - INFO - Found 2 Reverse CE GL matches
2025-12-02 14:33:30,376 - INFO - Finding name and amount matches...
2025-12-02 14:33:33,680 - INFO - Found 9 name and amount matches
2025-12-02 14:33:33,681 - INFO - Finding Hungarian 1:1 matches...
2025-12-02 14:33:40,650 - INFO - Hungarian 1:1: 0 matches | pairs scored=45, kept=0, time=6.97s
2025-12-02 14:33:40,653 - INFO - Finding enhanced 1:1 matches...
2025-12-02 14:33:41,991 - INFO - Found 0 enhanced 1:1 matches
2025-12-02 14:33:41,994 - INFO - Finding amount and date matches...
2025-12-02 14:33:42,167 - INFO - Found 0 amount and date matches
2025-12-02 14:33:42,169 - INFO - Finding fuzzy matches...
2025-12-02 14:33:46,161 - INFO - ======================================================================
2025-12-02 14:33:46,161 - INFO - PLAYWRIGHT AUTOMATION RUNNER
2025-12-02 14:33:46,162 - INFO - ======================================================================
2025-12-02 14:33:46,162 - INFO - Account: RPA Process Failed
2025-12-02 14:33:46,162 - INFO - Date: RPA Process Failed
2025-12-02 14:33:46,163 - INFO - Amount: 100.0
2025-12-02 14:33:46,163 - INFO - Headless Mode: True
2025-12-02 14:33:46,163 - INFO - Downloads Dir: C:\Users\Lenovo\OneDrive - Cognitive Consulting Sdn Bhd (1)\Desktop\SegmentationCompressionWork\PlayWright-Extractor\Downloads
2025-12-02 14:33:46,163 - INFO - ======================================================================
2025-12-02 14:33:46,164 - INFO - 
🚀 Starting complete automation workflow...

2025-12-02 14:33:46,164 - INFO - 
======================================================================
2025-12-02 14:33:46,164 - INFO - STEP 1: CA MATCH PROCESS
2025-12-02 14:33:46,164 - INFO - ======================================================================
2025-12-02 14:33:46,996 - INFO - Starting CA Match process...
2025-12-02 14:33:46,997 - INFO - ============================================================
2025-12-02 14:33:46,998 - INFO - CA MATCH PROCESS - OPTIMIZED VERSION
2025-12-02 14:33:46,999 - INFO - ============================================================
2025-12-02 14:33:47,000 - INFO - Initializing browser...
2025-12-02 14:33:47,322 - INFO - Browser initialized successfully
2025-12-02 14:33:47,323 - INFO - Logging in...
2025-12-02 14:33:49,482 - INFO - Navigating to Process Bank Records...
2025-12-02 14:33:59,489 - INFO - Starting auto-match process...
2025-12-02 14:34:09,515 - WARNING - Normal click failed for account link 'RPA Process Failed', trying force click...
2025-12-02 14:34:14,529 - WARNING - Force click failed, trying JS click...
2025-12-02 14:34:44,537 - ERROR - All click strategies failed for account link 'RPA Process Failed': Locator.evaluate: Timeout 30000ms exceeded.
Call log:
  - waiting for get_by_role("link", name="RPA Process Failed").last

2025-12-02 14:34:59,584 - WARNING - Normal click failed for Auto-Match button, trying force click...
2025-12-02 14:35:04,594 - WARNING - Force click failed, trying JS click...
2025-12-02 14:35:34,607 - ERROR - All click strategies failed for Auto-Match button: Locator.evaluate: Timeout 30000ms exceeded.
Call log:
  - waiting for locator("iframe[name=\"main\"]").content_frame.locator("#ctl00_phDS_ds_ToolBar_AutoMatch").get_by_text("Auto-Match")

2025-12-02 14:35:36,630 - INFO - Waiting for auto-match confirmation...
2025-12-02 14:35:39,039 - INFO - ============================================================
2025-12-02 14:35:39,040 - INFO - CA MATCH PROCESS COMPLETED SUCCESSFULLY
2025-12-02 14:35:39,041 - INFO - ============================================================
2025-12-02 14:35:39,042 - INFO - ✅ CA Match completed: 11 records processed
2025-12-02 14:35:39,059 - INFO - 
======================================================================
2025-12-02 14:35:39,060 - INFO - ✅ COMPLETE AUTOMATION WORKFLOW FINISHED SUCCESSFULLY
2025-12-02 14:35:39,060 - INFO - ======================================================================
2025-12-02 14:35:39,060 - INFO - 
Workflow Summary:
2025-12-02 14:35:39,060 - INFO -   ✅ CA Match Process - Completed
2025-12-02 14:35:39,061 - INFO -   ✅ Extract Reconciliation Statement - Completed (chained)
2025-12-02 14:35:39,061 - INFO -   ✅ RaasPlus Reconciliation - Completed (chained)
2025-12-02 14:35:39,061 - INFO -   ✅ Match Statement - Completed (chained)
2025-12-02 14:35:39,061 - INFO - 
All processes completed successfully!
2025-12-02 14:35:39,062 - INFO - Check logs for detailed information.
2025-12-02 14:35:39,062 - INFO - ======================================================================
2025-12-02 14:35:41,643 - WARNING - No confirmation popup appeared - auto-match may not have started
2025-12-02 14:35:41,644 - INFO - Processing auto-matched items...
2025-12-02 14:35:51,648 - WARNING - Normal click failed for Process button, trying force click...
2025-12-02 14:35:56,656 - WARNING - Force click failed, trying JS click...
2025-12-02 14:36:26,671 - ERROR - All click strategies failed for Process button: Locator.evaluate: Timeout 30000ms exceeded.
Call log:
  - waiting for locator("iframe[name=\"main\"]").content_frame.locator("#ctl00_phDS_ds_ToolBar_ProcessMatched").get_by_text("Process")

2025-12-02 14:36:41,690 - WARNING - Normal click failed for Back button, trying force click...
2025-12-02 14:36:46,702 - WARNING - Force click failed, trying JS click...
2025-12-02 14:37:16,721 - ERROR - All click strategies failed for Back button: Locator.evaluate: Timeout 30000ms exceeded.
Call log:
  - waiting for locator("iframe[name=\"main\"]").content_frame.locator("#ctl00_phDS_ds_ToolBar_CancelCloseToList div").nth(3)

2025-12-02 14:37:19,740 - INFO - Starting manual matching process...
2025-12-02 14:37:29,757 - WARNING - Normal click failed for account link 'RPA Process Failed', trying force click...
2025-12-02 14:37:34,770 - WARNING - Force click failed, trying JS click...
2025-12-02 14:38:04,787 - ERROR - All click strategies failed for account link 'RPA Process Failed': Locator.evaluate: Timeout 30000ms exceeded.
Call log:
  - waiting for get_by_role("link", name="RPA Process Failed").last

2025-12-02 14:38:09,803 - INFO - Processing page 1...
2025-12-02 14:38:29,809 - ERROR - Error during pagination on page 1: Frame.wait_for_selector: Timeout 20000ms exceeded.
Call log:
  - waiting for locator("#ctl00_phG_PXSplitContainer_grid1_dataT0")

2025-12-02 14:38:29,810 - INFO - Pagination complete - processed 0 total rows across 1 pages
2025-12-02 14:38:29,811 - INFO - Manual matching complete - 0 rows processed
2025-12-02 14:38:29,812 - INFO - Processing manually matched items...
2025-12-02 14:38:39,831 - WARNING - Normal click failed for Process button (after manual matching), trying force click...
2025-12-02 14:38:44,837 - WARNING - Force click failed, trying JS click...
2025-12-02 14:39:14,848 - ERROR - All click strategies failed for Process button (after manual matching): Locator.evaluate: Timeout 30000ms exceeded.
Call log:
  - waiting for locator("iframe[name=\"main\"]").content_frame.locator("#ctl00_phDS_ds_ToolBar_ProcessMatched").get_by_text("Process")

2025-12-02 14:39:29,873 - WARNING - Normal click failed for Back to list button, trying force click...
2025-12-02 14:39:34,889 - WARNING - Force click failed, trying JS click...
2025-12-02 14:40:04,902 - ERROR - All click strategies failed for Back to list button: Locator.evaluate: Timeout 30000ms exceeded.
Call log:
  - waiting for locator("iframe[name=\"main\"]").content_frame.locator("#ctl00_phDS_ds_ToolBar_CancelCloseToList div").first

2025-12-02 14:40:07,921 - INFO - Downloading results...
2025-12-02 14:40:17,949 - WARNING - Normal click failed for account link 'RPA Process Failed', trying force click...
2025-12-02 14:40:22,971 - WARNING - Force click failed, trying JS click...
2025-12-02 14:40:52,980 - ERROR - All click strategies failed for account link 'RPA Process Failed': Locator.evaluate: Timeout 30000ms exceeded.
Call log:
  - waiting for get_by_role("link", name="RPA Process Failed").last

2025-12-02 14:41:08,005 - WARNING - Normal click failed for Export dropdown, trying force click...
2025-12-02 14:41:13,022 - WARNING - Force click failed, trying JS click...
2025-12-02 14:41:43,031 - ERROR - All click strategies failed for Export dropdown: Locator.evaluate: Timeout 30000ms exceeded.
Call log:
  - waiting for locator("iframe[name=\"main\"]").content_frame.locator("#ctl00_phG_PXSplitContainer_grid1_at_tlb_ul > li:nth-child(14)")

2025-12-02 14:41:53,043 - WARNING - Normal click failed for Export to Excel button, trying force click...
2025-12-02 14:41:58,048 - WARNING - Force click failed, trying JS click...
2025-12-02 14:42:28,058 - ERROR - All click strategies failed for Export to Excel button: Locator.evaluate: Timeout 30000ms exceeded.
Call log:
  - waiting for locator("#ctl00_phG_PXSplitContainer_grid1_at_tlb_menuhi_item_3")

2025-12-02 14:42:28,060 - ERROR - FATAL ERROR: Timeout 30000ms exceeded while waiting for event "download"
=========================== logs ===========================
waiting for event "download"
============================================================
2025-12-02 14:42:28,178 - INFO - Browser cleanup completed
2025-12-02 14:42:28,197 - ERROR - ❌ CA Match failed: Timeout 30000ms exceeded while waiting for event "download"
=========================== logs ===========================
waiting for event "download"
============================================================
Traceback (most recent call last):
  File "C:\Users\Lenovo\OneDrive - Cognitive Consulting Sdn Bhd (1)\Desktop\SegmentationCompressionWork\PlayWright-Extractor\playwright_scripts\run_playwright.py", line 142, in run_ca_match
    records = process_bank_transactions(
              ^^^^^^^^^^^^^^^^^^^^^^^^^^
  File "C:\Users\Lenovo\OneDrive - Cognitive Consulting Sdn Bhd (1)\Desktop\SegmentationCompressionWork\PlayWright-Extractor\playwright_scripts\CA_Match_Process_Optimized.py", line 643, in process_bank_transactions
    return processor.run()
           ^^^^^^^^^^^^^^^
  File "C:\Users\Lenovo\OneDrive - Cognitive Consulting Sdn Bhd (1)\Desktop\SegmentationCompressionWork\PlayWright-Extractor\playwright_scripts\CA_Match_Process_Optimized.py", line 540, in run
    save_path = self.download_results()
                ^^^^^^^^^^^^^^^^^^^^^^^
  File "C:\Users\Lenovo\OneDrive - Cognitive Consulting Sdn Bhd (1)\Desktop\SegmentationCompressionWork\PlayWright-Extractor\playwright_scripts\CA_Match_Process_Optimized.py", line 457, in download_results
    with self.page.expect_download() as download_info:
  File "C:\Users\Lenovo\OneDrive - Cognitive Consulting Sdn Bhd (1)\Desktop\SegmentationCompressionWork\PlayWright-Extractor\.venv_clean\Lib\site-packages\playwright\_impl\_sync_base.py", line 85, in __exit__
    self._event.value
  File "C:\Users\Lenovo\OneDrive - Cognitive Consulting Sdn Bhd (1)\Desktop\SegmentationCompressionWork\PlayWright-Extractor\.venv_clean\Lib\site-packages\playwright\_impl\_sync_base.py", line 59, in value
    raise exception
playwright._impl._errors.TimeoutError: Timeout 30000ms exceeded while waiting for event "download"
=========================== logs ===========================
waiting for event "download"
============================================================
2025-12-02 14:42:28,199 - ERROR - 
======================================================================
2025-12-02 14:42:28,200 - ERROR - ❌ AUTOMATION WORKFLOW FAILED
2025-12-02 14:42:28,200 - ERROR - ======================================================================
2025-12-02 14:42:28,200 - ERROR - Error: Timeout 30000ms exceeded while waiting for event "download"
=========================== logs ===========================
waiting for event "download"
============================================================
2025-12-02 14:42:28,200 - ERROR - ======================================================================
2025-12-02 14:42:30,248 - INFO - ======================================================================
2025-12-02 14:42:30,248 - INFO - PLAYWRIGHT AUTOMATION RUNNER
2025-12-02 14:42:30,248 - INFO - ======================================================================
2025-12-02 14:42:30,249 - INFO - Account: RPA Process Failed
2025-12-02 14:42:30,249 - INFO - Date: RPA Process Failed
2025-12-02 14:42:30,249 - INFO - Amount: 100.0
2025-12-02 14:42:30,249 - INFO - Headless Mode: True
2025-12-02 14:42:30,250 - INFO - Downloads Dir: C:\Users\Lenovo\OneDrive - Cognitive Consulting Sdn Bhd (1)\Desktop\SegmentationCompressionWork\PlayWright-Extractor\Downloads
2025-12-02 14:42:30,250 - INFO - ======================================================================
2025-12-02 14:42:30,251 - INFO - 
🚀 Starting complete automation workflow...

2025-12-02 14:42:30,251 - INFO - 
======================================================================
2025-12-02 14:42:30,251 - INFO - STEP 1: CA MATCH PROCESS
2025-12-02 14:42:30,251 - INFO - ======================================================================
2025-12-02 14:42:31,029 - INFO - Starting CA Match process...
2025-12-02 14:42:31,031 - INFO - ============================================================
2025-12-02 14:42:31,032 - INFO - CA MATCH PROCESS - OPTIMIZED VERSION
2025-12-02 14:42:31,032 - INFO - ============================================================
2025-12-02 14:42:31,033 - INFO - Initializing browser...
2025-12-02 14:42:31,319 - INFO - Browser initialized successfully
2025-12-02 14:42:31,319 - INFO - Logging in...
2025-12-02 14:42:33,073 - INFO - Navigating to Process Bank Records...
2025-12-02 14:42:42,248 - INFO - Starting auto-match process...
2025-12-02 14:42:52,289 - WARNING - Normal click failed for account link 'RPA Process Failed', trying force click...
2025-12-02 14:42:57,297 - WARNING - Force click failed, trying JS click...
2025-12-02 14:43:27,308 - ERROR - All click strategies failed for account link 'RPA Process Failed': Locator.evaluate: Timeout 30000ms exceeded.
Call log:
  - waiting for get_by_role("link", name="RPA Process Failed").last

2025-12-02 14:43:42,342 - WARNING - Normal click failed for Auto-Match button, trying force click...
2025-12-02 14:43:47,363 - WARNING - Force click failed, trying JS click...
2025-12-02 14:44:17,374 - ERROR - All click strategies failed for Auto-Match button: Locator.evaluate: Timeout 30000ms exceeded.
Call log:
  - waiting for locator("iframe[name=\"main\"]").content_frame.locator("#ctl00_phDS_ds_ToolBar_AutoMatch").get_by_text("Auto-Match")

2025-12-02 14:44:19,394 - INFO - Waiting for auto-match confirmation...
2025-12-02 14:44:24,415 - WARNING - No confirmation popup appeared - auto-match may not have started
2025-12-02 14:44:24,416 - INFO - Processing auto-matched items...
2025-12-02 14:44:34,431 - WARNING - Normal click failed for Process button, trying force click...
2025-12-02 14:44:39,451 - WARNING - Force click failed, trying JS click...
2025-12-02 14:45:09,468 - ERROR - All click strategies failed for Process button: Locator.evaluate: Timeout 30000ms exceeded.
Call log:
  - waiting for locator("iframe[name=\"main\"]").content_frame.locator("#ctl00_phDS_ds_ToolBar_ProcessMatched").get_by_text("Process")

2025-12-02 14:45:24,496 - WARNING - Normal click failed for Back button, trying force click...
2025-12-02 14:45:29,513 - WARNING - Force click failed, trying JS click...
2025-12-02 14:45:59,534 - ERROR - All click strategies failed for Back button: Locator.evaluate: Timeout 30000ms exceeded.
Call log:
  - waiting for locator("iframe[name=\"main\"]").content_frame.locator("#ctl00_phDS_ds_ToolBar_CancelCloseToList div").nth(3)

2025-12-02 14:46:02,554 - INFO - Starting manual matching process...
2025-12-02 14:46:12,580 - WARNING - Normal click failed for account link 'RPA Process Failed', trying force click...
2025-12-02 14:46:17,593 - WARNING - Force click failed, trying JS click...
2025-12-02 14:46:47,604 - ERROR - All click strategies failed for account link 'RPA Process Failed': Locator.evaluate: Timeout 30000ms exceeded.
Call log:
  - waiting for get_by_role("link", name="RPA Process Failed").last

2025-12-02 14:46:52,620 - INFO - Processing page 1...
2025-12-02 14:47:12,632 - ERROR - Error during pagination on page 1: Frame.wait_for_selector: Timeout 20000ms exceeded.
Call log:
  - waiting for locator("#ctl00_phG_PXSplitContainer_grid1_dataT0")

2025-12-02 14:47:12,633 - INFO - Pagination complete - processed 0 total rows across 1 pages
2025-12-02 14:47:12,634 - INFO - Manual matching complete - 0 rows processed
2025-12-02 14:47:12,635 - INFO - Processing manually matched items...
2025-12-02 14:47:22,657 - WARNING - Normal click failed for Process button (after manual matching), trying force click...
2025-12-02 14:47:27,678 - WARNING - Force click failed, trying JS click...
2025-12-02 14:47:57,685 - ERROR - All click strategies failed for Process button (after manual matching): Locator.evaluate: Timeout 30000ms exceeded.
Call log:
  - waiting for locator("iframe[name=\"main\"]").content_frame.locator("#ctl00_phDS_ds_ToolBar_ProcessMatched").get_by_text("Process")

2025-12-02 14:48:12,698 - WARNING - Normal click failed for Back to list button, trying force click...
2025-12-02 14:48:17,716 - WARNING - Force click failed, trying JS click...
2025-12-02 14:48:47,727 - ERROR - All click strategies failed for Back to list button: Locator.evaluate: Timeout 30000ms exceeded.
Call log:
  - waiting for locator("iframe[name=\"main\"]").content_frame.locator("#ctl00_phDS_ds_ToolBar_CancelCloseToList div").first

2025-12-02 14:48:50,747 - INFO - Downloading results...
2025-12-02 14:49:00,774 - WARNING - Normal click failed for account link 'RPA Process Failed', trying force click...
2025-12-02 14:49:05,793 - WARNING - Force click failed, trying JS click...
2025-12-02 14:49:35,806 - ERROR - All click strategies failed for account link 'RPA Process Failed': Locator.evaluate: Timeout 30000ms exceeded.
Call log:
  - waiting for get_by_role("link", name="RPA Process Failed").last

2025-12-02 14:49:50,836 - WARNING - Normal click failed for Export dropdown, trying force click...
2025-12-02 14:49:55,841 - WARNING - Force click failed, trying JS click...
2025-12-02 14:50:25,853 - ERROR - All click strategies failed for Export dropdown: Locator.evaluate: Timeout 30000ms exceeded.
Call log:
  - waiting for locator("iframe[name=\"main\"]").content_frame.locator("#ctl00_phG_PXSplitContainer_grid1_at_tlb_ul > li:nth-child(14)")

2025-12-02 14:50:35,881 - WARNING - Normal click failed for Export to Excel button, trying force click...
2025-12-02 14:50:40,901 - WARNING - Force click failed, trying JS click...
2025-12-02 14:51:10,914 - ERROR - All click strategies failed for Export to Excel button: Locator.evaluate: Timeout 30000ms exceeded.
Call log:
  - waiting for locator("#ctl00_phG_PXSplitContainer_grid1_at_tlb_menuhi_item_3")

2025-12-02 14:51:10,915 - ERROR - FATAL ERROR: Timeout 30000ms exceeded while waiting for event "download"
=========================== logs ===========================
waiting for event "download"
============================================================
2025-12-02 14:51:11,100 - INFO - Browser cleanup completed
2025-12-02 14:51:11,124 - ERROR - ❌ CA Match failed: Timeout 30000ms exceeded while waiting for event "download"
=========================== logs ===========================
waiting for event "download"
============================================================
Traceback (most recent call last):
  File "C:\Users\Lenovo\OneDrive - Cognitive Consulting Sdn Bhd (1)\Desktop\SegmentationCompressionWork\PlayWright-Extractor\playwright_scripts\run_playwright.py", line 142, in run_ca_match
    records = process_bank_transactions(
              ^^^^^^^^^^^^^^^^^^^^^^^^^^
  File "C:\Users\Lenovo\OneDrive - Cognitive Consulting Sdn Bhd (1)\Desktop\SegmentationCompressionWork\PlayWright-Extractor\playwright_scripts\CA_Match_Process_Optimized.py", line 643, in process_bank_transactions
    return processor.run()
           ^^^^^^^^^^^^^^^
  File "C:\Users\Lenovo\OneDrive - Cognitive Consulting Sdn Bhd (1)\Desktop\SegmentationCompressionWork\PlayWright-Extractor\playwright_scripts\CA_Match_Process_Optimized.py", line 540, in run
    save_path = self.download_results()
                ^^^^^^^^^^^^^^^^^^^^^^^
  File "C:\Users\Lenovo\OneDrive - Cognitive Consulting Sdn Bhd (1)\Desktop\SegmentationCompressionWork\PlayWright-Extractor\playwright_scripts\CA_Match_Process_Optimized.py", line 457, in download_results
    with self.page.expect_download() as download_info:
  File "C:\Users\Lenovo\OneDrive - Cognitive Consulting Sdn Bhd (1)\Desktop\SegmentationCompressionWork\PlayWright-Extractor\.venv_clean\Lib\site-packages\playwright\_impl\_sync_base.py", line 85, in __exit__
    self._event.value
  File "C:\Users\Lenovo\OneDrive - Cognitive Consulting Sdn Bhd (1)\Desktop\SegmentationCompressionWork\PlayWright-Extractor\.venv_clean\Lib\site-packages\playwright\_impl\_sync_base.py", line 59, in value
    raise exception
playwright._impl._errors.TimeoutError: Timeout 30000ms exceeded while waiting for event "download"
=========================== logs ===========================
waiting for event "download"
============================================================
2025-12-02 14:51:11,127 - ERROR - 
======================================================================
2025-12-02 14:51:11,127 - ERROR - ❌ AUTOMATION WORKFLOW FAILED
2025-12-02 14:51:11,127 - ERROR - ======================================================================
2025-12-02 14:51:11,128 - ERROR - Error: Timeout 30000ms exceeded while waiting for event "download"
=========================== logs ===========================
waiting for event "download"
============================================================
2025-12-02 14:51:11,128 - ERROR - ======================================================================
2025-12-02 14:51:15,568 - INFO - ======================================================================
2025-12-02 14:51:15,569 - INFO - PLAYWRIGHT AUTOMATION RUNNER
2025-12-02 14:51:15,569 - INFO - ======================================================================
2025-12-02 14:51:15,570 - INFO - Account: RPA Process Failed
2025-12-02 14:51:15,570 - INFO - Date: RPA Process Failed
2025-12-02 14:51:15,571 - INFO - Amount: 100.0
2025-12-02 14:51:15,571 - INFO - Headless Mode: True
2025-12-02 14:51:15,571 - INFO - Downloads Dir: C:\Users\Lenovo\OneDrive - Cognitive Consulting Sdn Bhd (1)\Desktop\SegmentationCompressionWork\PlayWright-Extractor\Downloads
2025-12-02 14:51:15,572 - INFO - ======================================================================
2025-12-02 14:51:15,572 - INFO - 
🚀 Starting complete automation workflow...

2025-12-02 14:51:15,572 - INFO - 
======================================================================
2025-12-02 14:51:15,573 - INFO - STEP 1: CA MATCH PROCESS
2025-12-02 14:51:15,573 - INFO - ======================================================================
2025-12-02 14:51:21,349 - INFO - Starting CA Match process...
2025-12-02 14:51:21,350 - INFO - ============================================================
2025-12-02 14:51:21,351 - INFO - CA MATCH PROCESS - OPTIMIZED VERSION
2025-12-02 14:51:21,352 - INFO - ============================================================
2025-12-02 14:51:21,353 - INFO - Initializing browser...
2025-12-02 14:51:23,221 - INFO - Browser initialized successfully
2025-12-02 14:51:23,222 - INFO - Logging in...
2025-12-02 14:51:28,030 - INFO - Navigating to Process Bank Records...
2025-12-02 14:51:38,922 - INFO - Starting auto-match process...
2025-12-02 14:51:48,954 - WARNING - Normal click failed for account link 'RPA Process Failed', trying force click...
2025-12-02 14:51:53,969 - WARNING - Force click failed, trying JS click...
2025-12-02 14:52:23,988 - ERROR - All click strategies failed for account link 'RPA Process Failed': Locator.evaluate: Timeout 30000ms exceeded.
Call log:
  - waiting for get_by_role("link", name="RPA Process Failed").last

2025-12-02 14:52:39,024 - WARNING - Normal click failed for Auto-Match button, trying force click...
2025-12-02 14:52:44,042 - WARNING - Force click failed, trying JS click...
2025-12-02 14:53:14,051 - ERROR - All click strategies failed for Auto-Match button: Locator.evaluate: Timeout 30000ms exceeded.
Call log:
  - waiting for locator("iframe[name=\"main\"]").content_frame.locator("#ctl00_phDS_ds_ToolBar_AutoMatch").get_by_text("Auto-Match")

2025-12-02 14:53:16,077 - INFO - Waiting for auto-match confirmation...
2025-12-02 14:53:21,088 - WARNING - No confirmation popup appeared - auto-match may not have started
2025-12-02 14:53:21,090 - INFO - Processing auto-matched items...
2025-12-02 14:53:31,097 - WARNING - Normal click failed for Process button, trying force click...
2025-12-02 14:53:36,119 - WARNING - Force click failed, trying JS click...
2025-12-02 14:54:05,074 - ERROR - All click strategies failed for Process button: Locator.evaluate: Timeout 30000ms exceeded.
Call log:
  - waiting for locator("iframe[name=\"main\"]").content_frame.locator("#ctl00_phDS_ds_ToolBar_ProcessMatched").get_by_text("Process")

2025-12-02 14:54:20,098 - WARNING - Normal click failed for Back button, trying force click...
2025-12-02 14:54:25,110 - WARNING - Force click failed, trying JS click...
2025-12-02 14:54:55,116 - ERROR - All click strategies failed for Back button: Locator.evaluate: Timeout 30000ms exceeded.
Call log:
  - waiting for locator("iframe[name=\"main\"]").content_frame.locator("#ctl00_phDS_ds_ToolBar_CancelCloseToList div").nth(3)

2025-12-02 14:54:58,122 - INFO - Starting manual matching process...
2025-12-02 14:55:08,153 - WARNING - Normal click failed for account link 'RPA Process Failed', trying force click...
2025-12-02 14:55:13,162 - WARNING - Force click failed, trying JS click...
2025-12-02 14:55:43,179 - ERROR - All click strategies failed for account link 'RPA Process Failed': Locator.evaluate: Timeout 30000ms exceeded.
Call log:
  - waiting for get_by_role("link", name="RPA Process Failed").last

2025-12-02 14:55:48,192 - INFO - Processing page 1...
2025-12-02 14:56:08,202 - ERROR - Error during pagination on page 1: Frame.wait_for_selector: Timeout 20000ms exceeded.
Call log:
  - waiting for locator("#ctl00_phG_PXSplitContainer_grid1_dataT0")

2025-12-02 14:56:08,203 - INFO - Pagination complete - processed 0 total rows across 1 pages
2025-12-02 14:56:08,204 - INFO - Manual matching complete - 0 rows processed
2025-12-02 14:56:08,206 - INFO - Processing manually matched items...
2025-12-02 14:56:18,210 - WARNING - Normal click failed for Process button (after manual matching), trying force click...
2025-12-02 14:56:23,221 - WARNING - Force click failed, trying JS click...
2025-12-02 14:56:53,232 - ERROR - All click strategies failed for Process button (after manual matching): Locator.evaluate: Timeout 30000ms exceeded.
Call log:
  - waiting for locator("iframe[name=\"main\"]").content_frame.locator("#ctl00_phDS_ds_ToolBar_ProcessMatched").get_by_text("Process")

2025-12-02 14:57:08,269 - WARNING - Normal click failed for Back to list button, trying force click...
2025-12-02 14:57:13,277 - WARNING - Force click failed, trying JS click...
2025-12-02 14:57:43,289 - ERROR - All click strategies failed for Back to list button: Locator.evaluate: Timeout 30000ms exceeded.
Call log:
  - waiting for locator("iframe[name=\"main\"]").content_frame.locator("#ctl00_phDS_ds_ToolBar_CancelCloseToList div").first

2025-12-02 14:57:46,297 - INFO - Downloading results...
2025-12-02 14:57:56,320 - WARNING - Normal click failed for account link 'RPA Process Failed', trying force click...
2025-12-02 14:58:01,336 - WARNING - Force click failed, trying JS click...
2025-12-02 14:58:31,356 - ERROR - All click strategies failed for account link 'RPA Process Failed': Locator.evaluate: Timeout 30000ms exceeded.
Call log:
  - waiting for get_by_role("link", name="RPA Process Failed").last

2025-12-02 14:58:46,382 - WARNING - Normal click failed for Export dropdown, trying force click...
2025-12-02 14:58:51,403 - WARNING - Force click failed, trying JS click...
2025-12-02 14:59:21,414 - ERROR - All click strategies failed for Export dropdown: Locator.evaluate: Timeout 30000ms exceeded.
Call log:
  - waiting for locator("iframe[name=\"main\"]").content_frame.locator("#ctl00_phG_PXSplitContainer_grid1_at_tlb_ul > li:nth-child(14)")

2025-12-02 14:59:31,437 - WARNING - Normal click failed for Export to Excel button, trying force click...
2025-12-02 14:59:36,444 - WARNING - Force click failed, trying JS click...
2025-12-02 15:00:06,455 - ERROR - All click strategies failed for Export to Excel button: Locator.evaluate: Timeout 30000ms exceeded.
Call log:
  - waiting for locator("#ctl00_phG_PXSplitContainer_grid1_at_tlb_menuhi_item_3")

2025-12-02 15:00:06,457 - ERROR - FATAL ERROR: Timeout 30000ms exceeded while waiting for event "download"
=========================== logs ===========================
waiting for event "download"
============================================================
2025-12-02 15:00:06,577 - INFO - Browser cleanup completed
2025-12-02 15:00:06,597 - ERROR - ❌ CA Match failed: Timeout 30000ms exceeded while waiting for event "download"
=========================== logs ===========================
waiting for event "download"
============================================================
Traceback (most recent call last):
  File "C:\Users\Lenovo\OneDrive - Cognitive Consulting Sdn Bhd (1)\Desktop\SegmentationCompressionWork\PlayWright-Extractor\playwright_scripts\run_playwright.py", line 142, in run_ca_match
    records = process_bank_transactions(
              ^^^^^^^^^^^^^^^^^^^^^^^^^^
  File "C:\Users\Lenovo\OneDrive - Cognitive Consulting Sdn Bhd (1)\Desktop\SegmentationCompressionWork\PlayWright-Extractor\playwright_scripts\CA_Match_Process_Optimized.py", line 643, in process_bank_transactions
    return processor.run()
           ^^^^^^^^^^^^^^^
  File "C:\Users\Lenovo\OneDrive - Cognitive Consulting Sdn Bhd (1)\Desktop\SegmentationCompressionWork\PlayWright-Extractor\playwright_scripts\CA_Match_Process_Optimized.py", line 540, in run
    save_path = self.download_results()
                ^^^^^^^^^^^^^^^^^^^^^^^
  File "C:\Users\Lenovo\OneDrive - Cognitive Consulting Sdn Bhd (1)\Desktop\SegmentationCompressionWork\PlayWright-Extractor\playwright_scripts\CA_Match_Process_Optimized.py", line 457, in download_results
    with self.page.expect_download() as download_info:
  File "C:\Users\Lenovo\OneDrive - Cognitive Consulting Sdn Bhd (1)\Desktop\SegmentationCompressionWork\PlayWright-Extractor\.venv_clean\Lib\site-packages\playwright\_impl\_sync_base.py", line 85, in __exit__
    self._event.value
  File "C:\Users\Lenovo\OneDrive - Cognitive Consulting Sdn Bhd (1)\Desktop\SegmentationCompressionWork\PlayWright-Extractor\.venv_clean\Lib\site-packages\playwright\_impl\_sync_base.py", line 59, in value
    raise exception
playwright._impl._errors.TimeoutError: Timeout 30000ms exceeded while waiting for event "download"
=========================== logs ===========================
waiting for event "download"
============================================================
2025-12-02 15:00:06,598 - ERROR - 
======================================================================
2025-12-02 15:00:06,599 - ERROR - ❌ AUTOMATION WORKFLOW FAILED
2025-12-02 15:00:06,599 - ERROR - ======================================================================
2025-12-02 15:00:06,599 - ERROR - Error: Timeout 30000ms exceeded while waiting for event "download"
=========================== logs ===========================
waiting for event "download"
============================================================
2025-12-02 15:00:06,600 - ERROR - ======================================================================
2025-12-02 15:00:38,100 - INFO - ======================================================================
2025-12-02 15:00:38,100 - INFO - PLAYWRIGHT AUTOMATION RUNNER
2025-12-02 15:00:38,101 - INFO - ======================================================================
2025-12-02 15:00:38,101 - INFO - Account: RPA Process Failed
2025-12-02 15:00:38,101 - INFO - Date: RPA Process Failed
2025-12-02 15:00:38,101 - INFO - Amount: 100.0
2025-12-02 15:00:38,102 - INFO - Headless Mode: True
2025-12-02 15:00:38,102 - INFO - Downloads Dir: C:\Users\Lenovo\OneDrive - Cognitive Consulting Sdn Bhd (1)\Desktop\SegmentationCompressionWork\PlayWright-Extractor\Downloads
2025-12-02 15:00:38,102 - INFO - ======================================================================
2025-12-02 15:00:38,103 - INFO - 
🚀 Starting complete automation workflow...

2025-12-02 15:00:38,103 - INFO - 
======================================================================
2025-12-02 15:00:38,103 - INFO - STEP 1: CA MATCH PROCESS
2025-12-02 15:00:38,103 - INFO - ======================================================================
2025-12-02 15:00:38,913 - INFO - Starting CA Match process...
2025-12-02 15:00:38,914 - INFO - ============================================================
2025-12-02 15:00:38,914 - INFO - CA MATCH PROCESS - OPTIMIZED VERSION
2025-12-02 15:00:38,915 - INFO - ============================================================
2025-12-02 15:00:38,916 - INFO - Initializing browser...
2025-12-02 15:00:39,232 - INFO - Browser initialized successfully
2025-12-02 15:00:39,233 - INFO - Logging in...
2025-12-02 15:00:44,427 - INFO - Navigating to Process Bank Records...
2025-12-02 15:00:54,389 - INFO - Starting auto-match process...
2025-12-02 15:00:57,158 - ERROR - Future exception was never retrieved
future: <Future finished exception=TargetClosedError('Target page, context or browser has been closed')>
playwright._impl._errors.TargetClosedError: Target page, context or browser has been closed
2025-12-02 15:01:06,135 - INFO - ======================================================================
2025-12-02 15:01:06,135 - INFO - PLAYWRIGHT AUTOMATION RUNNER
2025-12-02 15:01:06,136 - INFO - ======================================================================
2025-12-02 15:01:06,136 - INFO - Account: RPA Process Failed
2025-12-02 15:01:06,136 - INFO - Date: RPA Process Failed
2025-12-02 15:01:06,137 - INFO - Amount: 100.0
2025-12-02 15:01:06,137 - INFO - Headless Mode: True
2025-12-02 15:01:06,137 - INFO - Downloads Dir: C:\Users\Lenovo\OneDrive - Cognitive Consulting Sdn Bhd (1)\Desktop\SegmentationCompressionWork\PlayWright-Extractor\Downloads
2025-12-02 15:01:06,137 - INFO - ======================================================================
2025-12-02 15:01:06,138 - INFO - 
🚀 Starting complete automation workflow...

2025-12-02 15:01:06,138 - INFO - 
======================================================================
2025-12-02 15:01:06,138 - INFO - STEP 1: CA MATCH PROCESS
2025-12-02 15:01:06,139 - INFO - ======================================================================
2025-12-02 15:01:06,889 - INFO - Starting CA Match process...
2025-12-02 15:01:06,890 - INFO - ============================================================
2025-12-02 15:01:06,891 - INFO - CA MATCH PROCESS - OPTIMIZED VERSION
2025-12-02 15:01:06,892 - INFO - ============================================================
2025-12-02 15:01:06,893 - INFO - Initializing browser...
2025-12-02 15:01:07,170 - INFO - Browser initialized successfully
2025-12-02 15:01:07,171 - INFO - Logging in...
2025-12-02 15:01:09,027 - INFO - Navigating to Process Bank Records...
2025-12-02 15:01:18,586 - INFO - Starting auto-match process...
2025-12-02 15:01:28,613 - WARNING - Normal click failed for account link 'RPA Process Failed', trying force click...
2025-12-02 15:01:33,620 - WARNING - Force click failed, trying JS click...
2025-12-02 15:01:35,076 - ERROR - Task was destroyed but it is pending!
task: <Task pending name='Task-22' coro=<Locator.evaluate() done, defined at C:\Users\Lenovo\OneDrive - Cognitive Consulting Sdn Bhd (1)\Desktop\SegmentationCompressionWork\PlayWright-Extractor\.venv_clean\Lib\site-packages\playwright\_impl\_locator.py:185> wait_for=<Future pending cb=[Task.task_wakeup()]> cb=[SyncBase._sync.<locals>.<lambda>() at C:\Users\Lenovo\OneDrive - Cognitive Consulting Sdn Bhd (1)\Desktop\SegmentationCompressionWork\PlayWright-Extractor\.venv_clean\Lib\site-packages\playwright\_impl\_sync_base.py:111, ProtocolCallback.__init__.<locals>.cb() at C:\Users\Lenovo\OneDrive - Cognitive Consulting Sdn Bhd (1)\Desktop\SegmentationCompressionWork\PlayWright-Extractor\.venv_clean\Lib\site-packages\playwright\_impl\_connection.py:230]>
2025-12-02 15:01:46,951 - INFO - ======================================================================
2025-12-02 15:01:46,951 - INFO - PLAYWRIGHT AUTOMATION RUNNER
2025-12-02 15:01:46,952 - INFO - ======================================================================
2025-12-02 15:01:46,952 - INFO - Account: RPA Process Failed
2025-12-02 15:01:46,952 - INFO - Date: RPA Process Failed
2025-12-02 15:01:46,952 - INFO - Amount: 100.0
2025-12-02 15:01:46,953 - INFO - Headless Mode: True
2025-12-02 15:01:46,953 - INFO - Downloads Dir: C:\Users\Lenovo\OneDrive - Cognitive Consulting Sdn Bhd (1)\Desktop\SegmentationCompressionWork\PlayWright-Extractor\Downloads
2025-12-02 15:01:46,953 - INFO - ======================================================================
2025-12-02 15:01:46,954 - INFO - 
🚀 Starting complete automation workflow...

2025-12-02 15:01:46,954 - INFO - 
======================================================================
2025-12-02 15:01:46,954 - INFO - STEP 1: CA MATCH PROCESS
2025-12-02 15:01:46,954 - INFO - ======================================================================
2025-12-02 15:01:47,699 - INFO - Starting CA Match process...
2025-12-02 15:01:47,701 - INFO - ============================================================
2025-12-02 15:01:47,702 - INFO - CA MATCH PROCESS - OPTIMIZED VERSION
2025-12-02 15:01:47,703 - INFO - ============================================================
2025-12-02 15:01:47,703 - INFO - Initializing browser...
2025-12-02 15:01:47,971 - INFO - Browser initialized successfully
2025-12-02 15:01:47,972 - INFO - Logging in...
2025-12-02 15:01:49,743 - INFO - Navigating to Process Bank Records...
2025-12-02 15:01:59,220 - INFO - Starting auto-match process...
2025-12-02 15:02:09,249 - WARNING - Normal click failed for account link 'RPA Process Failed', trying force click...
2025-12-02 15:02:14,021 - ERROR - Task was destroyed but it is pending!
task: <Task pending name='Task-21' coro=<Locator.click() done, defined at C:\Users\Lenovo\OneDrive - Cognitive Consulting Sdn Bhd (1)\Desktop\SegmentationCompressionWork\PlayWright-Extractor\.venv_clean\Lib\site-packages\playwright\_impl\_locator.py:147> wait_for=<Future pending cb=[Task.task_wakeup()]> cb=[SyncBase._sync.<locals>.<lambda>() at C:\Users\Lenovo\OneDrive - Cognitive Consulting Sdn Bhd (1)\Desktop\SegmentationCompressionWork\PlayWright-Extractor\.venv_clean\Lib\site-packages\playwright\_impl\_sync_base.py:111, ProtocolCallback.__init__.<locals>.cb() at C:\Users\Lenovo\OneDrive - Cognitive Consulting Sdn Bhd (1)\Desktop\SegmentationCompressionWork\PlayWright-Extractor\.venv_clean\Lib\site-packages\playwright\_impl\_connection.py:230]>
2025-12-02 15:09:09,631 - INFO - ======================================================================
2025-12-02 15:09:09,631 - INFO - PLAYWRIGHT AUTOMATION RUNNER
2025-12-02 15:09:09,632 - INFO - ======================================================================
2025-12-02 15:09:09,632 - INFO - Account: CIM02
2025-12-02 15:09:09,632 - INFO - Date: 02/12/2025
2025-12-02 15:09:09,632 - INFO - Amount: 263737.84
2025-12-02 15:09:09,633 - INFO - Headless Mode: True
2025-12-02 15:09:09,633 - INFO - Downloads Dir: C:\Users\Lenovo\OneDrive - Cognitive Consulting Sdn Bhd (1)\Desktop\SegmentationCompressionWork\PlayWright-Extractor\Downloads
2025-12-02 15:09:09,633 - INFO - ======================================================================
2025-12-02 15:09:09,633 - INFO - 
🚀 Starting complete automation workflow...

2025-12-02 15:09:09,634 - INFO - 
======================================================================
2025-12-02 15:09:09,634 - INFO - STEP 1: CA MATCH PROCESS
2025-12-02 15:09:09,634 - INFO - ======================================================================
2025-12-02 15:09:10,407 - INFO - Starting CA Match process...
2025-12-02 15:09:10,408 - INFO - ============================================================
2025-12-02 15:09:10,409 - INFO - CA MATCH PROCESS - OPTIMIZED VERSION
2025-12-02 15:09:10,410 - INFO - ============================================================
2025-12-02 15:09:10,411 - INFO - Initializing browser...
2025-12-02 15:09:10,691 - INFO - Browser initialized successfully
2025-12-02 15:09:10,692 - INFO - Logging in...
2025-12-02 15:09:15,974 - INFO - Navigating to Process Bank Records...
2025-12-02 15:09:25,480 - INFO - Starting auto-match process...
2025-12-02 15:09:25,768 - INFO - Clicked account link 'CIM02' successfully
2025-12-02 15:09:30,923 - INFO - Clicked Auto-Match button successfully
2025-12-02 15:09:32,942 - INFO - Waiting for auto-match confirmation...
2025-12-02 15:09:49,356 - WARNING - No 'Executing' message detected
2025-12-02 15:09:49,368 - INFO - âœ… Auto-match operation completed successfully!
2025-12-02 15:09:49,369 - INFO - Processing auto-matched items...
2025-12-02 15:09:49,454 - INFO - Clicked Process button successfully
2025-12-02 15:09:54,584 - INFO - Clicked Back button successfully
2025-12-02 15:09:57,600 - INFO - Starting manual matching process...
2025-12-02 15:09:57,732 - INFO - Clicked account link 'CIM02' successfully
2025-12-02 15:10:02,742 - INFO - Processing page 1...
2025-12-02 15:10:02,793 - INFO - Found 10 rows on page 1
2025-12-02 15:10:02,814 - INFO - Row 0 - Ext. Ref. Nbr.: 2507312241040258
2025-12-02 15:10:02,825 - INFO - Row 0 - Already matched, skipping
2025-12-02 15:10:02,848 - INFO - Row 1 - Ext. Ref. Nbr.: 2507311751140415
2025-12-02 15:10:02,858 - INFO - Row 1 - Already matched, skipping
2025-12-02 15:10:02,877 - INFO - Row 2 - Ext. Ref. Nbr.: 30756388
2025-12-02 15:10:02,888 - INFO - Row 2 - Already matched, skipping
2025-12-02 15:10:02,906 - INFO - Row 3 - Ext. Ref. Nbr.: 30756388
2025-12-02 15:10:02,917 - INFO - Row 3 - Already matched, skipping
2025-12-02 15:10:02,937 - INFO - Row 4 - Ext. Ref. Nbr.: 2507210654350063
2025-12-02 15:10:02,948 - INFO - Row 4 - UNMATCHED, attempting to match...
2025-12-02 15:10:03,037 - INFO - Clicked Ext. Ref. Nbr. in row 4 successfully
2025-12-02 15:10:08,086 - INFO - Found detail table Type B
2025-12-02 15:10:08,094 - INFO - Processing 5 rows in detail table
2025-12-02 15:10:08,124 - INFO - Row 1 - relevance: 30.0%
2025-12-02 15:10:08,144 - INFO - Row 2 - relevance: 28.462%
2025-12-02 15:10:08,163 - INFO - Row 3 - relevance: 26.705%
2025-12-02 15:10:08,172 - WARNING - Row 4 - No suitable match found
2025-12-02 15:10:08,191 - INFO - Row 5 - Ext. Ref. Nbr.: 2507181637590200
2025-12-02 15:10:08,202 - INFO - Row 5 - Already matched, skipping
2025-12-02 15:10:08,221 - INFO - Row 6 - Ext. Ref. Nbr.: 2507150813200409
2025-12-02 15:10:08,231 - INFO - Row 6 - UNMATCHED, attempting to match...
2025-12-02 15:10:08,303 - INFO - Clicked Ext. Ref. Nbr. in row 6 successfully
2025-12-02 15:10:13,340 - INFO - Found detail table Type B
2025-12-02 15:10:13,350 - INFO - Processing 3 rows in detail table
2025-12-02 15:10:13,378 - INFO - Row 1 - relevance: 30.0%
2025-12-02 15:10:13,389 - WARNING - Row 6 - No suitable match found
2025-12-02 15:10:13,408 - INFO - Row 7 - Ext. Ref. Nbr.: 2507110714350678
2025-12-02 15:10:13,418 - INFO - Row 7 - Already matched, skipping
2025-12-02 15:10:13,439 - INFO - Row 8 - Ext. Ref. Nbr.: 2507051851570603
2025-12-02 15:10:13,449 - INFO - Row 8 - Already matched, skipping
2025-12-02 15:10:13,460 - INFO - No more pages - pagination complete
2025-12-02 15:10:13,461 - INFO - Pagination complete - processed 9 total rows across 1 pages
2025-12-02 15:10:13,462 - INFO - Manual matching complete - 9 rows processed
2025-12-02 15:10:13,463 - INFO - Processing manually matched items...
2025-12-02 15:10:13,544 - INFO - Clicked Process button (after manual matching) successfully
2025-12-02 15:10:18,666 - INFO - Clicked Back to list button successfully
2025-12-02 15:10:21,674 - INFO - Downloading results...
2025-12-02 15:10:21,807 - INFO - Clicked account link 'CIM02' successfully
2025-12-02 15:10:26,908 - INFO - Clicked Export dropdown successfully
2025-12-02 15:10:27,010 - INFO - Clicked Export to Excel button successfully
2025-12-02 15:10:37,953 - INFO - Download started: Process Bank Transactions 20251202.xlsx
2025-12-02 15:10:38,852 - INFO - âœ… File saved to: C:\Users\Lenovo\OneDrive - Cognitive Consulting Sdn Bhd (1)\Desktop\SegmentationCompressionWork\PlayWright-Extractor\Downloads\Process Bank Transactions 20251202.xlsx
2025-12-02 15:10:38,854 - INFO - Processing downloaded file: C:\Users\Lenovo\OneDrive - Cognitive Consulting Sdn Bhd (1)\Desktop\SegmentationCompressionWork\PlayWright-Extractor\Downloads\Process Bank Transactions 20251202.xlsx
2025-12-02 15:10:39,176 - WARNING - Could not determine dtype for column 1, falling back to string
2025-12-02 15:10:39,176 - WARNING - Could not determine dtype for column 6, falling back to string
2025-12-02 15:10:39,177 - WARNING - Could not determine dtype for column 8, falling back to string
2025-12-02 15:10:39,177 - WARNING - Could not determine dtype for column 9, falling back to string
2025-12-02 15:10:39,177 - WARNING - Could not determine dtype for column 11, falling back to string
2025-12-02 15:10:39,178 - WARNING - Could not determine dtype for column 13, falling back to string
2025-12-02 15:10:39,178 - WARNING - Could not determine dtype for column 14, falling back to string
2025-12-02 15:10:39,179 - WARNING - Could not determine dtype for column 17, falling back to string
2025-12-02 15:10:39,179 - WARNING - Could not determine dtype for column 18, falling back to string
2025-12-02 15:10:39,179 - WARNING - Could not determine dtype for column 20, falling back to string
2025-12-02 15:10:39,306 - INFO - Processed 9 records from downloaded file
2025-12-02 15:10:39,429 - INFO - Browser cleanup completed
2025-12-02 15:10:39,431 - INFO - Chaining to Extract Reconciliation Statement...
2025-12-02 15:12:32,948 - WARNING - Could not determine dtype for column 2, falling back to string
2025-12-02 15:12:32,949 - WARNING - Could not determine dtype for column 11, falling back to string
2025-12-02 15:12:32,949 - WARNING - Could not determine dtype for column 12, falling back to string
2025-12-02 15:21:57,200 - INFO - Loaded 9 bank transactions and 3717 company transactions
2025-12-02 15:21:57,207 - INFO - Starting Stage 1: Traditional reconciliation pipeline...
2025-12-02 15:21:57,234 - DEBUG - MBB02 credit card matcher skipped: support module not available
2025-12-02 15:21:57,237 - INFO - Finding transaction ID matches...
2025-12-02 15:21:58,613 - INFO - Finding bank charges...
2025-12-02 15:21:58,616 - DEBUG - After bank charges detection: 1 matched (added 1)
2025-12-02 15:21:58,616 - INFO - Detected 1 bank charges
2025-12-02 15:21:58,617 - INFO - Finding Reverse CE GL matches...
2025-12-02 15:21:59,343 - INFO - Found 2 Reverse CE GL matches
2025-12-02 15:21:59,346 - INFO - Finding name and amount matches...
2025-12-02 15:22:01,418 - INFO - Found 7 name and amount matches
2025-12-02 15:22:01,420 - INFO - Finding Hungarian 1:1 matches...
2025-12-02 15:22:08,829 - INFO - Hungarian 1:1: 0 matches | pairs scored=45, kept=0, time=7.41s
2025-12-02 15:22:08,831 - INFO - Finding enhanced 1:1 matches...
2025-12-02 15:22:09,739 - INFO - Found 0 enhanced 1:1 matches
2025-12-02 15:22:09,741 - INFO - Finding amount and date matches...
2025-12-02 15:22:09,894 - INFO - Found 0 amount and date matches
2025-12-02 15:22:09,895 - INFO - Finding fuzzy matches...
2025-12-02 15:24:19,257 - INFO - ============================================================
2025-12-02 15:24:19,258 - INFO - CA MATCH PROCESS COMPLETED SUCCESSFULLY
2025-12-02 15:24:19,260 - INFO - ============================================================
2025-12-02 15:24:19,261 - INFO - ✅ CA Match completed: 9 records processed
2025-12-02 15:24:19,286 - INFO - 
======================================================================
2025-12-02 15:24:19,287 - INFO - ✅ COMPLETE AUTOMATION WORKFLOW FINISHED SUCCESSFULLY
2025-12-02 15:24:19,287 - INFO - ======================================================================
2025-12-02 15:24:19,287 - INFO - 
Workflow Summary:
2025-12-02 15:24:19,288 - INFO -   ✅ CA Match Process - Completed
2025-12-02 15:24:19,288 - INFO -   ✅ Extract Reconciliation Statement - Completed (chained)
2025-12-02 15:24:19,288 - INFO -   ✅ RaasPlus Reconciliation - Completed (chained)
2025-12-02 15:24:19,289 - INFO -   ✅ Match Statement - Completed (chained)
2025-12-02 15:24:19,289 - INFO - 
All processes completed successfully!
2025-12-02 15:24:19,290 - INFO - Check logs for detailed information.
2025-12-02 15:24:19,290 - INFO - ======================================================================
2025-12-02 15:24:31,678 - INFO - ======================================================================
2025-12-02 15:24:31,678 - INFO - PLAYWRIGHT AUTOMATION RUNNER
2025-12-02 15:24:31,679 - INFO - ======================================================================
2025-12-02 15:24:31,679 - INFO - Account: CIM02
2025-12-02 15:24:31,679 - INFO - Date: 02/12/2025
2025-12-02 15:24:31,680 - INFO - Amount: 263737.84
2025-12-02 15:24:31,680 - INFO - Headless Mode: True
2025-12-02 15:24:31,680 - INFO - Downloads Dir: C:\Users\Lenovo\OneDrive - Cognitive Consulting Sdn Bhd (1)\Desktop\SegmentationCompressionWork\PlayWright-Extractor\Downloads
2025-12-02 15:24:31,681 - INFO - ======================================================================
2025-12-02 15:24:31,681 - INFO - 
🚀 Starting complete automation workflow...

2025-12-02 15:24:31,681 - INFO - 
======================================================================
2025-12-02 15:24:31,682 - INFO - STEP 1: CA MATCH PROCESS
2025-12-02 15:24:31,682 - INFO - ======================================================================
2025-12-02 15:24:32,733 - INFO - Starting CA Match process...
2025-12-02 15:24:32,734 - INFO - ============================================================
2025-12-02 15:24:32,735 - INFO - CA MATCH PROCESS - OPTIMIZED VERSION
2025-12-02 15:24:32,737 - INFO - ============================================================
2025-12-02 15:24:32,737 - INFO - Initializing browser...
2025-12-02 15:24:33,104 - INFO - Browser initialized successfully
2025-12-02 15:24:33,105 - INFO - Logging in...
2025-12-02 15:24:34,808 - INFO - Navigating to Process Bank Records...
2025-12-02 15:24:44,443 - INFO - Starting auto-match process...
2025-12-02 15:24:48,474 - INFO - Clicked account link 'CIM02' successfully
2025-12-02 15:24:53,638 - INFO - Clicked Auto-Match button successfully
2025-12-02 15:24:55,671 - INFO - Waiting for auto-match confirmation...
2025-12-02 15:25:10,721 - WARNING - No 'Executing' message detected
2025-12-02 15:25:10,733 - INFO - âœ… Auto-match operation completed successfully!
2025-12-02 15:25:10,734 - INFO - Processing auto-matched items...
2025-12-02 15:25:10,832 - INFO - Clicked Process button successfully
2025-12-02 15:25:15,993 - INFO - Clicked Back button successfully
2025-12-02 15:25:18,999 - INFO - Starting manual matching process...
2025-12-02 15:25:19,137 - INFO - Clicked account link 'CIM02' successfully
2025-12-02 15:25:24,144 - INFO - Processing page 1...
2025-12-02 15:25:24,211 - INFO - Found 8 rows on page 1
2025-12-02 15:25:24,240 - INFO - Row 0 - Ext. Ref. Nbr.: 2507312241040258
2025-12-02 15:25:24,257 - INFO - Row 0 - Already matched, skipping
2025-12-02 15:25:24,288 - INFO - Row 1 - Ext. Ref. Nbr.: 2507311751140415
2025-12-02 15:25:24,302 - INFO - Row 1 - Already matched, skipping
2025-12-02 15:25:24,331 - INFO - Row 2 - Ext. Ref. Nbr.: 30756388
2025-12-02 15:25:24,346 - INFO - Row 2 - Already matched, skipping
2025-12-02 15:25:24,374 - INFO - Row 3 - Ext. Ref. Nbr.: 30756388
2025-12-02 15:25:24,390 - INFO - Row 3 - Already matched, skipping
2025-12-02 15:25:24,418 - INFO - Row 4 - Ext. Ref. Nbr.: 2507181637590200
2025-12-02 15:25:24,430 - INFO - Row 4 - Already matched, skipping
2025-12-02 15:25:24,456 - INFO - Row 5 - Ext. Ref. Nbr.: 2507110714350678
2025-12-02 15:25:24,472 - INFO - Row 5 - Already matched, skipping
2025-12-02 15:25:24,502 - INFO - Row 6 - Ext. Ref. Nbr.: 2507051851570603
2025-12-02 15:25:24,519 - INFO - Row 6 - Already matched, skipping
2025-12-02 15:25:24,537 - INFO - No more pages - pagination complete
2025-12-02 15:25:24,539 - INFO - Pagination complete - processed 7 total rows across 1 pages
2025-12-02 15:25:24,540 - INFO - Manual matching complete - 7 rows processed
2025-12-02 15:25:24,541 - INFO - Processing manually matched items...
2025-12-02 15:25:24,678 - INFO - Clicked Process button (after manual matching) successfully
2025-12-02 15:25:29,894 - INFO - Clicked Back to list button successfully
2025-12-02 15:25:32,914 - INFO - Downloading results...
2025-12-02 15:25:33,031 - INFO - Clicked account link 'CIM02' successfully
2025-12-02 15:25:38,163 - INFO - Clicked Export dropdown successfully
2025-12-02 15:25:38,272 - INFO - Clicked Export to Excel button successfully
2025-12-02 15:25:43,855 - INFO - Download started: Process Bank Transactions 20251202.xlsx
2025-12-02 15:25:44,319 - INFO - âœ… File saved to: C:\Users\Lenovo\OneDrive - Cognitive Consulting Sdn Bhd (1)\Desktop\SegmentationCompressionWork\PlayWright-Extractor\Downloads\Process Bank Transactions 20251202.xlsx
2025-12-02 15:25:44,321 - INFO - Processing downloaded file: C:\Users\Lenovo\OneDrive - Cognitive Consulting Sdn Bhd (1)\Desktop\SegmentationCompressionWork\PlayWright-Extractor\Downloads\Process Bank Transactions 20251202.xlsx
2025-12-02 15:25:44,357 - WARNING - Could not determine dtype for column 1, falling back to string
2025-12-02 15:25:44,358 - WARNING - Could not determine dtype for column 6, falling back to string
2025-12-02 15:25:44,358 - WARNING - Could not determine dtype for column 8, falling back to string
2025-12-02 15:25:44,358 - WARNING - Could not determine dtype for column 9, falling back to string
2025-12-02 15:25:44,359 - WARNING - Could not determine dtype for column 11, falling back to string
2025-12-02 15:25:44,359 - WARNING - Could not determine dtype for column 13, falling back to string
2025-12-02 15:25:44,359 - WARNING - Could not determine dtype for column 14, falling back to string
2025-12-02 15:25:44,360 - WARNING - Could not determine dtype for column 17, falling back to string
2025-12-02 15:25:44,360 - WARNING - Could not determine dtype for column 18, falling back to string
2025-12-02 15:25:44,360 - WARNING - Could not determine dtype for column 20, falling back to string
2025-12-02 15:25:44,443 - INFO - Processed 7 records from downloaded file
2025-12-02 15:25:44,573 - INFO - Browser cleanup completed
2025-12-02 15:25:44,575 - INFO - Chaining to Extract Reconciliation Statement...
2025-12-02 15:27:37,128 - WARNING - Could not determine dtype for column 2, falling back to string
2025-12-02 15:27:37,129 - WARNING - Could not determine dtype for column 11, falling back to string
2025-12-02 15:27:37,129 - WARNING - Could not determine dtype for column 12, falling back to string
2025-12-02 15:37:23,325 - INFO - Loaded 7 bank transactions and 3715 company transactions
2025-12-02 15:37:23,332 - INFO - Starting Stage 1: Traditional reconciliation pipeline...
2025-12-02 15:37:23,372 - DEBUG - MBB02 credit card matcher skipped: support module not available
2025-12-02 15:37:23,376 - INFO - Finding transaction ID matches...
2025-12-02 15:37:24,721 - INFO - Finding bank charges...
2025-12-02 15:37:24,725 - DEBUG - After bank charges detection: 1 matched (added 1)
2025-12-02 15:37:24,725 - INFO - Detected 1 bank charges
2025-12-02 15:37:24,727 - INFO - Finding Reverse CE GL matches...
2025-12-02 15:37:25,605 - INFO - Found 2 Reverse CE GL matches
2025-12-02 15:37:25,611 - INFO - Finding name and amount matches...
2025-12-02 15:37:27,814 - INFO - Found 5 name and amount matches
2025-12-02 15:37:27,816 - INFO - Finding Hungarian 1:1 matches...
2025-12-02 15:37:29,651 - INFO - Hungarian 1:1: 0 matches | pairs scored=45, kept=0, time=1.84s
2025-12-02 15:37:29,655 - INFO - Finding enhanced 1:1 matches...
2025-12-02 15:37:31,048 - INFO - Found 0 enhanced 1:1 matches
2025-12-02 15:37:31,050 - INFO - Finding amount and date matches...
2025-12-02 15:37:31,297 - INFO - Found 0 amount and date matches
2025-12-02 15:37:31,299 - INFO - Finding fuzzy matches...
2025-12-02 15:38:40,410 - INFO - ============================================================
2025-12-02 15:38:40,411 - INFO - CA MATCH PROCESS COMPLETED SUCCESSFULLY
2025-12-02 15:38:40,413 - INFO - ============================================================
2025-12-02 15:38:40,414 - INFO - ✅ CA Match completed: 7 records processed
2025-12-02 15:38:40,437 - INFO - 
======================================================================
2025-12-02 15:38:40,438 - INFO - ✅ COMPLETE AUTOMATION WORKFLOW FINISHED SUCCESSFULLY
2025-12-02 15:38:40,439 - INFO - ======================================================================
2025-12-02 15:38:40,439 - INFO - 
Workflow Summary:
2025-12-02 15:38:40,439 - INFO -   ✅ CA Match Process - Completed
2025-12-02 15:38:40,440 - INFO -   ✅ Extract Reconciliation Statement - Completed (chained)
2025-12-02 15:38:40,440 - INFO -   ✅ RaasPlus Reconciliation - Completed (chained)
2025-12-02 15:38:40,440 - INFO -   ✅ Match Statement - Completed (chained)
2025-12-02 15:38:40,441 - INFO - 
All processes completed successfully!
2025-12-02 15:38:40,441 - INFO - Check logs for detailed information.
2025-12-02 15:38:40,441 - INFO - ======================================================================
2025-12-05 15:05:18,116 - INFO - ======================================================================
2025-12-05 15:05:18,117 - INFO - PLAYWRIGHT AUTOMATION RUNNER
2025-12-05 15:05:18,118 - INFO - ======================================================================
2025-12-05 15:05:18,118 - INFO - Account: CIM02
2025-12-05 15:05:18,120 - INFO - Date: 05/12/2025
2025-12-05 15:05:18,120 - INFO - Amount: 263737.84
2025-12-05 15:05:18,120 - INFO - Headless Mode: True
2025-12-05 15:05:18,120 - INFO - Downloads Dir: C:\Users\Lenovo\OneDrive - Cognitive Consulting Sdn Bhd (1)\Desktop\SegmentationCompressionWork\PlayWright-Extractor\Downloads
2025-12-05 15:05:18,120 - INFO - ======================================================================
2025-12-05 15:05:18,121 - INFO - 
🚀 Starting complete automation workflow...

2025-12-05 15:05:18,121 - INFO - 
======================================================================
2025-12-05 15:05:18,122 - INFO - STEP 1: CA MATCH PROCESS
2025-12-05 15:05:18,122 - INFO - ======================================================================
2025-12-05 15:05:32,357 - INFO - Starting CA Match process...
2025-12-05 15:05:32,358 - INFO - ============================================================
2025-12-05 15:05:32,360 - INFO - CA MATCH PROCESS - OPTIMIZED VERSION
2025-12-05 15:05:32,361 - INFO - ============================================================
2025-12-05 15:05:32,362 - INFO - Initializing browser...
2025-12-05 15:05:34,922 - INFO - Browser initialized successfully
2025-12-05 15:05:34,923 - INFO - Logging in...
2025-12-05 15:05:39,714 - INFO - Navigating to Process Bank Records...
2025-12-05 15:05:49,154 - INFO - Starting auto-match process...
2025-12-05 15:05:49,316 - INFO - Clicked account link 'CIM02' successfully
2025-12-05 15:06:02,792 - INFO - Clicked Auto-Match button successfully
2025-12-05 15:06:04,807 - INFO - Waiting for auto-match confirmation...
2025-12-05 15:06:23,296 - WARNING - No 'Executing' message detected
2025-12-05 15:06:23,306 - INFO - âœ… Auto-match operation completed successfully!
2025-12-05 15:06:23,313 - INFO - Processing auto-matched items...
2025-12-05 15:06:23,403 - INFO - Clicked Process button successfully
2025-12-05 15:06:28,537 - INFO - Clicked Back button successfully
2025-12-05 15:06:31,543 - INFO - Starting manual matching process...
2025-12-05 15:06:31,665 - INFO - Clicked account link 'CIM02' successfully
2025-12-05 15:06:36,677 - INFO - Processing page 1...
2025-12-05 15:06:36,735 - INFO - Found 8 rows on page 1
2025-12-05 15:06:36,756 - INFO - Row 0 - Ext. Ref. Nbr.: 2507312241040258
2025-12-05 15:06:36,767 - INFO - Row 0 - Already matched, skipping
2025-12-05 15:06:36,789 - INFO - Row 1 - Ext. Ref. Nbr.: 2507311751140415
2025-12-05 15:06:36,799 - INFO - Row 1 - Already matched, skipping
2025-12-05 15:06:36,822 - INFO - Row 2 - Ext. Ref. Nbr.: 30756388
2025-12-05 15:06:36,840 - INFO - Row 2 - Already matched, skipping
2025-12-05 15:06:36,861 - INFO - Row 3 - Ext. Ref. Nbr.: 30756388
2025-12-05 15:06:36,872 - INFO - Row 3 - Already matched, skipping
2025-12-05 15:06:36,898 - INFO - Row 4 - Ext. Ref. Nbr.: 2507181637590200
2025-12-05 15:06:36,909 - INFO - Row 4 - Already matched, skipping
2025-12-05 15:06:36,940 - INFO - Row 5 - Ext. Ref. Nbr.: 2507110714350678
2025-12-05 15:06:36,965 - INFO - Row 5 - Already matched, skipping
2025-12-05 15:06:37,001 - INFO - Row 6 - Ext. Ref. Nbr.: 2507051851570603
2025-12-05 15:06:37,017 - INFO - Row 6 - Already matched, skipping
2025-12-05 15:06:37,032 - INFO - No more pages - pagination complete
2025-12-05 15:06:37,032 - INFO - Pagination complete - processed 7 total rows across 1 pages
2025-12-05 15:06:37,035 - INFO - Manual matching complete - 7 rows processed
2025-12-05 15:06:37,035 - INFO - Processing manually matched items...
2025-12-05 15:06:37,183 - INFO - Clicked Process button (after manual matching) successfully
2025-12-05 15:06:42,350 - INFO - Clicked Back to list button successfully
2025-12-05 15:06:45,361 - INFO - Downloading results...
2025-12-05 15:06:45,480 - INFO - Clicked account link 'CIM02' successfully
2025-12-05 15:06:50,598 - INFO - Clicked Export dropdown successfully
2025-12-05 15:06:50,730 - INFO - Clicked Export to Excel button successfully
2025-12-05 15:07:02,117 - INFO - Download started: Process Bank Transactions 20251205.xlsx
2025-12-05 15:07:03,063 - INFO - âœ… File saved to: C:\Users\Lenovo\OneDrive - Cognitive Consulting Sdn Bhd (1)\Desktop\SegmentationCompressionWork\PlayWright-Extractor\Downloads\Process Bank Transactions 20251205.xlsx
2025-12-05 15:07:03,064 - INFO - Processing downloaded file: C:\Users\Lenovo\OneDrive - Cognitive Consulting Sdn Bhd (1)\Desktop\SegmentationCompressionWork\PlayWright-Extractor\Downloads\Process Bank Transactions 20251205.xlsx
2025-12-05 15:07:03,417 - WARNING - Could not determine dtype for column 1, falling back to string
2025-12-05 15:07:03,417 - WARNING - Could not determine dtype for column 6, falling back to string
2025-12-05 15:07:03,417 - WARNING - Could not determine dtype for column 8, falling back to string
2025-12-05 15:07:03,417 - WARNING - Could not determine dtype for column 9, falling back to string
2025-12-05 15:07:03,417 - WARNING - Could not determine dtype for column 11, falling back to string
2025-12-05 15:07:03,417 - WARNING - Could not determine dtype for column 13, falling back to string
2025-12-05 15:07:03,417 - WARNING - Could not determine dtype for column 14, falling back to string
2025-12-05 15:07:03,419 - WARNING - Could not determine dtype for column 17, falling back to string
2025-12-05 15:07:03,419 - WARNING - Could not determine dtype for column 18, falling back to string
2025-12-05 15:07:03,420 - WARNING - Could not determine dtype for column 20, falling back to string
2025-12-05 15:07:03,633 - INFO - Processed 7 records from downloaded file
2025-12-05 15:07:03,857 - INFO - Browser cleanup completed
2025-12-05 15:07:03,857 - INFO - Chaining to Extract Reconciliation Statement...
2025-12-05 15:08:56,532 - WARNING - Could not determine dtype for column 2, falling back to string
2025-12-05 15:08:56,533 - WARNING - Could not determine dtype for column 11, falling back to string
2025-12-05 15:08:56,533 - WARNING - Could not determine dtype for column 12, falling back to string
2025-12-05 15:19:18,989 - INFO - Loaded 7 bank transactions and 3715 company transactions
2025-12-05 15:19:18,997 - INFO - Starting Stage 1: Traditional reconciliation pipeline...
2025-12-05 15:19:19,037 - DEBUG - MBB02 credit card matcher skipped: support module not available
2025-12-05 15:19:19,040 - INFO - Finding transaction ID matches...
2025-12-05 15:19:20,344 - INFO - Finding bank charges...
2025-12-05 15:19:20,347 - DEBUG - After bank charges detection: 1 matched (added 1)
2025-12-05 15:19:20,347 - INFO - Detected 1 bank charges
2025-12-05 15:19:20,349 - INFO - Finding Reverse CE GL matches...
2025-12-05 15:19:21,260 - INFO - Found 2 Reverse CE GL matches
2025-12-05 15:19:21,263 - INFO - Finding name and amount matches...
2025-12-05 15:19:22,973 - INFO - Found 5 name and amount matches
2025-12-05 15:19:22,973 - INFO - Finding Hungarian 1:1 matches...
2025-12-05 15:19:30,398 - INFO - Hungarian 1:1: 0 matches | pairs scored=45, kept=0, time=7.42s
2025-12-05 15:19:30,401 - INFO - Finding enhanced 1:1 matches...
2025-12-05 15:19:31,351 - INFO - Found 0 enhanced 1:1 matches
2025-12-05 15:19:31,354 - INFO - Finding amount and date matches...
2025-12-05 15:19:31,508 - INFO - Found 0 amount and date matches
2025-12-05 15:19:31,510 - INFO - Finding fuzzy matches...
2025-12-05 15:20:36,290 - INFO - ============================================================
2025-12-05 15:20:36,291 - INFO - CA MATCH PROCESS COMPLETED SUCCESSFULLY
2025-12-05 15:20:36,292 - INFO - ============================================================
2025-12-05 15:20:36,292 - INFO - ✅ CA Match completed: 7 records processed
2025-12-05 15:20:36,320 - INFO - 
======================================================================
2025-12-05 15:20:36,320 - INFO - ✅ COMPLETE AUTOMATION WORKFLOW FINISHED SUCCESSFULLY
2025-12-05 15:20:36,320 - INFO - ======================================================================
2025-12-05 15:20:36,321 - INFO - 
Workflow Summary:
2025-12-05 15:20:36,321 - INFO -   ✅ CA Match Process - Completed
2025-12-05 15:20:36,321 - INFO -   ✅ Extract Reconciliation Statement - Completed (chained)
2025-12-05 15:20:36,321 - INFO -   ✅ RaasPlus Reconciliation - Completed (chained)
2025-12-05 15:20:36,322 - INFO -   ✅ Match Statement - Completed (chained)
2025-12-05 15:20:36,322 - INFO - 
All processes completed successfully!
2025-12-05 15:20:36,322 - INFO - Check logs for detailed information.
2025-12-05 15:20:36,322 - INFO - ======================================================================
2025-12-05 16:27:00,482 - INFO - ======================================================================
2025-12-05 16:27:00,482 - INFO - PLAYWRIGHT AUTOMATION RUNNER
2025-12-05 16:27:00,484 - INFO - ======================================================================
2025-12-05 16:27:00,484 - INFO - Account: CIM02
2025-12-05 16:27:00,484 - INFO - Date: 05/12/2025
2025-12-05 16:27:00,485 - INFO - Amount: 263737.84
2025-12-05 16:27:00,485 - INFO - Headless Mode: False
2025-12-05 16:27:00,485 - INFO - Downloads Dir: C:\Users\Lenovo\OneDrive - Cognitive Consulting Sdn Bhd (1)\Desktop\SegmentationCompressionWork\PlayWright-Extractor\Downloads
2025-12-05 16:27:00,486 - INFO - ======================================================================
2025-12-05 16:27:00,486 - INFO - 
🚀 Starting complete automation workflow...

2025-12-05 16:27:00,486 - INFO - 
======================================================================
2025-12-05 16:27:00,486 - INFO - STEP 1: CA MATCH PROCESS
2025-12-05 16:27:00,486 - INFO - ======================================================================
2025-12-05 16:27:01,810 - INFO - Starting CA Match process...
2025-12-05 16:27:01,811 - INFO - ============================================================
2025-12-05 16:27:01,812 - INFO - CA MATCH PROCESS - OPTIMIZED VERSION
2025-12-05 16:27:01,813 - INFO - ============================================================
2025-12-05 16:27:01,814 - INFO - Initializing browser...
2025-12-05 16:27:03,156 - INFO - Browser initialized successfully
2025-12-05 16:27:03,157 - INFO - Logging in...
2025-12-05 16:27:04,875 - INFO - Navigating to Process Bank Records...
2025-12-05 16:27:14,961 - INFO - Starting auto-match process...
2025-12-05 16:27:17,831 - INFO - Clicked account link 'CIM02' successfully
2025-12-05 16:27:23,743 - INFO - Clicked Auto-Match button successfully
2025-12-05 16:27:25,772 - INFO - Waiting for auto-match confirmation...
2025-12-05 16:27:40,822 - WARNING - No 'Executing' message detected
2025-12-05 16:27:40,833 - INFO - âœ… Auto-match operation completed successfully!
2025-12-05 16:27:40,834 - INFO - Processing auto-matched items...
2025-12-05 16:27:40,928 - INFO - Clicked Process button successfully
2025-12-05 16:27:46,124 - INFO - Clicked Back button successfully
2025-12-05 16:27:49,132 - INFO - Starting manual matching process...
2025-12-05 16:27:49,273 - INFO - Clicked account link 'CIM02' successfully
2025-12-05 16:27:54,280 - INFO - Processing page 1...
2025-12-05 16:27:54,332 - INFO - Found 8 rows on page 1
2025-12-05 16:27:54,360 - INFO - Row 0 - Ext. Ref. Nbr.: 2507312241040258
2025-12-05 16:27:54,370 - INFO - Row 0 - Already matched, skipping
2025-12-05 16:27:54,394 - INFO - Row 1 - Ext. Ref. Nbr.: 2507311751140415
2025-12-05 16:27:54,406 - INFO - Row 1 - Already matched, skipping
2025-12-05 16:27:54,429 - INFO - Row 2 - Ext. Ref. Nbr.: 30756388
2025-12-05 16:27:54,442 - INFO - Row 2 - Already matched, skipping
2025-12-05 16:27:54,462 - INFO - Row 3 - Ext. Ref. Nbr.: 30756388
2025-12-05 16:27:54,476 - INFO - Row 3 - Already matched, skipping
2025-12-05 16:27:54,496 - INFO - Row 4 - Ext. Ref. Nbr.: 2507181637590200
2025-12-05 16:27:54,509 - INFO - Row 4 - Already matched, skipping
2025-12-05 16:27:54,530 - INFO - Row 5 - Ext. Ref. Nbr.: 2507110714350678
2025-12-05 16:27:54,543 - INFO - Row 5 - Already matched, skipping
2025-12-05 16:27:54,565 - INFO - Row 6 - Ext. Ref. Nbr.: 2507051851570603
2025-12-05 16:27:54,577 - INFO - Row 6 - Already matched, skipping
2025-12-05 16:27:54,589 - INFO - No more pages - pagination complete
2025-12-05 16:27:54,590 - INFO - Pagination complete - processed 7 total rows across 1 pages
2025-12-05 16:27:54,591 - INFO - Manual matching complete - 7 rows processed
2025-12-05 16:27:54,592 - INFO - Processing manually matched items...
2025-12-05 16:27:54,675 - INFO - Clicked Process button (after manual matching) successfully
2025-12-05 16:27:59,839 - INFO - Clicked Back to list button successfully
2025-12-05 16:28:02,861 - INFO - Downloading results...
2025-12-05 16:28:02,992 - INFO - Clicked account link 'CIM02' successfully
2025-12-05 16:28:08,104 - INFO - Clicked Export dropdown successfully
2025-12-05 16:28:08,276 - INFO - Clicked Export to Excel button successfully
2025-12-05 16:28:19,481 - INFO - Download started: Process Bank Transactions 20251205.xlsx
2025-12-05 16:28:20,446 - INFO - âœ… File saved to: C:\Users\Lenovo\OneDrive - Cognitive Consulting Sdn Bhd (1)\Desktop\SegmentationCompressionWork\PlayWright-Extractor\Downloads\Process Bank Transactions 20251205.xlsx
2025-12-05 16:28:20,446 - INFO - Processing downloaded file: C:\Users\Lenovo\OneDrive - Cognitive Consulting Sdn Bhd (1)\Desktop\SegmentationCompressionWork\PlayWright-Extractor\Downloads\Process Bank Transactions 20251205.xlsx
2025-12-05 16:28:20,500 - WARNING - Could not determine dtype for column 1, falling back to string
2025-12-05 16:28:20,500 - WARNING - Could not determine dtype for column 6, falling back to string
2025-12-05 16:28:20,500 - WARNING - Could not determine dtype for column 8, falling back to string
2025-12-05 16:28:20,500 - WARNING - Could not determine dtype for column 9, falling back to string
2025-12-05 16:28:20,501 - WARNING - Could not determine dtype for column 11, falling back to string
2025-12-05 16:28:20,501 - WARNING - Could not determine dtype for column 13, falling back to string
2025-12-05 16:28:20,501 - WARNING - Could not determine dtype for column 14, falling back to string
2025-12-05 16:28:20,502 - WARNING - Could not determine dtype for column 17, falling back to string
2025-12-05 16:28:20,502 - WARNING - Could not determine dtype for column 18, falling back to string
2025-12-05 16:28:20,503 - WARNING - Could not determine dtype for column 20, falling back to string
2025-12-05 16:28:20,624 - INFO - Processed 7 records from downloaded file
2025-12-05 16:28:21,047 - INFO - Browser cleanup completed
2025-12-05 16:28:21,048 - INFO - Chaining to Extract Reconciliation Statement...
2025-12-05 16:30:07,305 - WARNING - Could not determine dtype for column 2, falling back to string
2025-12-05 16:30:07,305 - WARNING - Could not determine dtype for column 11, falling back to string
2025-12-05 16:30:07,305 - WARNING - Could not determine dtype for column 12, falling back to string
2025-12-05 16:40:16,141 - INFO - Loaded 7 bank transactions and 3715 company transactions
2025-12-05 16:40:16,148 - INFO - Starting Stage 1: Traditional reconciliation pipeline...
2025-12-05 16:40:16,179 - INFO - Finding transaction ID matches...
2025-12-05 16:40:17,454 - INFO - Finding bank charges...
2025-12-05 16:40:17,458 - DEBUG - After bank charges detection: 1 matched (added 1)
2025-12-05 16:40:17,458 - INFO - Detected 1 bank charges
2025-12-05 16:40:17,460 - INFO - Finding Reverse CE GL matches...
2025-12-05 16:40:18,317 - INFO - Found 2 Reverse CE GL matches
2025-12-05 16:40:18,320 - INFO - Finding name and amount matches...
2025-12-05 16:40:20,025 - INFO - Found 5 name and amount matches
2025-12-05 16:40:20,028 - INFO - Finding Hungarian 1:1 matches...
2025-12-05 16:40:21,645 - INFO - Hungarian 1:1: 0 matches | pairs scored=45, kept=0, time=1.62s
2025-12-05 16:40:21,648 - INFO - Finding enhanced 1:1 matches...
2025-12-05 16:40:22,820 - INFO - Found 0 enhanced 1:1 matches
2025-12-05 16:40:22,822 - INFO - Finding amount and date matches...
2025-12-05 16:40:23,011 - INFO - Found 0 amount and date matches
2025-12-05 16:40:23,013 - INFO - Finding fuzzy matches...
2025-12-05 16:42:29,497 - INFO - ============================================================
2025-12-05 16:42:29,498 - INFO - CA MATCH PROCESS COMPLETED SUCCESSFULLY
2025-12-05 16:42:29,498 - INFO - ============================================================
2025-12-05 16:42:29,499 - INFO - ✅ CA Match completed: 7 records processed
2025-12-05 16:42:29,521 - INFO - 
======================================================================
2025-12-05 16:42:29,522 - INFO - ✅ COMPLETE AUTOMATION WORKFLOW FINISHED SUCCESSFULLY
2025-12-05 16:42:29,522 - INFO - ======================================================================
2025-12-05 16:42:29,522 - INFO - 
Workflow Summary:
2025-12-05 16:42:29,523 - INFO -   ✅ CA Match Process - Completed
2025-12-05 16:42:29,523 - INFO -   ✅ Extract Reconciliation Statement - Completed (chained)
2025-12-05 16:42:29,523 - INFO -   ✅ RaasPlus Reconciliation - Completed (chained)
2025-12-05 16:42:29,523 - INFO -   ✅ Match Statement - Completed (chained)
2025-12-05 16:42:29,524 - INFO - 
All processes completed successfully!
2025-12-05 16:42:29,524 - INFO - Check logs for detailed information.
2025-12-05 16:42:29,524 - INFO - ======================================================================
2025-12-05 16:53:30,657 - INFO - ======================================================================
2025-12-05 16:53:30,657 - INFO - PLAYWRIGHT AUTOMATION RUNNER
2025-12-05 16:53:30,657 - INFO - ======================================================================
2025-12-05 16:53:30,658 - INFO - Account: CIM02
2025-12-05 16:53:30,658 - INFO - Date: 05/12/2025
2025-12-05 16:53:30,658 - INFO - Amount: 263737.84
2025-12-05 16:53:30,658 - INFO - Headless Mode: False
2025-12-05 16:53:30,659 - INFO - Downloads Dir: C:\Users\Lenovo\OneDrive - Cognitive Consulting Sdn Bhd (1)\Desktop\SegmentationCompressionWork\PlayWright-Extractor\Downloads
2025-12-05 16:53:30,659 - INFO - ======================================================================
2025-12-05 16:53:30,659 - INFO - 
🚀 Starting complete automation workflow...

2025-12-05 16:53:30,660 - INFO - 
======================================================================
2025-12-05 16:53:30,660 - INFO - STEP 1: CA MATCH PROCESS
2025-12-05 16:53:30,660 - INFO - ======================================================================
2025-12-05 16:53:31,535 - INFO - Starting CA Match process...
2025-12-05 16:53:31,535 - INFO - ============================================================
2025-12-05 16:53:31,537 - INFO - CA MATCH PROCESS - OPTIMIZED VERSION
2025-12-05 16:53:31,538 - INFO - ============================================================
2025-12-05 16:53:31,539 - INFO - Initializing browser...
2025-12-05 16:53:32,308 - INFO - Browser initialized successfully
2025-12-05 16:53:32,309 - INFO - Logging in...
2025-12-05 16:53:33,873 - INFO - Navigating to Process Bank Records...
2025-12-05 16:53:43,149 - INFO - Starting auto-match process...
2025-12-05 16:53:43,323 - INFO - Clicked account link 'CIM02' successfully
2025-12-05 16:53:48,491 - INFO - Clicked Auto-Match button successfully
2025-12-05 16:53:50,512 - INFO - Waiting for auto-match confirmation...
2025-12-05 16:54:05,557 - WARNING - No 'Executing' message detected
2025-12-05 16:54:05,568 - INFO - âœ… Auto-match operation completed successfully!
2025-12-05 16:54:05,569 - INFO - Processing auto-matched items...
2025-12-05 16:54:05,659 - INFO - Clicked Process button successfully
2025-12-05 16:54:10,805 - INFO - Clicked Back button successfully
2025-12-05 16:54:13,817 - INFO - Starting manual matching process...
2025-12-05 16:54:13,955 - INFO - Clicked account link 'CIM02' successfully
2025-12-05 16:54:18,967 - INFO - Processing page 1...
2025-12-05 16:54:19,023 - INFO - Found 8 rows on page 1
2025-12-05 16:54:19,045 - INFO - Row 0 - Ext. Ref. Nbr.: 2507312241040258
2025-12-05 16:54:19,058 - INFO - Row 0 - Already matched, skipping
2025-12-05 16:54:19,078 - INFO - Row 1 - Ext. Ref. Nbr.: 2507311751140415
2025-12-05 16:54:19,091 - INFO - Row 1 - Already matched, skipping
2025-12-05 16:54:19,113 - INFO - Row 2 - Ext. Ref. Nbr.: 30756388
2025-12-05 16:54:19,126 - INFO - Row 2 - Already matched, skipping
2025-12-05 16:54:19,146 - INFO - Row 3 - Ext. Ref. Nbr.: 30756388
2025-12-05 16:54:19,158 - INFO - Row 3 - Already matched, skipping
2025-12-05 16:54:19,180 - INFO - Row 4 - Ext. Ref. Nbr.: 2507181637590200
2025-12-05 16:54:19,192 - INFO - Row 4 - Already matched, skipping
2025-12-05 16:54:19,214 - INFO - Row 5 - Ext. Ref. Nbr.: 2507110714350678
2025-12-05 16:54:19,226 - INFO - Row 5 - Already matched, skipping
2025-12-05 16:54:19,247 - INFO - Row 6 - Ext. Ref. Nbr.: 2507051851570603
2025-12-05 16:54:19,259 - INFO - Row 6 - Already matched, skipping
2025-12-05 16:54:19,272 - INFO - No more pages - pagination complete
2025-12-05 16:54:19,274 - INFO - Pagination complete - processed 7 total rows across 1 pages
2025-12-05 16:54:19,275 - INFO - Manual matching complete - 7 rows processed
2025-12-05 16:54:19,275 - INFO - Processing manually matched items...
2025-12-05 16:54:19,366 - INFO - Clicked Process button (after manual matching) successfully
2025-12-05 16:54:24,504 - INFO - Clicked Back to list button successfully
2025-12-05 16:54:27,509 - INFO - Downloading results...
2025-12-05 16:54:27,635 - INFO - Clicked account link 'CIM02' successfully
2025-12-05 16:54:32,752 - INFO - Clicked Export dropdown successfully
2025-12-05 16:54:32,867 - INFO - Clicked Export to Excel button successfully
2025-12-05 16:54:38,517 - INFO - Download started: Process Bank Transactions 20251205.xlsx
2025-12-05 16:54:38,812 - INFO - âœ… File saved to: C:\Users\Lenovo\OneDrive - Cognitive Consulting Sdn Bhd (1)\Desktop\SegmentationCompressionWork\PlayWright-Extractor\Downloads\Process Bank Transactions 20251205.xlsx
2025-12-05 16:54:38,815 - INFO - Processing downloaded file: C:\Users\Lenovo\OneDrive - Cognitive Consulting Sdn Bhd (1)\Desktop\SegmentationCompressionWork\PlayWright-Extractor\Downloads\Process Bank Transactions 20251205.xlsx
2025-12-05 16:54:38,844 - WARNING - Could not determine dtype for column 1, falling back to string
2025-12-05 16:54:38,845 - WARNING - Could not determine dtype for column 6, falling back to string
2025-12-05 16:54:38,845 - WARNING - Could not determine dtype for column 8, falling back to string
2025-12-05 16:54:38,845 - WARNING - Could not determine dtype for column 9, falling back to string
2025-12-05 16:54:38,845 - WARNING - Could not determine dtype for column 11, falling back to string
2025-12-05 16:54:38,847 - WARNING - Could not determine dtype for column 13, falling back to string
2025-12-05 16:54:38,847 - WARNING - Could not determine dtype for column 14, falling back to string
2025-12-05 16:54:38,847 - WARNING - Could not determine dtype for column 17, falling back to string
2025-12-05 16:54:38,847 - WARNING - Could not determine dtype for column 18, falling back to string
2025-12-05 16:54:38,847 - WARNING - Could not determine dtype for column 20, falling back to string
2025-12-05 16:54:38,927 - INFO - Processed 7 records from downloaded file
2025-12-05 16:54:39,355 - INFO - Browser cleanup completed
2025-12-05 16:54:39,355 - INFO - Chaining to Extract Reconciliation Statement...
2025-12-05 16:56:29,332 - WARNING - Could not determine dtype for column 2, falling back to string
2025-12-05 16:56:29,332 - WARNING - Could not determine dtype for column 11, falling back to string
2025-12-05 16:56:29,333 - WARNING - Could not determine dtype for column 12, falling back to string
2025-12-05 17:06:59,579 - INFO - Loaded 7 bank transactions and 3715 company transactions
2025-12-05 17:06:59,584 - INFO - Starting Stage 1: Traditional reconciliation pipeline...
2025-12-05 17:06:59,608 - INFO - Finding transaction ID matches...
2025-12-05 17:07:00,865 - INFO - Finding bank charges...
2025-12-05 17:07:00,868 - DEBUG - After bank charges detection: 1 matched (added 1)
2025-12-05 17:07:00,869 - INFO - Detected 1 bank charges
2025-12-05 17:07:00,870 - INFO - Finding Reverse CE GL matches...
2025-12-05 17:07:01,695 - INFO - Found 2 Reverse CE GL matches
2025-12-05 17:07:01,698 - INFO - Finding name and amount matches...
2025-12-05 17:07:03,401 - INFO - Found 5 name and amount matches
2025-12-05 17:07:03,402 - INFO - Finding Hungarian 1:1 matches...
2025-12-05 17:07:04,463 - INFO - Hungarian 1:1: 0 matches | pairs scored=45, kept=0, time=1.06s
2025-12-05 17:07:04,467 - INFO - Finding enhanced 1:1 matches...
2025-12-05 17:07:05,657 - INFO - Found 0 enhanced 1:1 matches
2025-12-05 17:07:05,660 - INFO - Finding amount and date matches...
2025-12-05 17:07:05,862 - INFO - Found 0 amount and date matches
2025-12-05 17:07:05,864 - INFO - Finding fuzzy matches...
2025-12-05 17:12:37,004 - INFO - ============================================================
2025-12-05 17:12:37,005 - INFO - CA MATCH PROCESS COMPLETED SUCCESSFULLY
2025-12-05 17:12:37,006 - INFO - ============================================================
2025-12-05 17:12:37,008 - INFO - ✅ CA Match completed: 7 records processed
2025-12-05 17:12:37,029 - INFO - 
======================================================================
2025-12-05 17:12:37,029 - INFO - ✅ COMPLETE AUTOMATION WORKFLOW FINISHED SUCCESSFULLY
2025-12-05 17:12:37,029 - INFO - ======================================================================
2025-12-05 17:12:37,029 - INFO - 
Workflow Summary:
2025-12-05 17:12:37,030 - INFO -   ✅ CA Match Process - Completed
2025-12-05 17:12:37,030 - INFO -   ✅ Extract Reconciliation Statement - Completed (chained)
2025-12-05 17:12:37,030 - INFO -   ✅ RaasPlus Reconciliation - Completed (chained)
2025-12-05 17:12:37,031 - INFO -   ✅ Match Statement - Completed (chained)
2025-12-05 17:12:37,031 - INFO - 
All processes completed successfully!
2025-12-05 17:12:37,031 - INFO - Check logs for detailed information.
2025-12-05 17:12:37,031 - INFO - ======================================================================
2025-12-07 23:18:13,717 - INFO - ======================================================================
2025-12-07 23:18:13,717 - INFO - PLAYWRIGHT AUTOMATION RUNNER
2025-12-07 23:18:13,717 - INFO - ======================================================================
2025-12-07 23:18:13,718 - INFO - Account: CIM02
2025-12-07 23:18:13,718 - INFO - Date: 07/11/2025
2025-12-07 23:18:13,718 - INFO - Amount: 100.0
2025-12-07 23:18:13,718 - INFO - Headless Mode: False
2025-12-07 23:18:13,718 - INFO - Downloads Dir: d:\Github\PlayWright-Extractor\Downloads
2025-12-07 23:18:13,718 - INFO - ======================================================================
2025-12-07 23:18:13,718 - INFO - 
🚀 Starting complete automation workflow...

2025-12-07 23:18:13,718 - INFO - 
======================================================================
2025-12-07 23:18:13,718 - INFO - STEP 1: CA MATCH PROCESS
2025-12-07 23:18:13,718 - INFO - ======================================================================
2025-12-07 23:18:21,088 - INFO - Starting CA Match process...
2025-12-07 23:18:21,089 - INFO - ============================================================
2025-12-07 23:18:21,090 - INFO - CA MATCH PROCESS - OPTIMIZED VERSION
2025-12-07 23:18:21,090 - INFO - ============================================================
2025-12-07 23:18:21,090 - INFO - Initializing browser...
2025-12-07 23:18:22,100 - INFO - Browser initialized successfully
2025-12-07 23:18:22,103 - INFO - Logging in...
2025-12-07 23:18:27,521 - INFO - Navigating to Process Bank Records...
2025-12-07 23:18:44,236 - INFO - Starting auto-match process...
2025-12-07 23:18:54,259 - WARNING - Normal click failed for account link 'CIM02', trying force click...
2025-12-07 23:18:58,236 - INFO - Force clicked account link 'CIM02'
2025-12-07 23:19:11,469 - INFO - Clicked Auto-Match button successfully
2025-12-07 23:19:13,478 - INFO - Waiting for auto-match confirmation...
2025-12-07 23:19:31,382 - WARNING - No 'Executing' message detected
2025-12-07 23:19:31,388 - INFO - âœ… Auto-match operation completed successfully!
2025-12-07 23:19:31,389 - INFO - Processing auto-matched items...
2025-12-07 23:19:31,439 - INFO - Clicked Process button successfully
2025-12-07 23:19:36,517 - INFO - Clicked Back button successfully
2025-12-07 23:19:39,525 - INFO - Starting manual matching process...
2025-12-07 23:19:39,598 - INFO - Clicked account link 'CIM02' successfully
2025-12-07 23:19:44,607 - INFO - Processing page 1...
2025-12-07 23:19:44,646 - INFO - Found 8 rows on page 1
2025-12-07 23:19:44,659 - INFO - Row 0 - Ext. Ref. Nbr.: 2507312241040258
2025-12-07 23:19:44,666 - INFO - Row 0 - Already matched, skipping
2025-12-07 23:19:44,678 - INFO - Row 1 - Ext. Ref. Nbr.: 2507311751140415
2025-12-07 23:19:44,685 - INFO - Row 1 - Already matched, skipping
2025-12-07 23:19:44,699 - INFO - Row 2 - Ext. Ref. Nbr.: 30756388
2025-12-07 23:19:44,705 - INFO - Row 2 - Already matched, skipping
2025-12-07 23:19:44,719 - INFO - Row 3 - Ext. Ref. Nbr.: 30756388
2025-12-07 23:19:44,725 - INFO - Row 3 - Already matched, skipping
2025-12-07 23:19:44,736 - INFO - Row 4 - Ext. Ref. Nbr.: 2507181637590200
2025-12-07 23:19:44,744 - INFO - Row 4 - Already matched, skipping
2025-12-07 23:19:44,757 - INFO - Row 5 - Ext. Ref. Nbr.: 2507110714350678
2025-12-07 23:19:44,763 - INFO - Row 5 - Already matched, skipping
2025-12-07 23:19:44,777 - INFO - Row 6 - Ext. Ref. Nbr.: 2507051851570603
2025-12-07 23:19:44,783 - INFO - Row 6 - Already matched, skipping
2025-12-07 23:19:44,790 - INFO - No more pages - pagination complete
2025-12-07 23:19:44,790 - INFO - Pagination complete - processed 7 total rows across 1 pages
2025-12-07 23:19:44,790 - INFO - Manual matching complete - 7 rows processed
2025-12-07 23:19:44,791 - INFO - Processing manually matched items...
2025-12-07 23:19:44,839 - INFO - Clicked Process button (after manual matching) successfully
2025-12-07 23:19:49,936 - INFO - Clicked Back to list button successfully
2025-12-07 23:19:52,949 - INFO - Downloading results...
2025-12-07 23:19:53,023 - INFO - Clicked account link 'CIM02' successfully
2025-12-07 23:19:58,097 - INFO - Clicked Export dropdown successfully
2025-12-07 23:19:58,175 - INFO - Clicked Export to Excel button successfully
2025-12-07 23:20:09,940 - INFO - Download started: Process Bank Transactions 20251207.xlsx
2025-12-07 23:20:10,330 - INFO - âœ… File saved to: d:\Github\PlayWright-Extractor\Downloads\Process Bank Transactions 20251207.xlsx
2025-12-07 23:20:10,331 - INFO - Processing downloaded file: d:\Github\PlayWright-Extractor\Downloads\Process Bank Transactions 20251207.xlsx
2025-12-07 23:20:10,493 - WARNING - Could not determine dtype for column 1, falling back to string
2025-12-07 23:20:10,493 - WARNING - Could not determine dtype for column 6, falling back to string
2025-12-07 23:20:10,493 - WARNING - Could not determine dtype for column 8, falling back to string
2025-12-07 23:20:10,493 - WARNING - Could not determine dtype for column 9, falling back to string
2025-12-07 23:20:10,493 - WARNING - Could not determine dtype for column 11, falling back to string
2025-12-07 23:20:10,494 - WARNING - Could not determine dtype for column 13, falling back to string
2025-12-07 23:20:10,494 - WARNING - Could not determine dtype for column 14, falling back to string
2025-12-07 23:20:10,494 - WARNING - Could not determine dtype for column 17, falling back to string
2025-12-07 23:20:10,494 - WARNING - Could not determine dtype for column 18, falling back to string
2025-12-07 23:20:10,494 - WARNING - Could not determine dtype for column 20, falling back to string
2025-12-07 23:20:10,565 - INFO - Processed 7 records from downloaded file
2025-12-07 23:20:10,874 - INFO - Browser cleanup completed
2025-12-07 23:20:10,874 - INFO - Chaining to Extract Reconciliation Statement...
2025-12-07 23:22:00,647 - WARNING - Could not determine dtype for column 2, falling back to string
2025-12-07 23:22:00,647 - WARNING - Could not determine dtype for column 11, falling back to string
2025-12-07 23:22:00,647 - WARNING - Could not determine dtype for column 12, falling back to string
2025-12-07 23:22:03,569 - INFO - generated new fontManager
2025-12-07 23:25:22,940 - INFO - Loaded 7 bank transactions and 3715 company transactions
2025-12-07 23:25:22,943 - INFO - Starting Stage 1: Traditional reconciliation pipeline...
2025-12-07 23:25:22,961 - INFO - Finding transaction ID matches...
2025-12-07 23:25:23,392 - INFO - Finding bank charges...
2025-12-07 23:25:23,394 - DEBUG - After bank charges detection: 1 matched (added 1)
2025-12-07 23:25:23,394 - INFO - Detected 1 bank charges
2025-12-07 23:25:23,395 - INFO - Finding Reverse CE GL matches...
2025-12-07 23:25:23,646 - INFO - Found 2 Reverse CE GL matches
2025-12-07 23:25:23,649 - INFO - Finding name and amount matches...
2025-12-07 23:25:24,254 - INFO - Found 5 name and amount matches
2025-12-07 23:25:24,255 - INFO - Finding Hungarian 1:1 matches...
2025-12-07 23:25:27,404 - INFO - Hungarian 1:1: 0 matches | pairs scored=45, kept=0, time=3.15s
2025-12-07 23:25:27,406 - INFO - Finding enhanced 1:1 matches...
2025-12-07 23:25:27,618 - INFO - Found 0 enhanced 1:1 matches
2025-12-07 23:25:27,619 - INFO - Finding amount and date matches...
2025-12-07 23:25:27,681 - INFO - Found 0 amount and date matches
2025-12-07 23:25:27,682 - INFO - Finding fuzzy matches...
2025-12-08 00:00:38,721 - INFO - ======================================================================
2025-12-08 00:00:38,721 - INFO - PLAYWRIGHT AUTOMATION RUNNER
2025-12-08 00:00:38,722 - INFO - ======================================================================
2025-12-08 00:00:38,722 - INFO - Account: CIM02
2025-12-08 00:00:38,722 - INFO - Date: 08/11/2025
2025-12-08 00:00:38,722 - INFO - Amount: 100.0
2025-12-08 00:00:38,722 - INFO - Headless Mode: False
2025-12-08 00:00:38,722 - INFO - Downloads Dir: d:\Github\PlayWright-Extractor\Downloads
2025-12-08 00:00:38,723 - INFO - ======================================================================
2025-12-08 00:00:38,723 - INFO - 
🚀 Starting complete automation workflow...

2025-12-08 00:00:38,723 - INFO - 
======================================================================
2025-12-08 00:00:38,723 - INFO - STEP 1: CA MATCH PROCESS
2025-12-08 00:00:38,723 - INFO - ======================================================================
2025-12-08 00:00:45,503 - INFO - Starting CA Match process...
2025-12-08 00:00:45,504 - INFO - ============================================================
2025-12-08 00:00:45,505 - INFO - CA MATCH PROCESS - OPTIMIZED VERSION
2025-12-08 00:00:45,505 - INFO - ============================================================
2025-12-08 00:00:45,506 - INFO - Initializing browser...
2025-12-08 00:00:46,366 - INFO - Browser initialized successfully
2025-12-08 00:00:46,367 - INFO - Logging in...
2025-12-08 00:00:53,572 - INFO - Navigating to Process Bank Records...
2025-12-08 00:01:10,162 - INFO - Starting auto-match process...
2025-12-08 00:01:19,062 - INFO - Clicked account link 'CIM02' successfully
2025-12-08 00:01:24,161 - INFO - Clicked Auto-Match button successfully
2025-12-08 00:01:26,175 - INFO - Waiting for auto-match confirmation...
2025-12-08 00:01:41,247 - WARNING - No 'Executing' message detected
2025-12-08 00:01:41,257 - INFO - âœ… Auto-match operation completed successfully!
2025-12-08 00:01:41,258 - INFO - Processing auto-matched items...
2025-12-08 00:01:41,341 - INFO - Clicked Process button successfully
2025-12-08 00:01:46,459 - INFO - Clicked Back button successfully
2025-12-08 00:01:49,475 - INFO - Starting manual matching process...
2025-12-08 00:01:49,553 - INFO - Clicked account link 'CIM02' successfully
2025-12-08 00:01:54,566 - INFO - Processing page 1...
2025-12-08 00:01:54,608 - INFO - Found 8 rows on page 1
2025-12-08 00:01:54,620 - INFO - Row 0 - Ext. Ref. Nbr.: 2507312241040258
2025-12-08 00:01:54,626 - INFO - Row 0 - Already matched, skipping
2025-12-08 00:01:54,640 - INFO - Row 1 - Ext. Ref. Nbr.: 2507311751140415
2025-12-08 00:01:54,647 - INFO - Row 1 - Already matched, skipping
2025-12-08 00:01:54,663 - INFO - Row 2 - Ext. Ref. Nbr.: 30756388
2025-12-08 00:01:54,671 - INFO - Row 2 - Already matched, skipping
2025-12-08 00:01:54,682 - INFO - Row 3 - Ext. Ref. Nbr.: 30756388
2025-12-08 00:01:54,689 - INFO - Row 3 - Already matched, skipping
2025-12-08 00:01:54,702 - INFO - Row 4 - Ext. Ref. Nbr.: 2507181637590200
2025-12-08 00:01:54,707 - INFO - Row 4 - Already matched, skipping
2025-12-08 00:01:54,718 - INFO - Row 5 - Ext. Ref. Nbr.: 2507110714350678
2025-12-08 00:01:54,723 - INFO - Row 5 - Already matched, skipping
2025-12-08 00:01:54,733 - INFO - Row 6 - Ext. Ref. Nbr.: 2507051851570603
2025-12-08 00:01:54,739 - INFO - Row 6 - Already matched, skipping
2025-12-08 00:01:54,746 - INFO - No more pages - pagination complete
2025-12-08 00:01:54,746 - INFO - Pagination complete - processed 7 total rows across 1 pages
2025-12-08 00:01:54,747 - INFO - Manual matching complete - 7 rows processed
2025-12-08 00:01:54,747 - INFO - Processing manually matched items...
2025-12-08 00:01:54,802 - INFO - Clicked Process button (after manual matching) successfully
2025-12-08 00:01:59,926 - INFO - Clicked Back to list button successfully
2025-12-08 00:02:02,937 - INFO - Downloading results...
2025-12-08 00:02:03,018 - INFO - Clicked account link 'CIM02' successfully
2025-12-08 00:02:08,127 - INFO - Clicked Export dropdown successfully
2025-12-08 00:02:08,219 - INFO - Clicked Export to Excel button successfully
2025-12-08 00:02:13,968 - INFO - Download started: Process Bank Transactions 20251208.xlsx
2025-12-08 00:02:14,415 - INFO - âœ… File saved to: d:\Github\PlayWright-Extractor\Downloads\Process Bank Transactions 20251208.xlsx
2025-12-08 00:02:14,416 - INFO - Processing downloaded file: d:\Github\PlayWright-Extractor\Downloads\Process Bank Transactions 20251208.xlsx
2025-12-08 00:02:14,603 - WARNING - Could not determine dtype for column 1, falling back to string
2025-12-08 00:02:14,604 - WARNING - Could not determine dtype for column 6, falling back to string
2025-12-08 00:02:14,604 - WARNING - Could not determine dtype for column 8, falling back to string
2025-12-08 00:02:14,604 - WARNING - Could not determine dtype for column 9, falling back to string
2025-12-08 00:02:14,605 - WARNING - Could not determine dtype for column 11, falling back to string
2025-12-08 00:02:14,605 - WARNING - Could not determine dtype for column 13, falling back to string
2025-12-08 00:02:14,605 - WARNING - Could not determine dtype for column 14, falling back to string
2025-12-08 00:02:14,605 - WARNING - Could not determine dtype for column 17, falling back to string
2025-12-08 00:02:14,606 - WARNING - Could not determine dtype for column 18, falling back to string
2025-12-08 00:02:14,606 - WARNING - Could not determine dtype for column 20, falling back to string
2025-12-08 00:02:14,622 - INFO - Processed 7 records from downloaded file
2025-12-08 00:02:14,954 - INFO - Browser cleanup completed
2025-12-08 00:02:14,955 - INFO - Chaining to Extract Reconciliation Statement...
2025-12-08 00:03:58,959 - WARNING - Could not determine dtype for column 2, falling back to string
2025-12-08 00:03:58,960 - WARNING - Could not determine dtype for column 11, falling back to string
2025-12-08 00:03:58,960 - WARNING - Could not determine dtype for column 12, falling back to string
2025-12-08 00:07:46,818 - INFO - Loaded 7 bank transactions and 3715 company transactions
2025-12-08 00:07:46,821 - INFO - Starting Stage 1: Traditional reconciliation pipeline...
2025-12-08 00:07:46,870 - INFO - Finding transaction ID matches...
2025-12-08 00:07:47,405 - INFO - Finding bank charges...
2025-12-08 00:07:47,407 - DEBUG - After bank charges detection: 1 matched (added 1)
2025-12-08 00:07:47,407 - INFO - Detected 1 bank charges
2025-12-08 00:07:47,408 - INFO - Finding Reverse CE GL matches...
2025-12-08 00:07:47,738 - INFO - Found 2 Reverse CE GL matches
2025-12-08 00:07:47,741 - INFO - Finding name and amount matches...
2025-12-08 00:07:48,458 - INFO - Found 5 name and amount matches
2025-12-08 00:07:48,460 - INFO - Finding Hungarian 1:1 matches...
2025-12-08 00:07:52,386 - INFO - Hungarian 1:1: 0 matches | pairs scored=45, kept=0, time=3.93s
2025-12-08 00:07:52,388 - INFO - Finding enhanced 1:1 matches...
2025-12-08 00:07:52,737 - INFO - Found 0 enhanced 1:1 matches
2025-12-08 00:07:52,738 - INFO - Finding amount and date matches...
2025-12-08 00:07:52,829 - INFO - Found 0 amount and date matches
2025-12-08 00:07:52,831 - INFO - Finding fuzzy matches...
2025-12-08 00:10:20,856 - INFO - ============================================================
2025-12-08 00:10:20,857 - INFO - CA MATCH PROCESS COMPLETED SUCCESSFULLY
2025-12-08 00:10:20,857 - INFO - ============================================================
2025-12-08 00:10:20,857 - INFO - ✅ CA Match completed: 7 records processed
2025-12-08 00:10:20,876 - INFO - 
======================================================================
2025-12-08 00:10:20,876 - INFO - ✅ COMPLETE AUTOMATION WORKFLOW FINISHED SUCCESSFULLY
2025-12-08 00:10:20,876 - INFO - ======================================================================
2025-12-08 00:10:20,876 - INFO - 
Workflow Summary:
2025-12-08 00:10:20,877 - INFO -   ✅ CA Match Process - Completed
2025-12-08 00:10:20,877 - INFO -   ✅ Extract Reconciliation Statement - Completed (chained)
2025-12-08 00:10:20,877 - INFO -   ✅ RaasPlus Reconciliation - Completed (chained)
2025-12-08 00:10:20,877 - INFO -   ✅ Match Statement - Completed (chained)
2025-12-08 00:10:20,877 - INFO - 
All processes completed successfully!
2025-12-08 00:10:20,877 - INFO - Check logs for detailed information.
2025-12-08 00:10:20,877 - INFO - ======================================================================
2025-12-08 01:43:44,824 - INFO - ======================================================================
2025-12-08 01:43:44,824 - INFO - PLAYWRIGHT AUTOMATION RUNNER
2025-12-08 01:43:44,825 - INFO - ======================================================================
2025-12-08 01:43:44,825 - INFO - Account: CIM02
2025-12-08 01:43:44,825 - INFO - Date: 08/11/2025
2025-12-08 01:43:44,825 - INFO - Amount: 100.0
2025-12-08 01:43:44,825 - INFO - Headless Mode: False
2025-12-08 01:43:44,825 - INFO - Downloads Dir: d:\Github\PlayWright-Extractor\Downloads
2025-12-08 01:43:44,825 - INFO - ======================================================================
2025-12-08 01:43:44,826 - INFO - 
🚀 Starting complete automation workflow...

2025-12-08 01:43:44,826 - INFO - 
======================================================================
2025-12-08 01:43:44,826 - INFO - STEP 1: CA MATCH PROCESS
2025-12-08 01:43:44,826 - INFO - ======================================================================
2025-12-08 01:43:45,358 - INFO - Starting CA Match process...
2025-12-08 01:43:45,359 - INFO - ============================================================
2025-12-08 01:43:45,360 - INFO - CA MATCH PROCESS - OPTIMIZED VERSION
2025-12-08 01:43:45,360 - INFO - ============================================================
2025-12-08 01:43:45,360 - INFO - Initializing browser...
2025-12-08 01:43:46,040 - INFO - Browser initialized successfully
2025-12-08 01:43:46,041 - INFO - Logging in...
2025-12-08 01:43:50,782 - INFO - Navigating to Process Bank Records...
2025-12-08 01:44:05,609 - INFO - Starting auto-match process...
2025-12-08 01:44:14,977 - INFO - Clicked account link 'CIM02' successfully
2025-12-08 01:44:20,067 - INFO - Clicked Auto-Match button successfully
2025-12-08 01:44:22,084 - INFO - Waiting for auto-match confirmation...
2025-12-08 01:44:37,159 - WARNING - No 'Executing' message detected
2025-12-08 01:44:37,166 - INFO - âœ… Auto-match operation completed successfully!
2025-12-08 01:44:37,167 - INFO - Processing auto-matched items...
2025-12-08 01:44:37,221 - INFO - Clicked Process button successfully
2025-12-08 01:44:42,317 - INFO - Clicked Back button successfully
2025-12-08 01:44:45,330 - INFO - Starting manual matching process...
2025-12-08 01:44:45,407 - INFO - Clicked account link 'CIM02' successfully
2025-12-08 01:44:50,419 - INFO - Processing page 1...
2025-12-08 01:44:50,455 - INFO - Found 8 rows on page 1
2025-12-08 01:44:50,469 - INFO - Row 0 - Ext. Ref. Nbr.: 2507312241040258
2025-12-08 01:44:50,476 - INFO - Row 0 - Already matched, skipping
2025-12-08 01:44:50,490 - INFO - Row 1 - Ext. Ref. Nbr.: 2507311751140415
2025-12-08 01:44:50,496 - INFO - Row 1 - Already matched, skipping
2025-12-08 01:44:50,508 - INFO - Row 2 - Ext. Ref. Nbr.: 30756388
2025-12-08 01:44:50,514 - INFO - Row 2 - Already matched, skipping
2025-12-08 01:44:50,527 - INFO - Row 3 - Ext. Ref. Nbr.: 30756388
2025-12-08 01:44:50,535 - INFO - Row 3 - Already matched, skipping
2025-12-08 01:44:50,549 - INFO - Row 4 - Ext. Ref. Nbr.: 2507181637590200
2025-12-08 01:44:50,554 - INFO - Row 4 - Already matched, skipping
2025-12-08 01:44:50,569 - INFO - Row 5 - Ext. Ref. Nbr.: 2507110714350678
2025-12-08 01:44:50,574 - INFO - Row 5 - Already matched, skipping
2025-12-08 01:44:50,588 - INFO - Row 6 - Ext. Ref. Nbr.: 2507051851570603
2025-12-08 01:44:50,596 - INFO - Row 6 - Already matched, skipping
2025-12-08 01:44:50,603 - INFO - No more pages - pagination complete
2025-12-08 01:44:50,604 - INFO - Pagination complete - processed 7 total rows across 1 pages
2025-12-08 01:44:50,604 - INFO - Manual matching complete - 7 rows processed
2025-12-08 01:44:50,604 - INFO - Processing manually matched items...
2025-12-08 01:44:50,653 - INFO - Clicked Process button (after manual matching) successfully
2025-12-08 01:44:55,733 - INFO - Clicked Back to list button successfully
2025-12-08 01:44:58,741 - INFO - Downloading results...
2025-12-08 01:44:58,813 - INFO - Clicked account link 'CIM02' successfully
2025-12-08 01:45:03,880 - INFO - Clicked Export dropdown successfully
2025-12-08 01:45:03,939 - INFO - Clicked Export to Excel button successfully
2025-12-08 01:45:09,584 - INFO - Download started: Process Bank Transactions 20251208.xlsx
2025-12-08 01:45:09,685 - INFO - âœ… File saved to: d:\Github\PlayWright-Extractor\Downloads\Process Bank Transactions 20251208.xlsx
2025-12-08 01:45:09,686 - INFO - Processing downloaded file: d:\Github\PlayWright-Extractor\Downloads\Process Bank Transactions 20251208.xlsx
2025-12-08 01:45:09,710 - WARNING - Could not determine dtype for column 1, falling back to string
2025-12-08 01:45:09,710 - WARNING - Could not determine dtype for column 6, falling back to string
2025-12-08 01:45:09,710 - WARNING - Could not determine dtype for column 8, falling back to string
2025-12-08 01:45:09,711 - WARNING - Could not determine dtype for column 9, falling back to string
2025-12-08 01:45:09,711 - WARNING - Could not determine dtype for column 11, falling back to string
2025-12-08 01:45:09,711 - WARNING - Could not determine dtype for column 13, falling back to string
2025-12-08 01:45:09,711 - WARNING - Could not determine dtype for column 14, falling back to string
2025-12-08 01:45:09,711 - WARNING - Could not determine dtype for column 17, falling back to string
2025-12-08 01:45:09,711 - WARNING - Could not determine dtype for column 18, falling back to string
2025-12-08 01:45:09,711 - WARNING - Could not determine dtype for column 20, falling back to string
2025-12-08 01:45:09,741 - INFO - Processed 7 records from downloaded file
2025-12-08 01:45:10,151 - INFO - Browser cleanup completed
2025-12-08 01:45:10,151 - INFO - Chaining to Extract Reconciliation Statement...
2025-12-08 01:47:14,136 - WARNING - Could not determine dtype for column 2, falling back to string
2025-12-08 01:47:14,136 - WARNING - Could not determine dtype for column 11, falling back to string
2025-12-08 01:47:14,136 - WARNING - Could not determine dtype for column 12, falling back to string
2025-12-08 01:50:36,154 - INFO - Loaded 7 bank transactions and 3715 company transactions
2025-12-08 01:50:36,157 - INFO - Starting Stage 1: Traditional reconciliation pipeline...
2025-12-08 01:50:36,170 - INFO - Finding transaction ID matches...
2025-12-08 01:50:36,612 - INFO - Finding bank charges...
2025-12-08 01:50:36,614 - DEBUG - After bank charges detection: 1 matched (added 1)
2025-12-08 01:50:36,614 - INFO - Detected 1 bank charges
2025-12-08 01:50:36,614 - INFO - Finding Reverse CE GL matches...
2025-12-08 01:50:36,892 - INFO - Found 2 Reverse CE GL matches
2025-12-08 01:50:36,894 - INFO - Finding name and amount matches...
2025-12-08 01:50:37,534 - INFO - Found 5 name and amount matches
2025-12-08 01:50:37,535 - INFO - Finding Hungarian 1:1 matches...
2025-12-08 01:50:38,105 - INFO - Hungarian 1:1: 0 matches | pairs scored=45, kept=0, time=0.57s
2025-12-08 01:50:38,107 - INFO - Finding enhanced 1:1 matches...
2025-12-08 01:50:38,318 - INFO - Found 0 enhanced 1:1 matches
2025-12-08 01:50:38,319 - INFO - Finding amount and date matches...
2025-12-08 01:50:38,383 - INFO - Found 0 amount and date matches
2025-12-08 01:50:38,384 - INFO - Finding fuzzy matches...
2025-12-08 01:51:48,896 - INFO - ============================================================
2025-12-08 01:51:48,897 - INFO - CA MATCH PROCESS COMPLETED SUCCESSFULLY
2025-12-08 01:51:48,897 - INFO - ============================================================
2025-12-08 01:51:48,897 - INFO - ✅ CA Match completed: 7 records processed
2025-12-08 01:51:48,910 - INFO - 
======================================================================
2025-12-08 01:51:48,911 - INFO - ✅ COMPLETE AUTOMATION WORKFLOW FINISHED SUCCESSFULLY
2025-12-08 01:51:48,911 - INFO - ======================================================================
2025-12-08 01:51:48,911 - INFO - 
Workflow Summary:
2025-12-08 01:51:48,911 - INFO -   ✅ CA Match Process - Completed
2025-12-08 01:51:48,912 - INFO -   ✅ Extract Reconciliation Statement - Completed (chained)
2025-12-08 01:51:48,912 - INFO -   ✅ RaasPlus Reconciliation - Completed (chained)
2025-12-08 01:51:48,912 - INFO -   ✅ Match Statement - Completed (chained)
2025-12-08 01:51:48,912 - INFO - 
All processes completed successfully!
2025-12-08 01:51:48,912 - INFO - Check logs for detailed information.
2025-12-08 01:51:48,913 - INFO - ======================================================================
2025-12-08 02:13:22,441 - INFO - ======================================================================
2025-12-08 02:13:22,441 - INFO - PLAYWRIGHT AUTOMATION RUNNER
2025-12-08 02:13:22,441 - INFO - ======================================================================
2025-12-08 02:13:22,442 - INFO - Account: CIM02
2025-12-08 02:13:22,442 - INFO - Date: 08/11/2025
2025-12-08 02:13:22,442 - INFO - Amount: 100.0
2025-12-08 02:13:22,442 - INFO - Headless Mode: False
2025-12-08 02:13:22,442 - INFO - Downloads Dir: d:\Github\PlayWright-Extractor\Downloads
2025-12-08 02:13:22,443 - INFO - ======================================================================
2025-12-08 02:13:22,443 - INFO - 
🚀 Starting complete automation workflow...

2025-12-08 02:13:22,443 - INFO - 
======================================================================
2025-12-08 02:13:22,443 - INFO - STEP 1: CA MATCH PROCESS
2025-12-08 02:13:22,443 - INFO - ======================================================================
2025-12-08 02:13:22,880 - INFO - Starting CA Match process...
2025-12-08 02:13:22,881 - INFO - ============================================================
2025-12-08 02:13:22,882 - INFO - CA MATCH PROCESS - OPTIMIZED VERSION
2025-12-08 02:13:22,882 - INFO - ============================================================
2025-12-08 02:13:22,883 - INFO - Initializing browser...
2025-12-08 02:13:23,428 - INFO - Browser initialized successfully
2025-12-08 02:13:23,429 - INFO - Logging in...
2025-12-08 02:13:27,903 - INFO - Navigating to Process Bank Records...
2025-12-08 02:13:43,954 - INFO - Starting auto-match process...
2025-12-08 02:13:46,979 - INFO - Clicked account link 'CIM02' successfully
2025-12-08 02:13:52,080 - INFO - Clicked Auto-Match button successfully
2025-12-08 02:13:54,091 - INFO - Waiting for auto-match confirmation...
2025-12-08 02:14:09,146 - WARNING - No 'Executing' message detected
2025-12-08 02:14:09,162 - INFO - âœ… Auto-match operation completed successfully!
2025-12-08 02:14:09,163 - INFO - Processing auto-matched items...
2025-12-08 02:14:09,224 - INFO - Clicked Process button successfully
2025-12-08 02:14:14,320 - INFO - Clicked Back button successfully
2025-12-08 02:14:17,331 - INFO - Starting manual matching process...
2025-12-08 02:14:17,413 - INFO - Clicked account link 'CIM02' successfully
2025-12-08 02:14:22,422 - INFO - Processing page 1...
2025-12-08 02:14:22,462 - INFO - Found 8 rows on page 1
2025-12-08 02:14:22,477 - INFO - Row 0 - Ext. Ref. Nbr.: 2507312241040258
2025-12-08 02:14:22,485 - INFO - Row 0 - Already matched, skipping
2025-12-08 02:14:22,501 - INFO - Row 1 - Ext. Ref. Nbr.: 2507311751140415
2025-12-08 02:14:22,508 - INFO - Row 1 - Already matched, skipping
2025-12-08 02:14:22,525 - INFO - Row 2 - Ext. Ref. Nbr.: 30756388
2025-12-08 02:14:22,533 - INFO - Row 2 - Already matched, skipping
2025-12-08 02:14:22,550 - INFO - Row 3 - Ext. Ref. Nbr.: 30756388
2025-12-08 02:14:22,561 - INFO - Row 3 - Already matched, skipping
2025-12-08 02:14:22,580 - INFO - Row 4 - Ext. Ref. Nbr.: 2507181637590200
2025-12-08 02:14:22,588 - INFO - Row 4 - Already matched, skipping
2025-12-08 02:14:22,602 - INFO - Row 5 - Ext. Ref. Nbr.: 2507110714350678
2025-12-08 02:14:22,610 - INFO - Row 5 - Already matched, skipping
2025-12-08 02:14:22,626 - INFO - Row 6 - Ext. Ref. Nbr.: 2507051851570603
2025-12-08 02:14:22,634 - INFO - Row 6 - Already matched, skipping
2025-12-08 02:14:22,642 - INFO - No more pages - pagination complete
2025-12-08 02:14:22,642 - INFO - Pagination complete - processed 7 total rows across 1 pages
2025-12-08 02:14:22,643 - INFO - Manual matching complete - 7 rows processed
2025-12-08 02:14:22,643 - INFO - Processing manually matched items...
2025-12-08 02:14:22,696 - INFO - Clicked Process button (after manual matching) successfully
2025-12-08 02:14:27,785 - INFO - Clicked Back to list button successfully
2025-12-08 02:14:30,803 - INFO - Downloading results...
2025-12-08 02:14:30,886 - INFO - Clicked account link 'CIM02' successfully
2025-12-08 02:14:35,966 - INFO - Clicked Export dropdown successfully
2025-12-08 02:14:36,019 - INFO - Clicked Export to Excel button successfully
2025-12-08 02:14:41,665 - INFO - Download started: Process Bank Transactions 20251208.xlsx
2025-12-08 02:14:41,748 - INFO - âœ… File saved to: d:\Github\PlayWright-Extractor\Downloads\Process Bank Transactions 20251208.xlsx
2025-12-08 02:14:41,749 - INFO - Processing downloaded file: d:\Github\PlayWright-Extractor\Downloads\Process Bank Transactions 20251208.xlsx
2025-12-08 02:14:41,768 - WARNING - Could not determine dtype for column 1, falling back to string
2025-12-08 02:14:41,768 - WARNING - Could not determine dtype for column 6, falling back to string
2025-12-08 02:14:41,768 - WARNING - Could not determine dtype for column 8, falling back to string
2025-12-08 02:14:41,768 - WARNING - Could not determine dtype for column 9, falling back to string
2025-12-08 02:14:41,769 - WARNING - Could not determine dtype for column 11, falling back to string
2025-12-08 02:14:41,769 - WARNING - Could not determine dtype for column 13, falling back to string
2025-12-08 02:14:41,769 - WARNING - Could not determine dtype for column 14, falling back to string
2025-12-08 02:14:41,769 - WARNING - Could not determine dtype for column 17, falling back to string
2025-12-08 02:14:41,769 - WARNING - Could not determine dtype for column 18, falling back to string
2025-12-08 02:14:41,769 - WARNING - Could not determine dtype for column 20, falling back to string
2025-12-08 02:14:41,789 - INFO - Processed 7 records from downloaded file
2025-12-08 02:14:42,190 - INFO - Browser cleanup completed
2025-12-08 02:14:42,191 - INFO - Chaining to Extract Reconciliation Statement...
2025-12-08 02:16:39,676 - WARNING - Could not determine dtype for column 2, falling back to string
2025-12-08 02:16:39,676 - WARNING - Could not determine dtype for column 11, falling back to string
2025-12-08 02:16:39,676 - WARNING - Could not determine dtype for column 12, falling back to string
2025-12-08 02:19:59,986 - INFO - Loaded 7 bank transactions and 3715 company transactions
2025-12-08 02:19:59,989 - INFO - Starting Stage 1: Traditional reconciliation pipeline...
2025-12-08 02:20:00,009 - INFO - Finding transaction ID matches...
2025-12-08 02:20:00,480 - INFO - Finding bank charges...
2025-12-08 02:20:00,482 - DEBUG - After bank charges detection: 1 matched (added 1)
2025-12-08 02:20:00,482 - INFO - Detected 1 bank charges
2025-12-08 02:20:00,483 - INFO - Finding Reverse CE GL matches...
2025-12-08 02:20:00,746 - INFO - Found 2 Reverse CE GL matches
2025-12-08 02:20:00,748 - INFO - Finding name and amount matches...
2025-12-08 02:20:01,336 - INFO - Found 5 name and amount matches
2025-12-08 02:20:01,337 - INFO - Finding Hungarian 1:1 matches...
2025-12-08 02:20:01,716 - INFO - Hungarian 1:1: 0 matches | pairs scored=45, kept=0, time=0.38s
2025-12-08 02:20:01,718 - INFO - Finding enhanced 1:1 matches...
2025-12-08 02:20:01,920 - INFO - Found 0 enhanced 1:1 matches
2025-12-08 02:20:01,922 - INFO - Finding amount and date matches...
2025-12-08 02:20:01,985 - INFO - Found 0 amount and date matches
2025-12-08 02:20:01,986 - INFO - Finding fuzzy matches...
2025-12-08 02:21:24,854 - INFO - ============================================================
2025-12-08 02:21:24,854 - INFO - CA MATCH PROCESS COMPLETED SUCCESSFULLY
2025-12-08 02:21:24,855 - INFO - ============================================================
2025-12-08 02:21:24,855 - INFO - ✅ CA Match completed: 7 records processed
2025-12-08 02:21:24,869 - INFO - 
======================================================================
2025-12-08 02:21:24,869 - INFO - ✅ COMPLETE AUTOMATION WORKFLOW FINISHED SUCCESSFULLY
2025-12-08 02:21:24,869 - INFO - ======================================================================
2025-12-08 02:21:24,869 - INFO - 
Workflow Summary:
2025-12-08 02:21:24,870 - INFO -   ✅ CA Match Process - Completed
2025-12-08 02:21:24,870 - INFO -   ✅ Extract Reconciliation Statement - Completed (chained)
2025-12-08 02:21:24,870 - INFO -   ✅ RaasPlus Reconciliation - Completed (chained)
2025-12-08 02:21:24,870 - INFO -   ✅ Match Statement - Completed (chained)
2025-12-08 02:21:24,870 - INFO - 
All processes completed successfully!
2025-12-08 02:21:24,870 - INFO - Check logs for detailed information.
2025-12-08 02:21:24,870 - INFO - ======================================================================
2025-12-08 12:40:06,529 - INFO - ======================================================================
2025-12-08 12:40:06,530 - INFO - PLAYWRIGHT AUTOMATION RUNNER
2025-12-08 12:40:06,531 - INFO - ======================================================================
2025-12-08 12:40:06,531 - INFO - Account: CIM02
2025-12-08 12:40:06,532 - INFO - Date: 08/11/2025
2025-12-08 12:40:06,532 - INFO - Amount: 100.0
2025-12-08 12:40:06,533 - INFO - Headless Mode: False
2025-12-08 12:40:06,533 - INFO - Downloads Dir: d:\Github\PlayWright-Extractor\Downloads
2025-12-08 12:40:06,534 - INFO - ======================================================================
2025-12-08 12:40:06,534 - INFO - 
🚀 Starting complete automation workflow...

2025-12-08 12:40:06,535 - INFO - 
======================================================================
2025-12-08 12:40:06,535 - INFO - STEP 1: CA MATCH PROCESS
2025-12-08 12:40:06,536 - INFO - ======================================================================
2025-12-08 12:40:09,346 - INFO - Starting CA Match process...
2025-12-08 12:40:09,348 - INFO - ============================================================
2025-12-08 12:40:09,350 - INFO - CA MATCH PROCESS - OPTIMIZED VERSION
2025-12-08 12:40:09,351 - INFO - ============================================================
2025-12-08 12:40:09,351 - INFO - Initializing browser...
2025-12-08 12:40:11,629 - INFO - Browser initialized successfully
2025-12-08 12:40:11,631 - INFO - Logging in...
2025-12-08 12:40:26,326 - INFO - Navigating to Process Bank Records...
2025-12-08 12:40:56,353 - ERROR - FATAL ERROR: Locator.click: Timeout 30000ms exceeded.
Call log:
  - waiting for locator("div").filter(has_text=re.compile(r"^Cash Book$")).first
    - waiting for" https://csmstg.censof.com/DBKK/Frames/Login.aspx?ReturnUrl=%2fDBKK" navigation to finish...
    - navigated to "https://csmstg.censof.com/DBKK/Main"

2025-12-08 12:40:56,871 - INFO - Browser cleanup completed
2025-12-08 12:40:56,894 - ERROR - ❌ CA Match failed: Locator.click: Timeout 30000ms exceeded.
Call log:
  - waiting for locator("div").filter(has_text=re.compile(r"^Cash Book$")).first
    - waiting for" https://csmstg.censof.com/DBKK/Frames/Login.aspx?ReturnUrl=%2fDBKK" navigation to finish...
    - navigated to "https://csmstg.censof.com/DBKK/Main"
Traceback (most recent call last):
  File "d:\Github\PlayWright-Extractor\playwright_scripts\run_playwright.py", line 142, in run_ca_match
    records = process_bank_transactions(
        playwright=playwright,
    ...<9 lines>...
        headless=self.headless
    )
  File "d:\Github\PlayWright-Extractor\playwright_scripts\CA_Match_Process_Optimized.py", line 643, in process_bank_transactions
    return processor.run()
           ~~~~~~~~~~~~~^^
  File "d:\Github\PlayWright-Extractor\playwright_scripts\CA_Match_Process_Optimized.py", line 531, in run
    functions.navigatePage(self.page, "Process Bank Records")
    ~~~~~~~~~~~~~~~~~~~~~~^^^^^^^^^^^^^^^^^^^^^^^^^^^^^^^^^^^
  File "d:\Github\PlayWright-Extractor\helper_playwright\functions.py", line 23, in navigatePage
    page.locator("div").filter(has_text=re.compile(r"^Cash Book$")).first.click()
    ~~~~~~~~~~~~~~~~~~~~~~~~~~~~~~~~~~~~~~~~~~~~~~~~~~~~~~~~~~~~~~~~~~~~~~~~~~~^^
  File "D:\Github\PlayWright-Extractor\venv\Lib\site-packages\playwright\sync_api\_generated.py", line 15573, in click
    self._sync(
    ~~~~~~~~~~^
        self._impl_obj.click(
        ^^^^^^^^^^^^^^^^^^^^^
    ...<9 lines>...
        )
        ^
    )
    ^
  File "D:\Github\PlayWright-Extractor\venv\Lib\site-packages\playwright\_impl\_sync_base.py", line 115, in _sync
    return task.result()
           ~~~~~~~~~~~^^
  File "D:\Github\PlayWright-Extractor\venv\Lib\site-packages\playwright\_impl\_locator.py", line 160, in click
    return await self._frame.click(self._selector, strict=True, **params)
           ^^^^^^^^^^^^^^^^^^^^^^^^^^^^^^^^^^^^^^^^^^^^^^^^^^^^^^^^^^^^^^
  File "D:\Github\PlayWright-Extractor\venv\Lib\site-packages\playwright\_impl\_frame.py", line 549, in click
    await self._channel.send("click", self._timeout, locals_to_params(locals()))
  File "D:\Github\PlayWright-Extractor\venv\Lib\site-packages\playwright\_impl\_connection.py", line 69, in send
    return await self._connection.wrap_api_call(
           ^^^^^^^^^^^^^^^^^^^^^^^^^^^^^^^^^^^^^
    ...<3 lines>...
    )
    ^
  File "D:\Github\PlayWright-Extractor\venv\Lib\site-packages\playwright\_impl\_connection.py", line 559, in wrap_api_call
    raise rewrite_error(error, f"{parsed_st['apiName']}: {error}") from None
playwright._impl._errors.TimeoutError: Locator.click: Timeout 30000ms exceeded.
Call log:
  - waiting for locator("div").filter(has_text=re.compile(r"^Cash Book$")).first
    - waiting for" https://csmstg.censof.com/DBKK/Frames/Login.aspx?ReturnUrl=%2fDBKK" navigation to finish...
    - navigated to "https://csmstg.censof.com/DBKK/Main"

2025-12-08 12:40:56,899 - ERROR - 
======================================================================
2025-12-08 12:40:56,899 - ERROR - ❌ AUTOMATION WORKFLOW FAILED
2025-12-08 12:40:56,900 - ERROR - ======================================================================
2025-12-08 12:40:56,900 - ERROR - Error: Locator.click: Timeout 30000ms exceeded.
Call log:
  - waiting for locator("div").filter(has_text=re.compile(r"^Cash Book$")).first
    - waiting for" https://csmstg.censof.com/DBKK/Frames/Login.aspx?ReturnUrl=%2fDBKK" navigation to finish...
    - navigated to "https://csmstg.censof.com/DBKK/Main"

2025-12-08 12:40:56,900 - ERROR - ======================================================================
2025-12-08 12:51:40,920 - INFO - ======================================================================
2025-12-08 12:51:40,921 - INFO - PLAYWRIGHT AUTOMATION RUNNER
2025-12-08 12:51:40,921 - INFO - ======================================================================
2025-12-08 12:51:40,921 - INFO - Account: CIM02
2025-12-08 12:51:40,921 - INFO - Date: 08/11/2025
2025-12-08 12:51:40,921 - INFO - Amount: 100.0
2025-12-08 12:51:40,922 - INFO - Headless Mode: False
2025-12-08 12:51:40,922 - INFO - Downloads Dir: d:\Github\PlayWright-Extractor\Downloads
2025-12-08 12:51:40,922 - INFO - ======================================================================
2025-12-08 12:51:40,922 - INFO - 
🚀 Starting complete automation workflow...

2025-12-08 12:51:40,922 - INFO - 
======================================================================
2025-12-08 12:51:40,922 - INFO - STEP 1: CA MATCH PROCESS
2025-12-08 12:51:40,922 - INFO - ======================================================================
2025-12-08 12:51:41,361 - INFO - Starting CA Match process...
2025-12-08 12:51:41,362 - INFO - ============================================================
2025-12-08 12:51:41,362 - INFO - CA MATCH PROCESS - OPTIMIZED VERSION
2025-12-08 12:51:41,363 - INFO - ============================================================
2025-12-08 12:51:41,363 - INFO - Initializing browser...
2025-12-08 12:51:41,860 - INFO - Browser initialized successfully
2025-12-08 12:51:41,861 - INFO - Logging in...
2025-12-08 12:52:06,718 - INFO - Navigating to Process Bank Records...
2025-12-08 12:52:36,744 - ERROR - FATAL ERROR: Locator.click: Timeout 30000ms exceeded.
Call log:
  - waiting for locator("div").filter(has_text=re.compile(r"^Cash Book$")).first
    - waiting for" https://csmstg.censof.com/DBKK/Frames/Login.aspx?ReturnUrl=%2fDBKK" navigation to finish...
    - navigated to "https://csmstg.censof.com/DBKK/Main"

2025-12-08 12:52:37,071 - INFO - Browser cleanup completed
2025-12-08 12:52:37,087 - ERROR - ❌ CA Match failed: Locator.click: Timeout 30000ms exceeded.
Call log:
  - waiting for locator("div").filter(has_text=re.compile(r"^Cash Book$")).first
    - waiting for" https://csmstg.censof.com/DBKK/Frames/Login.aspx?ReturnUrl=%2fDBKK" navigation to finish...
    - navigated to "https://csmstg.censof.com/DBKK/Main"
Traceback (most recent call last):
  File "d:\Github\PlayWright-Extractor\playwright_scripts\run_playwright.py", line 142, in run_ca_match
    records = process_bank_transactions(
        playwright=playwright,
    ...<9 lines>...
        headless=self.headless
    )
  File "d:\Github\PlayWright-Extractor\playwright_scripts\CA_Match_Process_Optimized.py", line 643, in process_bank_transactions
    return processor.run()
           ~~~~~~~~~~~~~^^
  File "d:\Github\PlayWright-Extractor\playwright_scripts\CA_Match_Process_Optimized.py", line 531, in run
    functions.navigatePage(self.page, "Process Bank Records")
    ~~~~~~~~~~~~~~~~~~~~~~^^^^^^^^^^^^^^^^^^^^^^^^^^^^^^^^^^^
  File "d:\Github\PlayWright-Extractor\helper_playwright\functions.py", line 23, in navigatePage
    page.locator("div").filter(has_text=re.compile(r"^Cash Book$")).first.click()
    ~~~~~~~~~~~~~~~~~~~~~~~~~~~~~~~~~~~~~~~~~~~~~~~~~~~~~~~~~~~~~~~~~~~~~~~~~~~^^
  File "D:\Github\PlayWright-Extractor\venv\Lib\site-packages\playwright\sync_api\_generated.py", line 15573, in click
    self._sync(
    ~~~~~~~~~~^
        self._impl_obj.click(
        ^^^^^^^^^^^^^^^^^^^^^
    ...<9 lines>...
        )
        ^
    )
    ^
  File "D:\Github\PlayWright-Extractor\venv\Lib\site-packages\playwright\_impl\_sync_base.py", line 115, in _sync
    return task.result()
           ~~~~~~~~~~~^^
  File "D:\Github\PlayWright-Extractor\venv\Lib\site-packages\playwright\_impl\_locator.py", line 160, in click
    return await self._frame.click(self._selector, strict=True, **params)
           ^^^^^^^^^^^^^^^^^^^^^^^^^^^^^^^^^^^^^^^^^^^^^^^^^^^^^^^^^^^^^^
  File "D:\Github\PlayWright-Extractor\venv\Lib\site-packages\playwright\_impl\_frame.py", line 549, in click
    await self._channel.send("click", self._timeout, locals_to_params(locals()))
  File "D:\Github\PlayWright-Extractor\venv\Lib\site-packages\playwright\_impl\_connection.py", line 69, in send
    return await self._connection.wrap_api_call(
           ^^^^^^^^^^^^^^^^^^^^^^^^^^^^^^^^^^^^^
    ...<3 lines>...
    )
    ^
  File "D:\Github\PlayWright-Extractor\venv\Lib\site-packages\playwright\_impl\_connection.py", line 559, in wrap_api_call
    raise rewrite_error(error, f"{parsed_st['apiName']}: {error}") from None
playwright._impl._errors.TimeoutError: Locator.click: Timeout 30000ms exceeded.
Call log:
  - waiting for locator("div").filter(has_text=re.compile(r"^Cash Book$")).first
    - waiting for" https://csmstg.censof.com/DBKK/Frames/Login.aspx?ReturnUrl=%2fDBKK" navigation to finish...
    - navigated to "https://csmstg.censof.com/DBKK/Main"

2025-12-08 12:52:37,090 - ERROR - 
======================================================================
2025-12-08 12:52:37,090 - ERROR - ❌ AUTOMATION WORKFLOW FAILED
2025-12-08 12:52:37,090 - ERROR - ======================================================================
2025-12-08 12:52:37,090 - ERROR - Error: Locator.click: Timeout 30000ms exceeded.
Call log:
  - waiting for locator("div").filter(has_text=re.compile(r"^Cash Book$")).first
    - waiting for" https://csmstg.censof.com/DBKK/Frames/Login.aspx?ReturnUrl=%2fDBKK" navigation to finish...
    - navigated to "https://csmstg.censof.com/DBKK/Main"

2025-12-08 12:52:37,090 - ERROR - ======================================================================
2025-12-08 12:54:03,663 - INFO - ======================================================================
2025-12-08 12:54:03,663 - INFO - PLAYWRIGHT AUTOMATION RUNNER
2025-12-08 12:54:03,663 - INFO - ======================================================================
2025-12-08 12:54:03,663 - INFO - Account: CIM02
2025-12-08 12:54:03,663 - INFO - Date: 08/11/2025
2025-12-08 12:54:03,664 - INFO - Amount: 100.0
2025-12-08 12:54:03,664 - INFO - Headless Mode: False
2025-12-08 12:54:03,664 - INFO - Downloads Dir: d:\Github\PlayWright-Extractor\Downloads
2025-12-08 12:54:03,664 - INFO - ======================================================================
2025-12-08 12:54:03,664 - INFO - 
🚀 Starting complete automation workflow...

2025-12-08 12:54:03,664 - INFO - 
======================================================================
2025-12-08 12:54:03,665 - INFO - STEP 1: CA MATCH PROCESS
2025-12-08 12:54:03,665 - INFO - ======================================================================
2025-12-08 12:54:11,738 - INFO - Starting CA Match process...
2025-12-08 12:54:11,739 - INFO - ============================================================
2025-12-08 12:54:11,739 - INFO - CA MATCH PROCESS - OPTIMIZED VERSION
2025-12-08 12:54:11,740 - INFO - ============================================================
2025-12-08 12:54:11,740 - INFO - Initializing browser...
2025-12-08 12:54:12,451 - INFO - Browser initialized successfully
2025-12-08 12:54:12,452 - INFO - Logging in...
2025-12-08 12:54:31,740 - INFO - Navigating to Process Bank Records...
2025-12-08 12:55:01,750 - ERROR - FATAL ERROR: Locator.click: Timeout 30000ms exceeded.
Call log:
  - waiting for locator("div").filter(has_text=re.compile(r"^Cash Book$")).first
    - waiting for" https://csmstg.censof.com/DBKK/Frames/Login.aspx?ReturnUrl=%2fDBKK" navigation to finish...
    - navigated to "https://csmstg.censof.com/DBKK/Main"

2025-12-08 12:55:02,042 - INFO - Browser cleanup completed
2025-12-08 12:55:02,054 - ERROR - ❌ CA Match failed: Locator.click: Timeout 30000ms exceeded.
Call log:
  - waiting for locator("div").filter(has_text=re.compile(r"^Cash Book$")).first
    - waiting for" https://csmstg.censof.com/DBKK/Frames/Login.aspx?ReturnUrl=%2fDBKK" navigation to finish...
    - navigated to "https://csmstg.censof.com/DBKK/Main"
Traceback (most recent call last):
  File "d:\Github\PlayWright-Extractor\playwright_scripts\run_playwright.py", line 142, in run_ca_match
    records = process_bank_transactions(
        playwright=playwright,
    ...<9 lines>...
        headless=self.headless
    )
  File "d:\Github\PlayWright-Extractor\playwright_scripts\CA_Match_Process_Optimized.py", line 643, in process_bank_transactions
    return processor.run()
           ~~~~~~~~~~~~~^^
  File "d:\Github\PlayWright-Extractor\playwright_scripts\CA_Match_Process_Optimized.py", line 531, in run
    functions.navigatePage(self.page, "Process Bank Records")
    ~~~~~~~~~~~~~~~~~~~~~~^^^^^^^^^^^^^^^^^^^^^^^^^^^^^^^^^^^
  File "d:\Github\PlayWright-Extractor\helper_playwright\functions.py", line 23, in navigatePage
    page.locator("div").filter(has_text=re.compile(r"^Cash Book$")).first.click()
    ~~~~~~~~~~~~~~~~~~~~~~~~~~~~~~~~~~~~~~~~~~~~~~~~~~~~~~~~~~~~~~~~~~~~~~~~~~~^^
  File "D:\Github\PlayWright-Extractor\venv\Lib\site-packages\playwright\sync_api\_generated.py", line 15573, in click
    self._sync(
    ~~~~~~~~~~^
        self._impl_obj.click(
        ^^^^^^^^^^^^^^^^^^^^^
    ...<9 lines>...
        )
        ^
    )
    ^
  File "D:\Github\PlayWright-Extractor\venv\Lib\site-packages\playwright\_impl\_sync_base.py", line 115, in _sync
    return task.result()
           ~~~~~~~~~~~^^
  File "D:\Github\PlayWright-Extractor\venv\Lib\site-packages\playwright\_impl\_locator.py", line 160, in click
    return await self._frame.click(self._selector, strict=True, **params)
           ^^^^^^^^^^^^^^^^^^^^^^^^^^^^^^^^^^^^^^^^^^^^^^^^^^^^^^^^^^^^^^
  File "D:\Github\PlayWright-Extractor\venv\Lib\site-packages\playwright\_impl\_frame.py", line 549, in click
    await self._channel.send("click", self._timeout, locals_to_params(locals()))
  File "D:\Github\PlayWright-Extractor\venv\Lib\site-packages\playwright\_impl\_connection.py", line 69, in send
    return await self._connection.wrap_api_call(
           ^^^^^^^^^^^^^^^^^^^^^^^^^^^^^^^^^^^^^
    ...<3 lines>...
    )
    ^
  File "D:\Github\PlayWright-Extractor\venv\Lib\site-packages\playwright\_impl\_connection.py", line 559, in wrap_api_call
    raise rewrite_error(error, f"{parsed_st['apiName']}: {error}") from None
playwright._impl._errors.TimeoutError: Locator.click: Timeout 30000ms exceeded.
Call log:
  - waiting for locator("div").filter(has_text=re.compile(r"^Cash Book$")).first
    - waiting for" https://csmstg.censof.com/DBKK/Frames/Login.aspx?ReturnUrl=%2fDBKK" navigation to finish...
    - navigated to "https://csmstg.censof.com/DBKK/Main"

2025-12-08 12:55:02,057 - ERROR - 
======================================================================
2025-12-08 12:55:02,057 - ERROR - ❌ AUTOMATION WORKFLOW FAILED
2025-12-08 12:55:02,057 - ERROR - ======================================================================
2025-12-08 12:55:02,057 - ERROR - Error: Locator.click: Timeout 30000ms exceeded.
Call log:
  - waiting for locator("div").filter(has_text=re.compile(r"^Cash Book$")).first
    - waiting for" https://csmstg.censof.com/DBKK/Frames/Login.aspx?ReturnUrl=%2fDBKK" navigation to finish...
    - navigated to "https://csmstg.censof.com/DBKK/Main"

2025-12-08 12:55:02,057 - ERROR - ======================================================================
2025-12-08 12:55:21,887 - INFO - ======================================================================
2025-12-08 12:55:21,887 - INFO - PLAYWRIGHT AUTOMATION RUNNER
2025-12-08 12:55:21,887 - INFO - ======================================================================
2025-12-08 12:55:21,887 - INFO - Account: CIM02
2025-12-08 12:55:21,887 - INFO - Date: 08/11/2025
2025-12-08 12:55:21,888 - INFO - Amount: 100.0
2025-12-08 12:55:21,888 - INFO - Headless Mode: False
2025-12-08 12:55:21,888 - INFO - Downloads Dir: d:\Github\PlayWright-Extractor\Downloads
2025-12-08 12:55:21,888 - INFO - ======================================================================
2025-12-08 12:55:21,888 - INFO - 
🚀 Starting complete automation workflow...

2025-12-08 12:55:21,888 - INFO - 
======================================================================
2025-12-08 12:55:21,888 - INFO - STEP 1: CA MATCH PROCESS
2025-12-08 12:55:21,888 - INFO - ======================================================================
2025-12-08 12:55:22,308 - INFO - Starting CA Match process...
2025-12-08 12:55:22,310 - INFO - ============================================================
2025-12-08 12:55:22,310 - INFO - CA MATCH PROCESS - OPTIMIZED VERSION
2025-12-08 12:55:22,311 - INFO - ============================================================
2025-12-08 12:55:22,311 - INFO - Initializing browser...
2025-12-08 12:55:22,794 - INFO - Browser initialized successfully
2025-12-08 12:55:22,794 - INFO - Logging in...
2025-12-08 12:55:52,809 - ERROR - FATAL ERROR: Page.goto: Timeout 30000ms exceeded.
Call log:
  - navigating to "https://csmstg.censof.com/DBKK", waiting until "load"

2025-12-08 12:55:53,069 - INFO - Browser cleanup completed
2025-12-08 12:55:53,080 - ERROR - ❌ CA Match failed: Page.goto: Timeout 30000ms exceeded.
Call log:
  - navigating to "https://csmstg.censof.com/DBKK", waiting until "load"
Traceback (most recent call last):
  File "d:\Github\PlayWright-Extractor\playwright_scripts\run_playwright.py", line 142, in run_ca_match
    records = process_bank_transactions(
        playwright=playwright,
    ...<9 lines>...
        headless=self.headless
    )
  File "d:\Github\PlayWright-Extractor\playwright_scripts\CA_Match_Process_Optimized.py", line 643, in process_bank_transactions
    return processor.run()
           ~~~~~~~~~~~~~^^
  File "d:\Github\PlayWright-Extractor\playwright_scripts\CA_Match_Process_Optimized.py", line 527, in run
    functions.login(self.page, self.website_url, self.username, self.password)
    ~~~~~~~~~~~~~~~^^^^^^^^^^^^^^^^^^^^^^^^^^^^^^^^^^^^^^^^^^^^^^^^^^^^^^^^^^^
  File "d:\Github\PlayWright-Extractor\helper_playwright\functions.py", line 11, in login
    page.goto(website_url)
    ~~~~~~~~~^^^^^^^^^^^^^
  File "D:\Github\PlayWright-Extractor\venv\Lib\site-packages\playwright\sync_api\_generated.py", line 9019, in goto
    self._sync(
    ~~~~~~~~~~^
        self._impl_obj.goto(
        ^^^^^^^^^^^^^^^^^^^^
            url=url, timeout=timeout, waitUntil=wait_until, referer=referer
            ^^^^^^^^^^^^^^^^^^^^^^^^^^^^^^^^^^^^^^^^^^^^^^^^^^^^^^^^^^^^^^^
        )
        ^
    )
    ^
  File "D:\Github\PlayWright-Extractor\venv\Lib\site-packages\playwright\_impl\_sync_base.py", line 115, in _sync
    return task.result()
           ~~~~~~~~~~~^^
  File "D:\Github\PlayWright-Extractor\venv\Lib\site-packages\playwright\_impl\_page.py", line 555, in goto
    return await self._main_frame.goto(**locals_to_params(locals()))
           ^^^^^^^^^^^^^^^^^^^^^^^^^^^^^^^^^^^^^^^^^^^^^^^^^^^^^^^^^
  File "D:\Github\PlayWright-Extractor\venv\Lib\site-packages\playwright\_impl\_frame.py", line 153, in goto
    await self._channel.send(
        "goto", self._navigation_timeout, locals_to_params(locals())
    )
  File "D:\Github\PlayWright-Extractor\venv\Lib\site-packages\playwright\_impl\_connection.py", line 69, in send
    return await self._connection.wrap_api_call(
           ^^^^^^^^^^^^^^^^^^^^^^^^^^^^^^^^^^^^^
    ...<3 lines>...
    )
    ^
  File "D:\Github\PlayWright-Extractor\venv\Lib\site-packages\playwright\_impl\_connection.py", line 559, in wrap_api_call
    raise rewrite_error(error, f"{parsed_st['apiName']}: {error}") from None
playwright._impl._errors.TimeoutError: Page.goto: Timeout 30000ms exceeded.
Call log:
  - navigating to "https://csmstg.censof.com/DBKK", waiting until "load"

2025-12-08 12:55:53,082 - ERROR - 
======================================================================
2025-12-08 12:55:53,083 - ERROR - ❌ AUTOMATION WORKFLOW FAILED
2025-12-08 12:55:53,083 - ERROR - ======================================================================
2025-12-08 12:55:53,083 - ERROR - Error: Page.goto: Timeout 30000ms exceeded.
Call log:
  - navigating to "https://csmstg.censof.com/DBKK", waiting until "load"

2025-12-08 12:55:53,083 - ERROR - ======================================================================
2025-12-08 12:56:39,880 - INFO - ======================================================================
2025-12-08 12:56:39,880 - INFO - PLAYWRIGHT AUTOMATION RUNNER
2025-12-08 12:56:39,881 - INFO - ======================================================================
2025-12-08 12:56:39,881 - INFO - Account: CIM02
2025-12-08 12:56:39,881 - INFO - Date: 08/11/2025
2025-12-08 12:56:39,881 - INFO - Amount: 100.0
2025-12-08 12:56:39,881 - INFO - Headless Mode: False
2025-12-08 12:56:39,881 - INFO - Downloads Dir: d:\Github\PlayWright-Extractor\Downloads
2025-12-08 12:56:39,881 - INFO - ======================================================================
2025-12-08 12:56:39,881 - INFO - 
🚀 Starting complete automation workflow...

2025-12-08 12:56:39,881 - INFO - 
======================================================================
2025-12-08 12:56:39,882 - INFO - STEP 1: CA MATCH PROCESS
2025-12-08 12:56:39,882 - INFO - ======================================================================
2025-12-08 12:56:40,348 - INFO - Starting CA Match process...
2025-12-08 12:56:40,349 - INFO - ============================================================
2025-12-08 12:56:40,349 - INFO - CA MATCH PROCESS - OPTIMIZED VERSION
2025-12-08 12:56:40,349 - INFO - ============================================================
2025-12-08 12:56:40,350 - INFO - Initializing browser...
2025-12-08 12:56:40,989 - INFO - Browser initialized successfully
2025-12-08 12:56:40,989 - INFO - Logging in...
2025-12-08 12:56:48,103 - INFO - Navigating to Process Bank Records...
2025-12-08 12:57:18,121 - ERROR - FATAL ERROR: Locator.click: Timeout 30000ms exceeded.
Call log:
  - waiting for locator("div").filter(has_text=re.compile(r"^Cash Book$")).first
    - waiting for" https://csmstg.censof.com/DBKK/Frames/Login.aspx?ReturnUrl=%2fDBKK" navigation to finish...
    - navigated to "https://csmstg.censof.com/DBKK/Main"

2025-12-08 12:57:18,512 - INFO - Browser cleanup completed
2025-12-08 12:57:18,524 - ERROR - ❌ CA Match failed: Locator.click: Timeout 30000ms exceeded.
Call log:
  - waiting for locator("div").filter(has_text=re.compile(r"^Cash Book$")).first
    - waiting for" https://csmstg.censof.com/DBKK/Frames/Login.aspx?ReturnUrl=%2fDBKK" navigation to finish...
    - navigated to "https://csmstg.censof.com/DBKK/Main"
Traceback (most recent call last):
  File "d:\Github\PlayWright-Extractor\playwright_scripts\run_playwright.py", line 142, in run_ca_match
    records = process_bank_transactions(
        playwright=playwright,
    ...<9 lines>...
        headless=self.headless
    )
  File "d:\Github\PlayWright-Extractor\playwright_scripts\CA_Match_Process_Optimized.py", line 643, in process_bank_transactions
    return processor.run()
           ~~~~~~~~~~~~~^^
  File "d:\Github\PlayWright-Extractor\playwright_scripts\CA_Match_Process_Optimized.py", line 531, in run
    functions.navigatePage(self.page, "Process Bank Records")
    ~~~~~~~~~~~~~~~~~~~~~~^^^^^^^^^^^^^^^^^^^^^^^^^^^^^^^^^^^
  File "d:\Github\PlayWright-Extractor\helper_playwright\functions.py", line 23, in navigatePage
    page.locator("div").filter(has_text=re.compile(r"^Cash Book$")).first.click()
    ~~~~~~~~~~~~~~~~~~~~~~~~~~~~~~~~~~~~~~~~~~~~~~~~~~~~~~~~~~~~~~~~~~~~~~~~~~~^^
  File "D:\Github\PlayWright-Extractor\venv\Lib\site-packages\playwright\sync_api\_generated.py", line 15573, in click
    self._sync(
    ~~~~~~~~~~^
        self._impl_obj.click(
        ^^^^^^^^^^^^^^^^^^^^^
    ...<9 lines>...
        )
        ^
    )
    ^
  File "D:\Github\PlayWright-Extractor\venv\Lib\site-packages\playwright\_impl\_sync_base.py", line 115, in _sync
    return task.result()
           ~~~~~~~~~~~^^
  File "D:\Github\PlayWright-Extractor\venv\Lib\site-packages\playwright\_impl\_locator.py", line 160, in click
    return await self._frame.click(self._selector, strict=True, **params)
           ^^^^^^^^^^^^^^^^^^^^^^^^^^^^^^^^^^^^^^^^^^^^^^^^^^^^^^^^^^^^^^
  File "D:\Github\PlayWright-Extractor\venv\Lib\site-packages\playwright\_impl\_frame.py", line 549, in click
    await self._channel.send("click", self._timeout, locals_to_params(locals()))
  File "D:\Github\PlayWright-Extractor\venv\Lib\site-packages\playwright\_impl\_connection.py", line 69, in send
    return await self._connection.wrap_api_call(
           ^^^^^^^^^^^^^^^^^^^^^^^^^^^^^^^^^^^^^
    ...<3 lines>...
    )
    ^
  File "D:\Github\PlayWright-Extractor\venv\Lib\site-packages\playwright\_impl\_connection.py", line 559, in wrap_api_call
    raise rewrite_error(error, f"{parsed_st['apiName']}: {error}") from None
playwright._impl._errors.TimeoutError: Locator.click: Timeout 30000ms exceeded.
Call log:
  - waiting for locator("div").filter(has_text=re.compile(r"^Cash Book$")).first
    - waiting for" https://csmstg.censof.com/DBKK/Frames/Login.aspx?ReturnUrl=%2fDBKK" navigation to finish...
    - navigated to "https://csmstg.censof.com/DBKK/Main"

2025-12-08 12:57:18,527 - ERROR - 
======================================================================
2025-12-08 12:57:18,528 - ERROR - ❌ AUTOMATION WORKFLOW FAILED
2025-12-08 12:57:18,528 - ERROR - ======================================================================
2025-12-08 12:57:18,528 - ERROR - Error: Locator.click: Timeout 30000ms exceeded.
Call log:
  - waiting for locator("div").filter(has_text=re.compile(r"^Cash Book$")).first
    - waiting for" https://csmstg.censof.com/DBKK/Frames/Login.aspx?ReturnUrl=%2fDBKK" navigation to finish...
    - navigated to "https://csmstg.censof.com/DBKK/Main"

2025-12-08 12:57:18,528 - ERROR - ======================================================================
2025-12-08 17:21:02,444 - INFO - ======================================================================
2025-12-08 17:21:02,444 - INFO - PLAYWRIGHT AUTOMATION RUNNER
2025-12-08 17:21:02,444 - INFO - ======================================================================
2025-12-08 17:21:02,444 - INFO - Account: CIM02
2025-12-08 17:21:02,444 - INFO - Date: 08/11/2025
2025-12-08 17:21:02,445 - INFO - Amount: 100.0
2025-12-08 17:21:02,445 - INFO - Headless Mode: False
2025-12-08 17:21:02,445 - INFO - Downloads Dir: d:\Github\PlayWright-Extractor\Downloads
2025-12-08 17:21:02,445 - INFO - ======================================================================
2025-12-08 17:21:02,445 - INFO - 
🚀 Starting complete automation workflow...

2025-12-08 17:21:02,446 - INFO - 
======================================================================
2025-12-08 17:21:02,446 - INFO - STEP 1: CA MATCH PROCESS
2025-12-08 17:21:02,446 - INFO - ======================================================================
2025-12-08 17:21:07,231 - INFO - Starting CA Match process...
2025-12-08 17:21:07,232 - INFO - ============================================================
2025-12-08 17:21:07,233 - INFO - CA MATCH PROCESS - OPTIMIZED VERSION
2025-12-08 17:21:07,233 - INFO - ============================================================
2025-12-08 17:21:07,233 - INFO - Initializing browser...
2025-12-08 17:21:08,134 - INFO - Browser initialized successfully
2025-12-08 17:21:08,134 - INFO - Logging in...
2025-12-08 17:21:14,393 - INFO - Navigating to Process Bank Records...
2025-12-08 17:21:44,399 - ERROR - FATAL ERROR: Locator.click: Timeout 30000ms exceeded.
Call log:
  - waiting for locator("div").filter(has_text=re.compile(r"^Cash Book$")).first

2025-12-08 17:21:44,760 - INFO - Browser cleanup completed
2025-12-08 17:21:44,777 - ERROR - ❌ CA Match failed: Locator.click: Timeout 30000ms exceeded.
Call log:
  - waiting for locator("div").filter(has_text=re.compile(r"^Cash Book$")).first
Traceback (most recent call last):
  File "d:\Github\PlayWright-Extractor\playwright_scripts\run_playwright.py", line 142, in run_ca_match
    records = process_bank_transactions(
        playwright=playwright,
    ...<9 lines>...
        headless=self.headless
    )
  File "d:\Github\PlayWright-Extractor\playwright_scripts\CA_Match_Process_Optimized.py", line 643, in process_bank_transactions
    return processor.run()
           ~~~~~~~~~~~~~^^
  File "d:\Github\PlayWright-Extractor\playwright_scripts\CA_Match_Process_Optimized.py", line 531, in run
    functions.navigatePage(self.page, "Process Bank Records")
    ~~~~~~~~~~~~~~~~~~~~~~^^^^^^^^^^^^^^^^^^^^^^^^^^^^^^^^^^^
  File "d:\Github\PlayWright-Extractor\helper_playwright\functions.py", line 23, in navigatePage
    page.locator("div").filter(has_text=re.compile(r"^Cash Book$")).first.click()
    ~~~~~~~~~~~~~~~~~~~~~~~~~~~~~~~~~~~~~~~~~~~~~~~~~~~~~~~~~~~~~~~~~~~~~~~~~~~^^
  File "D:\Github\PlayWright-Extractor\venv\Lib\site-packages\playwright\sync_api\_generated.py", line 15573, in click
    self._sync(
    ~~~~~~~~~~^
        self._impl_obj.click(
        ^^^^^^^^^^^^^^^^^^^^^
    ...<9 lines>...
        )
        ^
    )
    ^
  File "D:\Github\PlayWright-Extractor\venv\Lib\site-packages\playwright\_impl\_sync_base.py", line 115, in _sync
    return task.result()
           ~~~~~~~~~~~^^
  File "D:\Github\PlayWright-Extractor\venv\Lib\site-packages\playwright\_impl\_locator.py", line 160, in click
    return await self._frame.click(self._selector, strict=True, **params)
           ^^^^^^^^^^^^^^^^^^^^^^^^^^^^^^^^^^^^^^^^^^^^^^^^^^^^^^^^^^^^^^
  File "D:\Github\PlayWright-Extractor\venv\Lib\site-packages\playwright\_impl\_frame.py", line 549, in click
    await self._channel.send("click", self._timeout, locals_to_params(locals()))
  File "D:\Github\PlayWright-Extractor\venv\Lib\site-packages\playwright\_impl\_connection.py", line 69, in send
    return await self._connection.wrap_api_call(
           ^^^^^^^^^^^^^^^^^^^^^^^^^^^^^^^^^^^^^
    ...<3 lines>...
    )
    ^
  File "D:\Github\PlayWright-Extractor\venv\Lib\site-packages\playwright\_impl\_connection.py", line 559, in wrap_api_call
    raise rewrite_error(error, f"{parsed_st['apiName']}: {error}") from None
playwright._impl._errors.TimeoutError: Locator.click: Timeout 30000ms exceeded.
Call log:
  - waiting for locator("div").filter(has_text=re.compile(r"^Cash Book$")).first

2025-12-08 17:21:44,781 - ERROR - 
======================================================================
2025-12-08 17:21:44,781 - ERROR - ❌ AUTOMATION WORKFLOW FAILED
2025-12-08 17:21:44,782 - ERROR - ======================================================================
2025-12-08 17:21:44,782 - ERROR - Error: Locator.click: Timeout 30000ms exceeded.
Call log:
  - waiting for locator("div").filter(has_text=re.compile(r"^Cash Book$")).first

2025-12-08 17:21:44,782 - ERROR - ======================================================================
2025-12-08 17:21:59,065 - INFO - ======================================================================
2025-12-08 17:21:59,066 - INFO - PLAYWRIGHT AUTOMATION RUNNER
2025-12-08 17:21:59,066 - INFO - ======================================================================
2025-12-08 17:21:59,066 - INFO - Account: CIM02
2025-12-08 17:21:59,066 - INFO - Date: 08/11/2025
2025-12-08 17:21:59,066 - INFO - Amount: 100.0
2025-12-08 17:21:59,066 - INFO - Headless Mode: False
2025-12-08 17:21:59,066 - INFO - Downloads Dir: d:\Github\PlayWright-Extractor\Downloads
2025-12-08 17:21:59,066 - INFO - ======================================================================
2025-12-08 17:21:59,067 - INFO - 
🚀 Starting complete automation workflow...

2025-12-08 17:21:59,067 - INFO - 
======================================================================
2025-12-08 17:21:59,067 - INFO - STEP 1: CA MATCH PROCESS
2025-12-08 17:21:59,067 - INFO - ======================================================================
2025-12-08 17:21:59,499 - INFO - Starting CA Match process...
2025-12-08 17:21:59,500 - INFO - ============================================================
2025-12-08 17:21:59,500 - INFO - CA MATCH PROCESS - OPTIMIZED VERSION
2025-12-08 17:21:59,501 - INFO - ============================================================
2025-12-08 17:21:59,501 - INFO - Initializing browser...
2025-12-08 17:21:59,975 - INFO - Browser initialized successfully
2025-12-08 17:21:59,975 - INFO - Logging in...
2025-12-08 17:22:29,983 - ERROR - FATAL ERROR: Page.goto: Timeout 30000ms exceeded.
Call log:
  - navigating to "https://csmstg.censof.com/DBKK", waiting until "load"

2025-12-08 17:22:30,283 - INFO - Browser cleanup completed
2025-12-08 17:22:30,296 - ERROR - ❌ CA Match failed: Page.goto: Timeout 30000ms exceeded.
Call log:
  - navigating to "https://csmstg.censof.com/DBKK", waiting until "load"
Traceback (most recent call last):
  File "d:\Github\PlayWright-Extractor\playwright_scripts\run_playwright.py", line 142, in run_ca_match
    records = process_bank_transactions(
        playwright=playwright,
    ...<9 lines>...
        headless=self.headless
    )
  File "d:\Github\PlayWright-Extractor\playwright_scripts\CA_Match_Process_Optimized.py", line 643, in process_bank_transactions
    return processor.run()
           ~~~~~~~~~~~~~^^
  File "d:\Github\PlayWright-Extractor\playwright_scripts\CA_Match_Process_Optimized.py", line 527, in run
    functions.login(self.page, self.website_url, self.username, self.password)
    ~~~~~~~~~~~~~~~^^^^^^^^^^^^^^^^^^^^^^^^^^^^^^^^^^^^^^^^^^^^^^^^^^^^^^^^^^^
  File "d:\Github\PlayWright-Extractor\helper_playwright\functions.py", line 11, in login
    page.goto(website_url)
    ~~~~~~~~~^^^^^^^^^^^^^
  File "D:\Github\PlayWright-Extractor\venv\Lib\site-packages\playwright\sync_api\_generated.py", line 9019, in goto
    self._sync(
    ~~~~~~~~~~^
        self._impl_obj.goto(
        ^^^^^^^^^^^^^^^^^^^^
            url=url, timeout=timeout, waitUntil=wait_until, referer=referer
            ^^^^^^^^^^^^^^^^^^^^^^^^^^^^^^^^^^^^^^^^^^^^^^^^^^^^^^^^^^^^^^^
        )
        ^
    )
    ^
  File "D:\Github\PlayWright-Extractor\venv\Lib\site-packages\playwright\_impl\_sync_base.py", line 115, in _sync
    return task.result()
           ~~~~~~~~~~~^^
  File "D:\Github\PlayWright-Extractor\venv\Lib\site-packages\playwright\_impl\_page.py", line 555, in goto
    return await self._main_frame.goto(**locals_to_params(locals()))
           ^^^^^^^^^^^^^^^^^^^^^^^^^^^^^^^^^^^^^^^^^^^^^^^^^^^^^^^^^
  File "D:\Github\PlayWright-Extractor\venv\Lib\site-packages\playwright\_impl\_frame.py", line 153, in goto
    await self._channel.send(
        "goto", self._navigation_timeout, locals_to_params(locals())
    )
  File "D:\Github\PlayWright-Extractor\venv\Lib\site-packages\playwright\_impl\_connection.py", line 69, in send
    return await self._connection.wrap_api_call(
           ^^^^^^^^^^^^^^^^^^^^^^^^^^^^^^^^^^^^^
    ...<3 lines>...
    )
    ^
  File "D:\Github\PlayWright-Extractor\venv\Lib\site-packages\playwright\_impl\_connection.py", line 559, in wrap_api_call
    raise rewrite_error(error, f"{parsed_st['apiName']}: {error}") from None
playwright._impl._errors.TimeoutError: Page.goto: Timeout 30000ms exceeded.
Call log:
  - navigating to "https://csmstg.censof.com/DBKK", waiting until "load"

2025-12-08 17:22:30,299 - ERROR - 
======================================================================
2025-12-08 17:22:30,300 - ERROR - ❌ AUTOMATION WORKFLOW FAILED
2025-12-08 17:22:30,300 - ERROR - ======================================================================
2025-12-08 17:22:30,300 - ERROR - Error: Page.goto: Timeout 30000ms exceeded.
Call log:
  - navigating to "https://csmstg.censof.com/DBKK", waiting until "load"

2025-12-08 17:22:30,300 - ERROR - ======================================================================
2025-12-08 17:41:37,504 - INFO - ======================================================================
2025-12-08 17:41:37,505 - INFO - PLAYWRIGHT AUTOMATION RUNNER
2025-12-08 17:41:37,505 - INFO - ======================================================================
2025-12-08 17:41:37,505 - INFO - Account: CIM02
2025-12-08 17:41:37,505 - INFO - Date: 08/11/2025
2025-12-08 17:41:37,506 - INFO - Amount: 100.0
2025-12-08 17:41:37,506 - INFO - Headless Mode: False
2025-12-08 17:41:37,506 - INFO - Downloads Dir: d:\Github\PlayWright-Extractor\Downloads
2025-12-08 17:41:37,506 - INFO - ======================================================================
2025-12-08 17:41:37,506 - INFO - 
🚀 Starting complete automation workflow...

2025-12-08 17:41:37,506 - INFO - 
======================================================================
2025-12-08 17:41:37,506 - INFO - STEP 1: CA MATCH PROCESS
2025-12-08 17:41:37,507 - INFO - ======================================================================
2025-12-08 17:41:38,115 - INFO - Starting CA Match process...
2025-12-08 17:41:38,116 - INFO - ============================================================
2025-12-08 17:41:38,116 - INFO - CA MATCH PROCESS - OPTIMIZED VERSION
2025-12-08 17:41:38,116 - INFO - ============================================================
2025-12-08 17:41:38,117 - INFO - Initializing browser...
2025-12-08 17:41:38,658 - INFO - Browser initialized successfully
2025-12-08 17:41:38,658 - INFO - Logging in...
2025-12-08 17:41:41,136 - INFO - Navigating to Process Bank Records...
2025-12-08 17:41:51,236 - INFO - Starting auto-match process...
2025-12-08 17:41:57,431 - INFO - Clicked account link 'CIM02' successfully
2025-12-08 17:42:12,458 - WARNING - Normal click failed for Auto-Match button, trying force click...
2025-12-08 17:42:17,468 - WARNING - Force click failed, trying JS click...
2025-12-08 17:42:47,480 - ERROR - All click strategies failed for Auto-Match button: Locator.evaluate: Timeout 30000ms exceeded.
Call log:
  - waiting for locator("iframe[name=\"main\"]").content_frame.locator("#ctl00_phDS_ds_ToolBar_AutoMatch").get_by_text("Auto-Match")

2025-12-08 17:42:49,508 - INFO - Waiting for auto-match confirmation...
2025-12-08 17:42:54,520 - WARNING - No confirmation popup appeared - auto-match may not have started
2025-12-08 17:42:54,520 - INFO - Processing auto-matched items...
2025-12-08 17:43:04,539 - WARNING - Normal click failed for Process button, trying force click...
2025-12-08 17:43:09,553 - WARNING - Force click failed, trying JS click...
2025-12-08 17:43:39,567 - ERROR - All click strategies failed for Process button: Locator.evaluate: Timeout 30000ms exceeded.
Call log:
  - waiting for locator("iframe[name=\"main\"]").content_frame.locator("#ctl00_phDS_ds_ToolBar_ProcessMatched").get_by_text("Process")

2025-12-08 17:43:54,594 - WARNING - Normal click failed for Back button, trying force click...
2025-12-08 17:43:59,611 - WARNING - Force click failed, trying JS click...
2025-12-08 17:44:29,628 - ERROR - All click strategies failed for Back button: Locator.evaluate: Timeout 30000ms exceeded.
Call log:
  - waiting for locator("iframe[name=\"main\"]").content_frame.locator("#ctl00_phDS_ds_ToolBar_CancelCloseToList div").nth(3)

2025-12-08 17:44:32,636 - INFO - Starting manual matching process...
2025-12-08 17:44:37,671 - WARNING - Normal click failed for account link 'CIM02', trying force click...
2025-12-08 17:44:37,698 - INFO - Force clicked account link 'CIM02'
2025-12-08 17:44:42,710 - INFO - Processing page 1...
2025-12-08 17:45:02,724 - ERROR - Error during pagination on page 1: Frame.wait_for_selector: Timeout 20000ms exceeded.
Call log:
  - waiting for locator("#ctl00_phG_PXSplitContainer_grid1_dataT0")

2025-12-08 17:45:02,724 - INFO - Pagination complete - processed 0 total rows across 1 pages
2025-12-08 17:45:02,725 - INFO - Manual matching complete - 0 rows processed
2025-12-08 17:45:02,725 - INFO - Processing manually matched items...
2025-12-08 17:45:12,730 - WARNING - Normal click failed for Process button (after manual matching), trying force click...
2025-12-08 17:45:17,735 - WARNING - Force click failed, trying JS click...
2025-12-08 17:45:47,741 - ERROR - All click strategies failed for Process button (after manual matching): Locator.evaluate: Timeout 30000ms exceeded.
Call log:
  - waiting for locator("iframe[name=\"main\"]").content_frame.locator("#ctl00_phDS_ds_ToolBar_ProcessMatched").get_by_text("Process")

2025-12-08 17:46:02,760 - WARNING - Normal click failed for Back to list button, trying force click...
2025-12-08 17:46:07,766 - WARNING - Force click failed, trying JS click...
2025-12-08 17:46:32,007 - INFO - ======================================================================
2025-12-08 17:46:32,007 - INFO - PLAYWRIGHT AUTOMATION RUNNER
2025-12-08 17:46:32,008 - INFO - ======================================================================
2025-12-08 17:46:32,008 - INFO - Account: CIM02
2025-12-08 17:46:32,008 - INFO - Date: 08/11/2025
2025-12-08 17:46:32,008 - INFO - Amount: 100.0
2025-12-08 17:46:32,008 - INFO - Headless Mode: False
2025-12-08 17:46:32,008 - INFO - Downloads Dir: d:\Github\PlayWright-Extractor\Downloads
2025-12-08 17:46:32,008 - INFO - ======================================================================
2025-12-08 17:46:32,008 - INFO - 
🚀 Starting complete automation workflow...

2025-12-08 17:46:32,008 - INFO - 
======================================================================
2025-12-08 17:46:32,008 - INFO - STEP 1: CA MATCH PROCESS
2025-12-08 17:46:32,008 - INFO - ======================================================================
2025-12-08 17:46:32,431 - INFO - Starting CA Match process...
2025-12-08 17:46:32,432 - INFO - ============================================================
2025-12-08 17:46:32,432 - INFO - CA MATCH PROCESS - OPTIMIZED VERSION
2025-12-08 17:46:32,433 - INFO - ============================================================
2025-12-08 17:46:32,433 - INFO - Initializing browser...
2025-12-08 17:46:32,933 - INFO - Browser initialized successfully
2025-12-08 17:46:32,933 - INFO - Logging in...
2025-12-08 17:46:37,354 - INFO - Navigating to Process Bank Records...
2025-12-08 17:46:53,237 - INFO - Starting auto-match process...
2025-12-08 17:46:57,614 - INFO - Clicked account link 'CIM02' successfully
2025-12-08 17:47:02,717 - INFO - Clicked Auto-Match button successfully
2025-12-08 17:47:04,731 - INFO - Waiting for auto-match confirmation...
2025-12-08 17:47:19,816 - WARNING - No 'Executing' message detected
2025-12-08 17:47:19,828 - INFO - âœ… Auto-match operation completed successfully!
2025-12-08 17:47:19,829 - INFO - Processing auto-matched items...
2025-12-08 17:47:19,895 - INFO - Clicked Process button successfully
2025-12-08 17:47:24,980 - INFO - Clicked Back button successfully
2025-12-08 17:47:27,994 - INFO - Starting manual matching process...
2025-12-08 17:47:28,076 - INFO - Clicked account link 'CIM02' successfully
2025-12-08 17:47:33,081 - INFO - Processing page 1...
2025-12-08 17:47:33,124 - INFO - Found 8 rows on page 1
2025-12-08 17:47:33,139 - INFO - Row 0 - Ext. Ref. Nbr.: 2507312241040258
2025-12-08 17:47:33,144 - INFO - Row 0 - Already matched, skipping
2025-12-08 17:47:33,158 - INFO - Row 1 - Ext. Ref. Nbr.: 2507311751140415
2025-12-08 17:47:33,164 - INFO - Row 1 - Already matched, skipping
2025-12-08 17:47:33,176 - INFO - Row 2 - Ext. Ref. Nbr.: 30756388
2025-12-08 17:47:33,183 - INFO - Row 2 - Already matched, skipping
2025-12-08 17:47:33,198 - INFO - Row 3 - Ext. Ref. Nbr.: 30756388
2025-12-08 17:47:33,206 - INFO - Row 3 - Already matched, skipping
2025-12-08 17:47:33,217 - INFO - Row 4 - Ext. Ref. Nbr.: 2507181637590200
2025-12-08 17:47:33,224 - INFO - Row 4 - Already matched, skipping
2025-12-08 17:47:33,239 - INFO - Row 5 - Ext. Ref. Nbr.: 2507110714350678
2025-12-08 17:47:33,245 - INFO - Row 5 - Already matched, skipping
2025-12-08 17:47:33,258 - INFO - Row 6 - Ext. Ref. Nbr.: 2507051851570603
2025-12-08 17:47:33,265 - INFO - Row 6 - Already matched, skipping
2025-12-08 17:47:33,272 - INFO - No more pages - pagination complete
2025-12-08 17:47:33,273 - INFO - Pagination complete - processed 7 total rows across 1 pages
2025-12-08 17:47:33,273 - INFO - Manual matching complete - 7 rows processed
2025-12-08 17:47:33,273 - INFO - Processing manually matched items...
2025-12-08 17:47:33,327 - INFO - Clicked Process button (after manual matching) successfully
2025-12-08 17:47:38,410 - INFO - Clicked Back to list button successfully
2025-12-08 17:47:41,418 - INFO - Downloading results...
2025-12-08 17:47:41,500 - INFO - Clicked account link 'CIM02' successfully
2025-12-08 17:47:46,591 - INFO - Clicked Export dropdown successfully
2025-12-08 17:47:46,675 - INFO - Clicked Export to Excel button successfully
2025-12-08 17:47:52,536 - INFO - Download started: Process Bank Transactions 20251208.xlsx
2025-12-08 17:47:53,000 - INFO - âœ… File saved to: d:\Github\PlayWright-Extractor\Downloads\Process Bank Transactions 20251208.xlsx
2025-12-08 17:47:53,000 - INFO - Processing downloaded file: d:\Github\PlayWright-Extractor\Downloads\Process Bank Transactions 20251208.xlsx
2025-12-08 17:47:53,187 - WARNING - Could not determine dtype for column 1, falling back to string
2025-12-08 17:47:53,187 - WARNING - Could not determine dtype for column 6, falling back to string
2025-12-08 17:47:53,187 - WARNING - Could not determine dtype for column 8, falling back to string
2025-12-08 17:47:53,188 - WARNING - Could not determine dtype for column 9, falling back to string
2025-12-08 17:47:53,188 - WARNING - Could not determine dtype for column 11, falling back to string
2025-12-08 17:47:53,188 - WARNING - Could not determine dtype for column 13, falling back to string
2025-12-08 17:47:53,188 - WARNING - Could not determine dtype for column 14, falling back to string
2025-12-08 17:47:53,188 - WARNING - Could not determine dtype for column 17, falling back to string
2025-12-08 17:47:53,188 - WARNING - Could not determine dtype for column 18, falling back to string
2025-12-08 17:47:53,188 - WARNING - Could not determine dtype for column 20, falling back to string
2025-12-08 17:47:53,269 - INFO - Processed 7 records from downloaded file
2025-12-08 17:47:53,629 - INFO - Browser cleanup completed
2025-12-08 17:47:53,630 - INFO - Chaining to Extract Reconciliation Statement...
2025-12-08 17:49:51,892 - WARNING - Could not determine dtype for column 2, falling back to string
2025-12-08 17:49:51,892 - WARNING - Could not determine dtype for column 11, falling back to string
2025-12-08 17:49:51,892 - WARNING - Could not determine dtype for column 12, falling back to string
2025-12-08 17:53:17,239 - INFO - Loaded 7 bank transactions and 3715 company transactions
2025-12-08 17:53:17,244 - INFO - Starting Stage 1: Traditional reconciliation pipeline...
2025-12-08 17:53:17,303 - INFO - Finding transaction ID matches...
2025-12-08 17:53:17,754 - INFO - Finding bank charges...
2025-12-08 17:53:17,756 - DEBUG - After bank charges detection: 1 matched (added 1)
2025-12-08 17:53:17,756 - INFO - Detected 1 bank charges
2025-12-08 17:53:17,757 - INFO - Finding Reverse CE GL matches...
2025-12-08 17:53:18,042 - INFO - Found 2 Reverse CE GL matches
2025-12-08 17:53:18,044 - INFO - Finding name and amount matches...
2025-12-08 17:53:18,659 - INFO - Found 5 name and amount matches
2025-12-08 17:53:18,660 - INFO - Finding Hungarian 1:1 matches...
2025-12-08 17:53:22,388 - INFO - Hungarian 1:1: 0 matches | pairs scored=45, kept=0, time=3.73s
2025-12-08 17:53:22,389 - INFO - Finding enhanced 1:1 matches...
2025-12-08 17:53:22,626 - INFO - Found 0 enhanced 1:1 matches
2025-12-08 17:53:22,628 - INFO - Finding amount and date matches...
2025-12-08 17:53:22,693 - INFO - Found 0 amount and date matches
2025-12-08 17:53:22,694 - INFO - Finding fuzzy matches...
2025-12-08 17:55:01,102 - INFO - ============================================================
2025-12-08 17:55:01,102 - INFO - CA MATCH PROCESS COMPLETED SUCCESSFULLY
2025-12-08 17:55:01,103 - INFO - ============================================================
2025-12-08 17:55:01,103 - INFO - ✅ CA Match completed: 7 records processed
2025-12-08 17:55:01,119 - INFO - 
======================================================================
2025-12-08 17:55:01,119 - INFO - ✅ COMPLETE AUTOMATION WORKFLOW FINISHED SUCCESSFULLY
2025-12-08 17:55:01,119 - INFO - ======================================================================
2025-12-08 17:55:01,119 - INFO - 
Workflow Summary:
2025-12-08 17:55:01,120 - INFO -   ✅ CA Match Process - Completed
2025-12-08 17:55:01,120 - INFO -   ✅ Extract Reconciliation Statement - Completed (chained)
2025-12-08 17:55:01,120 - INFO -   ✅ RaasPlus Reconciliation - Completed (chained)
2025-12-08 17:55:01,120 - INFO -   ✅ Match Statement - Completed (chained)
2025-12-08 17:55:01,120 - INFO - 
All processes completed successfully!
2025-12-08 17:55:01,121 - INFO - Check logs for detailed information.
2025-12-08 17:55:01,121 - INFO - ======================================================================
2025-12-08 18:10:05,336 - INFO - ======================================================================
2025-12-08 18:10:05,336 - INFO - PLAYWRIGHT AUTOMATION RUNNER
2025-12-08 18:10:05,336 - INFO - ======================================================================
2025-12-08 18:10:05,337 - INFO - Account: CIM02
2025-12-08 18:10:05,337 - INFO - Date: 08/11/2025
2025-12-08 18:10:05,337 - INFO - Amount: 100.0
2025-12-08 18:10:05,337 - INFO - Headless Mode: False
2025-12-08 18:10:05,337 - INFO - Downloads Dir: d:\Github\PlayWright-Extractor\Downloads
2025-12-08 18:10:05,338 - INFO - ======================================================================
2025-12-08 18:10:05,338 - INFO - 
🚀 Starting complete automation workflow...

2025-12-08 18:10:05,338 - INFO - 
======================================================================
2025-12-08 18:10:05,338 - INFO - STEP 1: CA MATCH PROCESS
2025-12-08 18:10:05,338 - INFO - ======================================================================
2025-12-08 18:10:05,835 - INFO - Starting CA Match process...
2025-12-08 18:10:05,836 - INFO - ============================================================
2025-12-08 18:10:05,836 - INFO - CA MATCH PROCESS - OPTIMIZED VERSION
2025-12-08 18:10:05,836 - INFO - ============================================================
2025-12-08 18:10:05,837 - INFO - Initializing browser...
2025-12-08 18:10:06,457 - INFO - Browser initialized successfully
2025-12-08 18:10:06,458 - INFO - Logging in...
2025-12-08 18:10:11,988 - INFO - Navigating to Process Bank Records...
2025-12-08 18:10:29,023 - INFO - Starting auto-match process...
2025-12-08 18:10:39,060 - WARNING - Normal click failed for account link 'CIM02', trying force click...
2025-12-08 18:10:41,636 - INFO - Force clicked account link 'CIM02'
2025-12-08 18:10:46,732 - INFO - Clicked Auto-Match button successfully
2025-12-08 18:10:48,755 - INFO - Waiting for auto-match confirmation...
2025-12-08 18:11:03,793 - WARNING - No 'Executing' message detected
2025-12-08 18:11:03,800 - INFO - âœ… Auto-match operation completed successfully!
2025-12-08 18:11:03,801 - INFO - Processing auto-matched items...
2025-12-08 18:11:03,873 - INFO - Clicked Process button successfully
2025-12-08 18:11:08,985 - INFO - Clicked Back button successfully
2025-12-08 18:11:11,990 - INFO - Starting manual matching process...
2025-12-08 18:11:12,067 - INFO - Clicked account link 'CIM02' successfully
2025-12-08 18:11:17,081 - INFO - Processing page 1...
2025-12-08 18:11:17,130 - INFO - Found 8 rows on page 1
2025-12-08 18:11:17,140 - INFO - Row 0 - Ext. Ref. Nbr.: 2507312241040258
2025-12-08 18:11:17,147 - INFO - Row 0 - Already matched, skipping
2025-12-08 18:11:17,165 - INFO - Row 1 - Ext. Ref. Nbr.: 2507311751140415
2025-12-08 18:11:17,172 - INFO - Row 1 - Already matched, skipping
2025-12-08 18:11:17,189 - INFO - Row 2 - Ext. Ref. Nbr.: 30756388
2025-12-08 18:11:17,196 - INFO - Row 2 - Already matched, skipping
2025-12-08 18:11:17,209 - INFO - Row 3 - Ext. Ref. Nbr.: 30756388
2025-12-08 18:11:17,217 - INFO - Row 3 - Already matched, skipping
2025-12-08 18:11:17,230 - INFO - Row 4 - Ext. Ref. Nbr.: 2507181637590200
2025-12-08 18:11:17,241 - INFO - Row 4 - Already matched, skipping
2025-12-08 18:11:17,256 - INFO - Row 5 - Ext. Ref. Nbr.: 2507110714350678
2025-12-08 18:11:17,262 - INFO - Row 5 - Already matched, skipping
2025-12-08 18:11:17,274 - INFO - Row 6 - Ext. Ref. Nbr.: 2507051851570603
2025-12-08 18:11:17,281 - INFO - Row 6 - Already matched, skipping
2025-12-08 18:11:17,288 - INFO - No more pages - pagination complete
2025-12-08 18:11:17,288 - INFO - Pagination complete - processed 7 total rows across 1 pages
2025-12-08 18:11:17,288 - INFO - Manual matching complete - 7 rows processed
2025-12-08 18:11:17,289 - INFO - Processing manually matched items...
2025-12-08 18:11:17,352 - INFO - Clicked Process button (after manual matching) successfully
2025-12-08 18:11:22,471 - INFO - Clicked Back to list button successfully
2025-12-08 18:11:25,485 - INFO - Downloading results...
2025-12-08 18:11:25,570 - INFO - Clicked account link 'CIM02' successfully
2025-12-08 18:11:30,638 - INFO - Clicked Export dropdown successfully
2025-12-08 18:11:30,705 - INFO - Clicked Export to Excel button successfully
2025-12-08 18:11:36,463 - INFO - Download started: Process Bank Transactions 20251208.xlsx
2025-12-08 18:11:36,556 - INFO - âœ… File saved to: d:\Github\PlayWright-Extractor\Downloads\Process Bank Transactions 20251208.xlsx
2025-12-08 18:11:36,557 - INFO - Processing downloaded file: d:\Github\PlayWright-Extractor\Downloads\Process Bank Transactions 20251208.xlsx
2025-12-08 18:11:36,572 - WARNING - Could not determine dtype for column 1, falling back to string
2025-12-08 18:11:36,573 - WARNING - Could not determine dtype for column 6, falling back to string
2025-12-08 18:11:36,573 - WARNING - Could not determine dtype for column 8, falling back to string
2025-12-08 18:11:36,573 - WARNING - Could not determine dtype for column 9, falling back to string
2025-12-08 18:11:36,573 - WARNING - Could not determine dtype for column 11, falling back to string
2025-12-08 18:11:36,574 - WARNING - Could not determine dtype for column 13, falling back to string
2025-12-08 18:11:36,574 - WARNING - Could not determine dtype for column 14, falling back to string
2025-12-08 18:11:36,574 - WARNING - Could not determine dtype for column 17, falling back to string
2025-12-08 18:11:36,574 - WARNING - Could not determine dtype for column 18, falling back to string
2025-12-08 18:11:36,574 - WARNING - Could not determine dtype for column 20, falling back to string
2025-12-08 18:11:36,590 - INFO - Processed 7 records from downloaded file
2025-12-08 18:11:36,948 - INFO - Browser cleanup completed
2025-12-08 18:11:36,948 - INFO - Chaining to Extract Reconciliation Statement...
2025-12-08 18:13:32,779 - WARNING - Could not determine dtype for column 2, falling back to string
2025-12-08 18:13:32,779 - WARNING - Could not determine dtype for column 11, falling back to string
2025-12-08 18:13:32,779 - WARNING - Could not determine dtype for column 12, falling back to string
2025-12-08 18:16:45,584 - INFO - Loaded 7 bank transactions and 3715 company transactions
2025-12-08 18:16:45,587 - INFO - Starting Stage 1: Traditional reconciliation pipeline...
2025-12-08 18:16:45,607 - INFO - Finding transaction ID matches...
2025-12-08 18:16:46,137 - INFO - Finding bank charges...
2025-12-08 18:16:46,138 - DEBUG - After bank charges detection: 1 matched (added 1)
2025-12-08 18:16:46,139 - INFO - Detected 1 bank charges
2025-12-08 18:16:46,139 - INFO - Finding Reverse CE GL matches...
2025-12-08 18:16:46,420 - INFO - Found 2 Reverse CE GL matches
2025-12-08 18:16:46,422 - INFO - Finding name and amount matches...
2025-12-08 18:16:47,082 - INFO - Found 5 name and amount matches
2025-12-08 18:16:47,083 - INFO - Finding Hungarian 1:1 matches...
2025-12-08 18:16:47,534 - INFO - Hungarian 1:1: 0 matches | pairs scored=45, kept=0, time=0.45s
2025-12-08 18:16:47,535 - INFO - Finding enhanced 1:1 matches...
2025-12-08 18:16:47,750 - INFO - Found 0 enhanced 1:1 matches
2025-12-08 18:16:47,753 - INFO - Finding amount and date matches...
2025-12-08 18:16:47,818 - INFO - Found 0 amount and date matches
2025-12-08 18:16:47,819 - INFO - Finding fuzzy matches...
2025-12-08 18:18:19,984 - INFO - ============================================================
2025-12-08 18:18:19,985 - INFO - CA MATCH PROCESS COMPLETED SUCCESSFULLY
2025-12-08 18:18:19,985 - INFO - ============================================================
2025-12-08 18:18:19,986 - INFO - ✅ CA Match completed: 7 records processed
2025-12-08 18:18:20,000 - INFO - 
======================================================================
2025-12-08 18:18:20,000 - INFO - ✅ COMPLETE AUTOMATION WORKFLOW FINISHED SUCCESSFULLY
2025-12-08 18:18:20,000 - INFO - ======================================================================
2025-12-08 18:18:20,001 - INFO - 
Workflow Summary:
2025-12-08 18:18:20,001 - INFO -   ✅ CA Match Process - Completed
2025-12-08 18:18:20,001 - INFO -   ✅ Extract Reconciliation Statement - Completed (chained)
2025-12-08 18:18:20,001 - INFO -   ✅ RaasPlus Reconciliation - Completed (chained)
2025-12-08 18:18:20,001 - INFO -   ✅ Match Statement - Completed (chained)
2025-12-08 18:18:20,001 - INFO - 
All processes completed successfully!
2025-12-08 18:18:20,002 - INFO - Check logs for detailed information.
2025-12-08 18:18:20,002 - INFO - ======================================================================
2025-12-08 21:22:02,849 - INFO - ======================================================================
2025-12-08 21:22:02,849 - INFO - PLAYWRIGHT AUTOMATION RUNNER
2025-12-08 21:22:02,849 - INFO - ======================================================================
2025-12-08 21:22:02,850 - INFO - Account: CIM02
2025-12-08 21:22:02,850 - INFO - Date: 08/11/2025
2025-12-08 21:22:02,850 - INFO - Amount: 100.0
2025-12-08 21:22:02,850 - INFO - Headless Mode: False
2025-12-08 21:22:02,850 - INFO - Downloads Dir: d:\Github\PlayWright-Extractor\Downloads
2025-12-08 21:22:02,850 - INFO - ======================================================================
2025-12-08 21:22:02,850 - INFO - 
🚀 Starting complete automation workflow...

2025-12-08 21:22:02,850 - INFO - 
======================================================================
2025-12-08 21:22:02,850 - INFO - STEP 1: CA MATCH PROCESS
2025-12-08 21:22:02,850 - INFO - ======================================================================
2025-12-08 21:22:03,259 - INFO - Starting CA Match process...
2025-12-08 21:22:03,260 - INFO - ============================================================
2025-12-08 21:22:03,260 - INFO - CA MATCH PROCESS - OPTIMIZED VERSION
2025-12-08 21:22:03,260 - INFO - ============================================================
2025-12-08 21:22:03,261 - INFO - Initializing browser...
2025-12-08 21:22:03,672 - INFO - Browser initialized successfully
2025-12-08 21:22:03,672 - INFO - Logging in...
2025-12-08 21:22:06,176 - INFO - Navigating to Process Bank Records...
2025-12-08 21:22:16,398 - INFO - Starting auto-match process...
2025-12-08 21:22:17,300 - INFO - Clicked account link 'CIM02' successfully
2025-12-08 21:22:27,587 - INFO - Clicked Auto-Match button successfully
2025-12-08 21:22:29,603 - INFO - Waiting for auto-match confirmation...
2025-12-08 21:22:46,975 - WARNING - No 'Executing' message detected
2025-12-08 21:22:46,988 - INFO - âœ… Auto-match operation completed successfully!
2025-12-08 21:22:46,989 - INFO - Processing auto-matched items...
2025-12-08 21:22:47,048 - INFO - Clicked Process button successfully
2025-12-08 21:22:52,135 - INFO - Clicked Back button successfully
2025-12-08 21:22:55,150 - INFO - Starting manual matching process...
2025-12-08 21:22:55,239 - INFO - Clicked account link 'CIM02' successfully
2025-12-08 21:23:00,245 - INFO - Processing page 1...
2025-12-08 21:23:00,285 - INFO - Found 8 rows on page 1
2025-12-08 21:23:00,300 - INFO - Row 0 - Ext. Ref. Nbr.: 2507312241040258
2025-12-08 21:23:00,308 - INFO - Row 0 - Already matched, skipping
2025-12-08 21:23:00,320 - INFO - Row 1 - Ext. Ref. Nbr.: 2507311751140415
2025-12-08 21:23:00,327 - INFO - Row 1 - Already matched, skipping
2025-12-08 21:23:00,340 - INFO - Row 2 - Ext. Ref. Nbr.: 30756388
2025-12-08 21:23:00,346 - INFO - Row 2 - Already matched, skipping
2025-12-08 21:23:00,360 - INFO - Row 3 - Ext. Ref. Nbr.: 30756388
2025-12-08 21:23:00,366 - INFO - Row 3 - Already matched, skipping
2025-12-08 21:23:00,380 - INFO - Row 4 - Ext. Ref. Nbr.: 2507181637590200
2025-12-08 21:23:00,385 - INFO - Row 4 - Already matched, skipping
2025-12-08 21:23:00,399 - INFO - Row 5 - Ext. Ref. Nbr.: 2507110714350678
2025-12-08 21:23:00,405 - INFO - Row 5 - Already matched, skipping
2025-12-08 21:23:00,421 - INFO - Row 6 - Ext. Ref. Nbr.: 2507051851570603
2025-12-08 21:23:00,427 - INFO - Row 6 - Already matched, skipping
2025-12-08 21:23:00,433 - INFO - No more pages - pagination complete
2025-12-08 21:23:00,434 - INFO - Pagination complete - processed 7 total rows across 1 pages
2025-12-08 21:23:00,434 - INFO - Manual matching complete - 7 rows processed
2025-12-08 21:23:00,434 - INFO - Processing manually matched items...
2025-12-08 21:23:00,481 - INFO - Clicked Process button (after manual matching) successfully
2025-12-08 21:23:05,594 - INFO - Clicked Back to list button successfully
2025-12-08 21:23:08,605 - INFO - Downloading results...
2025-12-08 21:23:08,685 - INFO - Clicked account link 'CIM02' successfully
2025-12-08 21:23:13,765 - INFO - Clicked Export dropdown successfully
2025-12-08 21:23:13,823 - INFO - Clicked Export to Excel button successfully
2025-12-08 21:23:20,178 - INFO - Download started: Process Bank Transactions 20251208.xlsx
2025-12-08 21:23:20,302 - INFO - âœ… File saved to: d:\Github\PlayWright-Extractor\Downloads\Process Bank Transactions 20251208.xlsx
2025-12-08 21:23:20,303 - INFO - Processing downloaded file: d:\Github\PlayWright-Extractor\Downloads\Process Bank Transactions 20251208.xlsx
2025-12-08 21:23:20,323 - WARNING - Could not determine dtype for column 1, falling back to string
2025-12-08 21:23:20,323 - WARNING - Could not determine dtype for column 6, falling back to string
2025-12-08 21:23:20,323 - WARNING - Could not determine dtype for column 8, falling back to string
2025-12-08 21:23:20,324 - WARNING - Could not determine dtype for column 9, falling back to string
2025-12-08 21:23:20,324 - WARNING - Could not determine dtype for column 11, falling back to string
2025-12-08 21:23:20,324 - WARNING - Could not determine dtype for column 13, falling back to string
2025-12-08 21:23:20,324 - WARNING - Could not determine dtype for column 14, falling back to string
2025-12-08 21:23:20,324 - WARNING - Could not determine dtype for column 17, falling back to string
2025-12-08 21:23:20,324 - WARNING - Could not determine dtype for column 18, falling back to string
2025-12-08 21:23:20,325 - WARNING - Could not determine dtype for column 20, falling back to string
2025-12-08 21:23:20,344 - INFO - Processed 7 records from downloaded file
2025-12-08 21:23:20,691 - INFO - Browser cleanup completed
2025-12-08 21:23:20,692 - INFO - Chaining to Extract Reconciliation Statement...
2025-12-08 21:25:06,376 - WARNING - Could not determine dtype for column 2, falling back to string
2025-12-08 21:25:06,376 - WARNING - Could not determine dtype for column 11, falling back to string
2025-12-08 21:25:06,376 - WARNING - Could not determine dtype for column 12, falling back to string
2025-12-08 21:28:19,084 - INFO - Loaded 7 bank transactions and 3715 company transactions
2025-12-08 21:28:19,087 - INFO - Starting Stage 1: Traditional reconciliation pipeline...
2025-12-08 21:28:19,105 - INFO - Finding transaction ID matches...
2025-12-08 21:28:19,529 - INFO - Finding bank charges...
2025-12-08 21:28:19,530 - DEBUG - After bank charges detection: 1 matched (added 1)
2025-12-08 21:28:19,531 - INFO - Detected 1 bank charges
2025-12-08 21:28:19,531 - INFO - Finding Reverse CE GL matches...
2025-12-08 21:28:19,784 - INFO - Found 2 Reverse CE GL matches
2025-12-08 21:28:19,786 - INFO - Finding name and amount matches...
2025-12-08 21:28:20,354 - INFO - Found 5 name and amount matches
2025-12-08 21:28:20,355 - INFO - Finding Hungarian 1:1 matches...
2025-12-08 21:28:20,700 - INFO - Hungarian 1:1: 0 matches | pairs scored=45, kept=0, time=0.34s
2025-12-08 21:28:20,702 - INFO - Finding enhanced 1:1 matches...
2025-12-08 21:28:20,907 - INFO - Found 0 enhanced 1:1 matches
2025-12-08 21:28:20,909 - INFO - Finding amount and date matches...
2025-12-08 21:28:20,968 - INFO - Found 0 amount and date matches
2025-12-08 21:28:20,969 - INFO - Finding fuzzy matches...
2025-12-08 21:30:18,820 - INFO - ============================================================
2025-12-08 21:30:18,821 - INFO - CA MATCH PROCESS COMPLETED SUCCESSFULLY
2025-12-08 21:30:18,821 - INFO - ============================================================
2025-12-08 21:30:18,821 - INFO - ✅ CA Match completed: 7 records processed
2025-12-08 21:30:18,834 - INFO - 
======================================================================
2025-12-08 21:30:18,835 - INFO - ✅ COMPLETE AUTOMATION WORKFLOW FINISHED SUCCESSFULLY
2025-12-08 21:30:18,835 - INFO - ======================================================================
2025-12-08 21:30:18,835 - INFO - 
Workflow Summary:
2025-12-08 21:30:18,835 - INFO -   ✅ CA Match Process - Completed
2025-12-08 21:30:18,835 - INFO -   ✅ Extract Reconciliation Statement - Completed (chained)
2025-12-08 21:30:18,836 - INFO -   ✅ RaasPlus Reconciliation - Completed (chained)
2025-12-08 21:30:18,836 - INFO -   ✅ Match Statement - Completed (chained)
2025-12-08 21:30:18,836 - INFO - 
All processes completed successfully!
2025-12-08 21:30:18,836 - INFO - Check logs for detailed information.
2025-12-08 21:30:18,836 - INFO - ======================================================================
2025-12-15 12:45:30,244 - INFO - ======================================================================
2025-12-15 12:45:30,244 - INFO - PLAYWRIGHT AUTOMATION RUNNER
2025-12-15 12:45:30,244 - INFO - ======================================================================
2025-12-15 12:45:30,244 - INFO - Account: CIM02
2025-12-15 12:45:30,245 - INFO - Date: 15/11/2025
2025-12-15 12:45:30,245 - INFO - Amount: 100.0
2025-12-15 12:45:30,245 - INFO - Headless Mode: False
2025-12-15 12:45:30,245 - INFO - Downloads Dir: d:\Github\PlayWright-Extractor\Downloads
2025-12-15 12:45:30,245 - INFO - ======================================================================
2025-12-15 12:45:30,245 - INFO - 
🚀 Starting complete automation workflow...

2025-12-15 12:45:30,245 - INFO - 
======================================================================
2025-12-15 12:45:30,245 - INFO - STEP 1: CA MATCH PROCESS
2025-12-15 12:45:30,245 - INFO - ======================================================================
2025-12-15 12:45:37,167 - INFO - Starting CA Match process...
2025-12-15 12:45:37,168 - INFO - ============================================================
2025-12-15 12:45:37,169 - INFO - CA MATCH PROCESS - OPTIMIZED VERSION
2025-12-15 12:45:37,169 - INFO - ============================================================
2025-12-15 12:45:37,169 - INFO - Initializing browser...
2025-12-15 12:45:42,395 - INFO - Browser initialized successfully
2025-12-15 12:45:42,396 - INFO - Logging in...
2025-12-15 12:45:49,043 - INFO - Navigating to Process Bank Records...
2025-12-15 12:46:04,862 - INFO - Starting auto-match process...
2025-12-15 12:46:14,909 - WARNING - Normal click failed for account link 'CIM02', trying force click...
2025-12-15 12:46:15,776 - INFO - Force clicked account link 'CIM02'
2025-12-15 12:46:29,489 - INFO - Clicked Auto-Match button successfully
2025-12-15 12:46:31,503 - INFO - Waiting for auto-match confirmation...
2025-12-15 12:46:50,045 - WARNING - No 'Executing' message detected
2025-12-15 12:46:50,056 - INFO - âœ… Auto-match operation completed successfully!
2025-12-15 12:46:50,056 - INFO - Processing auto-matched items...
2025-12-15 12:46:50,104 - INFO - Clicked Process button successfully
2025-12-15 12:46:55,208 - INFO - Clicked Back button successfully
2025-12-15 12:46:58,224 - INFO - Starting manual matching process...
2025-12-15 12:46:58,306 - INFO - Clicked account link 'CIM02' successfully
2025-12-15 12:47:03,323 - INFO - Processing page 1...
2025-12-15 12:47:03,381 - INFO - Found 8 rows on page 1
2025-12-15 12:47:03,403 - INFO - Row 0 - Ext. Ref. Nbr.: 2507312241040258
2025-12-15 12:47:03,413 - INFO - Row 0 - Already matched, skipping
2025-12-15 12:47:03,429 - INFO - Row 1 - Ext. Ref. Nbr.: 2507311751140415
2025-12-15 12:47:03,438 - INFO - Row 1 - Already matched, skipping
2025-12-15 12:47:03,453 - INFO - Row 2 - Ext. Ref. Nbr.: 30756388
2025-12-15 12:47:03,459 - INFO - Row 2 - Already matched, skipping
2025-12-15 12:47:03,472 - INFO - Row 3 - Ext. Ref. Nbr.: 30756388
2025-12-15 12:47:03,478 - INFO - Row 3 - Already matched, skipping
2025-12-15 12:47:03,490 - INFO - Row 4 - Ext. Ref. Nbr.: 2507181637590200
2025-12-15 12:47:03,496 - INFO - Row 4 - Already matched, skipping
2025-12-15 12:47:03,509 - INFO - Row 5 - Ext. Ref. Nbr.: 2507110714350678
2025-12-15 12:47:03,515 - INFO - Row 5 - Already matched, skipping
2025-12-15 12:47:03,527 - INFO - Row 6 - Ext. Ref. Nbr.: 2507051851570603
2025-12-15 12:47:03,532 - INFO - Row 6 - Already matched, skipping
2025-12-15 12:47:03,540 - INFO - No more pages - pagination complete
2025-12-15 12:47:03,541 - INFO - Pagination complete - processed 7 total rows across 1 pages
2025-12-15 12:47:03,541 - INFO - Manual matching complete - 7 rows processed
2025-12-15 12:47:03,542 - INFO - Processing manually matched items...
2025-12-15 12:47:03,591 - INFO - Clicked Process button (after manual matching) successfully
2025-12-15 12:47:08,678 - INFO - Clicked Back to list button successfully
2025-12-15 12:47:11,688 - INFO - Downloading results...
2025-12-15 12:47:11,787 - INFO - Clicked account link 'CIM02' successfully
2025-12-15 12:47:16,895 - INFO - Clicked Export dropdown successfully
2025-12-15 12:47:17,002 - INFO - Clicked Export to Excel button successfully
2025-12-15 12:47:28,342 - INFO - Download started: Process Bank Transactions 20251215.xlsx
2025-12-15 12:47:28,635 - INFO - âœ… File saved to: d:\Github\PlayWright-Extractor\Downloads\Process Bank Transactions 20251215.xlsx
2025-12-15 12:47:28,636 - INFO - Processing downloaded file: d:\Github\PlayWright-Extractor\Downloads\Process Bank Transactions 20251215.xlsx
2025-12-15 12:47:28,800 - WARNING - Could not determine dtype for column 1, falling back to string
2025-12-15 12:47:28,800 - WARNING - Could not determine dtype for column 6, falling back to string
2025-12-15 12:47:28,801 - WARNING - Could not determine dtype for column 8, falling back to string
2025-12-15 12:47:28,801 - WARNING - Could not determine dtype for column 9, falling back to string
2025-12-15 12:47:28,801 - WARNING - Could not determine dtype for column 11, falling back to string
2025-12-15 12:47:28,801 - WARNING - Could not determine dtype for column 13, falling back to string
2025-12-15 12:47:28,801 - WARNING - Could not determine dtype for column 14, falling back to string
2025-12-15 12:47:28,801 - WARNING - Could not determine dtype for column 17, falling back to string
2025-12-15 12:47:28,801 - WARNING - Could not determine dtype for column 18, falling back to string
2025-12-15 12:47:28,801 - WARNING - Could not determine dtype for column 20, falling back to string
2025-12-15 12:47:28,862 - INFO - Processed 7 records from downloaded file
2025-12-15 12:47:29,190 - INFO - Browser cleanup completed
2025-12-15 12:47:29,191 - INFO - Chaining to Extract Reconciliation Statement...
2025-12-15 12:49:19,807 - WARNING - Could not determine dtype for column 2, falling back to string
2025-12-15 12:49:19,807 - WARNING - Could not determine dtype for column 11, falling back to string
2025-12-15 12:49:19,807 - WARNING - Could not determine dtype for column 12, falling back to string
2025-12-15 12:52:55,130 - INFO - Loaded 7 bank transactions and 3715 company transactions
2025-12-15 12:52:55,133 - INFO - Starting Stage 1: Traditional reconciliation pipeline...
2025-12-15 12:52:55,148 - INFO - Finding transaction ID matches...
2025-12-15 12:52:55,578 - INFO - Finding bank charges...
2025-12-15 12:52:55,580 - DEBUG - After bank charges detection: 1 matched (added 1)
2025-12-15 12:52:55,580 - INFO - Detected 1 bank charges
2025-12-15 12:52:55,580 - INFO - Finding Reverse CE GL matches...
2025-12-15 12:52:55,867 - INFO - Found 2 Reverse CE GL matches
2025-12-15 12:52:55,870 - INFO - Finding name and amount matches...
2025-12-15 12:52:56,483 - INFO - Found 5 name and amount matches
2025-12-15 12:52:56,484 - INFO - Finding Hungarian 1:1 matches...
2025-12-15 12:52:59,741 - INFO - Hungarian 1:1: 0 matches | pairs scored=45, kept=0, time=3.26s
2025-12-15 12:52:59,742 - INFO - Finding enhanced 1:1 matches...
2025-12-15 12:52:59,956 - INFO - Found 0 enhanced 1:1 matches
2025-12-15 12:52:59,958 - INFO - Finding amount and date matches...
2025-12-15 12:53:00,022 - INFO - Found 0 amount and date matches
2025-12-15 12:53:00,023 - INFO - Finding fuzzy matches...
2025-12-15 13:49:44,692 - INFO - ======================================================================
2025-12-15 13:49:44,692 - INFO - PLAYWRIGHT AUTOMATION RUNNER
2025-12-15 13:49:44,692 - INFO - ======================================================================
2025-12-15 13:49:44,692 - INFO - Account: CIM02
2025-12-15 13:49:44,692 - INFO - Date: 15/11/2025
2025-12-15 13:49:44,692 - INFO - Amount: 100.0
2025-12-15 13:49:44,692 - INFO - Headless Mode: False
2025-12-15 13:49:44,693 - INFO - Downloads Dir: d:\Github\PlayWright-Extractor\Downloads
2025-12-15 13:49:44,693 - INFO - ======================================================================
2025-12-15 13:49:44,693 - INFO - 
🚀 Starting complete automation workflow...

2025-12-15 13:49:44,693 - INFO - 
======================================================================
2025-12-15 13:49:44,693 - INFO - STEP 1: CA MATCH PROCESS
2025-12-15 13:49:44,693 - INFO - ======================================================================
2025-12-15 13:49:45,121 - INFO - Starting CA Match process...
2025-12-15 13:49:45,122 - INFO - ============================================================
2025-12-15 13:49:45,122 - INFO - CA MATCH PROCESS - OPTIMIZED VERSION
2025-12-15 13:49:45,122 - INFO - ============================================================
2025-12-15 13:49:45,123 - INFO - Initializing browser...
2025-12-15 13:49:45,648 - INFO - Browser initialized successfully
2025-12-15 13:49:45,649 - INFO - Logging in...
2025-12-15 13:49:49,307 - INFO - Navigating to Process Bank Records...
2025-12-15 13:50:12,405 - INFO - Starting auto-match process...
2025-12-15 13:50:12,514 - INFO - Clicked account link 'CIM02' successfully
2025-12-15 13:50:17,626 - INFO - Clicked Auto-Match button successfully
2025-12-15 13:50:19,642 - INFO - Waiting for auto-match confirmation...
2025-12-15 13:50:34,679 - WARNING - No 'Executing' message detected
2025-12-15 13:50:34,686 - INFO - âœ… Auto-match operation completed successfully!
2025-12-15 13:50:34,687 - INFO - Processing auto-matched items...
2025-12-15 13:50:34,740 - INFO - Clicked Process button successfully
2025-12-15 13:50:39,830 - INFO - Clicked Back button successfully
2025-12-15 13:50:42,844 - INFO - Starting manual matching process...
2025-12-15 13:50:42,912 - INFO - Clicked account link 'CIM02' successfully
2025-12-15 13:50:47,921 - INFO - Processing page 1...
2025-12-15 13:50:47,952 - INFO - Found 8 rows on page 1
2025-12-15 13:50:47,970 - INFO - Row 0 - Ext. Ref. Nbr.: 2507312241040258
2025-12-15 13:50:47,980 - INFO - Row 0 - Already matched, skipping
2025-12-15 13:50:48,001 - INFO - Row 1 - Ext. Ref. Nbr.: 2507311751140415
2025-12-15 13:50:48,011 - INFO - Row 1 - Already matched, skipping
2025-12-15 13:50:48,027 - INFO - Row 2 - Ext. Ref. Nbr.: 30756388
2025-12-15 13:50:48,034 - INFO - Row 2 - Already matched, skipping
2025-12-15 13:50:48,050 - INFO - Row 3 - Ext. Ref. Nbr.: 30756388
2025-12-15 13:50:48,057 - INFO - Row 3 - Already matched, skipping
2025-12-15 13:50:48,071 - INFO - Row 4 - Ext. Ref. Nbr.: 2507181637590200
2025-12-15 13:50:48,078 - INFO - Row 4 - Already matched, skipping
2025-12-15 13:50:48,091 - INFO - Row 5 - Ext. Ref. Nbr.: 2507110714350678
2025-12-15 13:50:48,096 - INFO - Row 5 - Already matched, skipping
2025-12-15 13:50:48,111 - INFO - Row 6 - Ext. Ref. Nbr.: 2507051851570603
2025-12-15 13:50:48,120 - INFO - Row 6 - Already matched, skipping
2025-12-15 13:50:48,128 - INFO - No more pages - pagination complete
2025-12-15 13:50:48,129 - INFO - Pagination complete - processed 7 total rows across 1 pages
2025-12-15 13:50:48,129 - INFO - Manual matching complete - 7 rows processed
2025-12-15 13:50:48,130 - INFO - Processing manually matched items...
2025-12-15 13:50:48,186 - INFO - Clicked Process button (after manual matching) successfully
2025-12-15 13:50:53,279 - INFO - Clicked Back to list button successfully
2025-12-15 13:50:56,291 - INFO - Downloading results...
2025-12-15 13:50:56,372 - INFO - Clicked account link 'CIM02' successfully
2025-12-15 13:51:01,453 - INFO - Clicked Export dropdown successfully
2025-12-15 13:51:01,513 - INFO - Clicked Export to Excel button successfully
2025-12-15 13:51:07,128 - INFO - Download started: Process Bank Transactions 20251215.xlsx
2025-12-15 13:51:07,239 - INFO - âœ… File saved to: d:\Github\PlayWright-Extractor\Downloads\Process Bank Transactions 20251215.xlsx
2025-12-15 13:51:07,240 - INFO - Processing downloaded file: d:\Github\PlayWright-Extractor\Downloads\Process Bank Transactions 20251215.xlsx
2025-12-15 13:51:07,257 - WARNING - Could not determine dtype for column 1, falling back to string
2025-12-15 13:51:07,258 - WARNING - Could not determine dtype for column 6, falling back to string
2025-12-15 13:51:07,258 - WARNING - Could not determine dtype for column 8, falling back to string
2025-12-15 13:51:07,258 - WARNING - Could not determine dtype for column 9, falling back to string
2025-12-15 13:51:07,258 - WARNING - Could not determine dtype for column 11, falling back to string
2025-12-15 13:51:07,259 - WARNING - Could not determine dtype for column 13, falling back to string
2025-12-15 13:51:07,259 - WARNING - Could not determine dtype for column 14, falling back to string
2025-12-15 13:51:07,259 - WARNING - Could not determine dtype for column 17, falling back to string
2025-12-15 13:51:07,259 - WARNING - Could not determine dtype for column 18, falling back to string
2025-12-15 13:51:07,259 - WARNING - Could not determine dtype for column 20, falling back to string
2025-12-15 13:51:07,276 - INFO - Processed 7 records from downloaded file
2025-12-15 13:51:07,626 - INFO - Browser cleanup completed
2025-12-15 13:51:07,627 - INFO - Chaining to Extract Reconciliation Statement...
2025-12-15 13:52:20,284 - ERROR - FATAL ERROR: Failed to download Excel file after all attempts
2025-12-15 13:52:20,287 - INFO - Browser cleanup completed
2025-12-15 13:52:20,301 - ERROR - ❌ CA Match failed: Failed to download Excel file after all attempts
Traceback (most recent call last):
  File "d:\Github\PlayWright-Extractor\playwright_scripts\ExtractReconcileStatement_Optimized.py", line 432, in export_to_excel
    raise Exception("Could not find Export to Excel button after trying all selectors")
Exception: Could not find Export to Excel button after trying all selectors

During handling of the above exception, another exception occurred:

Traceback (most recent call last):
  File "d:\Github\PlayWright-Extractor\playwright_scripts\run_playwright.py", line 142, in run_ca_match
    records = process_bank_transactions(
        playwright=playwright,
    ...<9 lines>...
        headless=self.headless
    )
  File "d:\Github\PlayWright-Extractor\playwright_scripts\CA_Match_Process_Optimized.py", line 643, in process_bank_transactions
    return processor.run()
           ~~~~~~~~~~~~~^^
  File "d:\Github\PlayWright-Extractor\playwright_scripts\CA_Match_Process_Optimized.py", line 559, in run
    ExtractReconcileStatement.extract_reconciliation_statements(
    ~~~~~~~~~~~~~~~~~~~~~~~~~~~~~~~~~~~~~~~~~~~~~~~~~~~~~~~~~~~^
        playwright=self.playwright,
        ^^^^^^^^^^^^^^^^^^^^^^^^^^^
    ...<10 lines>...
        headless=self.headless
        ^^^^^^^^^^^^^^^^^^^^^^
    )
    ^
  File "d:\Github\PlayWright-Extractor\playwright_scripts\ExtractReconcileStatement_Optimized.py", line 695, in extract_reconciliation_statements
    return extractor.run()
           ~~~~~~~~~~~~~^^
  File "d:\Github\PlayWright-Extractor\playwright_scripts\ExtractReconcileStatement_Optimized.py", line 578, in run
    reconciliation_save_path = self.export_to_excel()
  File "d:\Github\PlayWright-Extractor\playwright_scripts\ExtractReconcileStatement_Optimized.py", line 485, in export_to_excel
    raise Exception("Failed to download Excel file after all attempts")
Exception: Failed to download Excel file after all attempts
2025-12-15 13:52:20,304 - ERROR - 
======================================================================
2025-12-15 13:52:20,304 - ERROR - ❌ AUTOMATION WORKFLOW FAILED
2025-12-15 13:52:20,304 - ERROR - ======================================================================
2025-12-15 13:52:20,304 - ERROR - Error: Failed to download Excel file after all attempts
2025-12-15 13:52:20,304 - ERROR - ======================================================================
2025-12-15 13:52:51,388 - INFO - ======================================================================
2025-12-15 13:52:51,388 - INFO - PLAYWRIGHT AUTOMATION RUNNER
2025-12-15 13:52:51,388 - INFO - ======================================================================
2025-12-15 13:52:51,388 - INFO - Account: CIM02
2025-12-15 13:52:51,388 - INFO - Date: 15/11/2025
2025-12-15 13:52:51,388 - INFO - Amount: 100.0
2025-12-15 13:52:51,389 - INFO - Headless Mode: True
2025-12-15 13:52:51,389 - INFO - Downloads Dir: d:\Github\PlayWright-Extractor\Downloads
2025-12-15 13:52:51,389 - INFO - ======================================================================
2025-12-15 13:52:51,389 - INFO - 
🚀 Starting complete automation workflow...

2025-12-15 13:52:51,389 - INFO - 
======================================================================
2025-12-15 13:52:51,389 - INFO - STEP 1: CA MATCH PROCESS
2025-12-15 13:52:51,389 - INFO - ======================================================================
2025-12-15 13:52:51,813 - INFO - Starting CA Match process...
2025-12-15 13:52:51,813 - INFO - ============================================================
2025-12-15 13:52:51,814 - INFO - CA MATCH PROCESS - OPTIMIZED VERSION
2025-12-15 13:52:51,814 - INFO - ============================================================
2025-12-15 13:52:51,814 - INFO - Initializing browser...
2025-12-15 13:52:53,235 - INFO - Browser initialized successfully
2025-12-15 13:52:53,235 - INFO - Logging in...
2025-12-15 13:52:55,202 - INFO - Navigating to Process Bank Records...
2025-12-15 13:53:05,257 - INFO - Starting auto-match process...
2025-12-15 13:53:05,352 - INFO - Clicked account link 'CIM02' successfully
2025-12-15 13:53:10,474 - INFO - Clicked Auto-Match button successfully
2025-12-15 13:53:12,490 - INFO - Waiting for auto-match confirmation...
2025-12-15 13:53:27,518 - WARNING - No 'Executing' message detected
2025-12-15 13:53:27,524 - INFO - âœ… Auto-match operation completed successfully!
2025-12-15 13:53:27,525 - INFO - Processing auto-matched items...
2025-12-15 13:53:27,596 - INFO - Clicked Process button successfully
2025-12-15 13:53:32,735 - INFO - Clicked Back button successfully
2025-12-15 13:53:35,746 - INFO - Starting manual matching process...
2025-12-15 13:53:35,814 - INFO - Clicked account link 'CIM02' successfully
2025-12-15 13:53:40,831 - INFO - Processing page 1...
2025-12-15 13:53:40,860 - INFO - Found 8 rows on page 1
2025-12-15 13:53:40,876 - INFO - Row 0 - Ext. Ref. Nbr.: 2507312241040258
2025-12-15 13:53:40,883 - INFO - Row 0 - Already matched, skipping
2025-12-15 13:53:40,898 - INFO - Row 1 - Ext. Ref. Nbr.: 2507311751140415
2025-12-15 13:53:40,906 - INFO - Row 1 - Already matched, skipping
2025-12-15 13:53:40,919 - INFO - Row 2 - Ext. Ref. Nbr.: 30756388
2025-12-15 13:53:40,928 - INFO - Row 2 - Already matched, skipping
2025-12-15 13:53:40,940 - INFO - Row 3 - Ext. Ref. Nbr.: 30756388
2025-12-15 13:53:40,949 - INFO - Row 3 - Already matched, skipping
2025-12-15 13:53:40,961 - INFO - Row 4 - Ext. Ref. Nbr.: 2507181637590200
2025-12-15 13:53:40,968 - INFO - Row 4 - Already matched, skipping
2025-12-15 13:53:40,982 - INFO - Row 5 - Ext. Ref. Nbr.: 2507110714350678
2025-12-15 13:53:40,989 - INFO - Row 5 - Already matched, skipping
2025-12-15 13:53:41,005 - INFO - Row 6 - Ext. Ref. Nbr.: 2507051851570603
2025-12-15 13:53:41,013 - INFO - Row 6 - Already matched, skipping
2025-12-15 13:53:41,021 - INFO - No more pages - pagination complete
2025-12-15 13:53:41,021 - INFO - Pagination complete - processed 7 total rows across 1 pages
2025-12-15 13:53:41,021 - INFO - Manual matching complete - 7 rows processed
2025-12-15 13:53:41,022 - INFO - Processing manually matched items...
2025-12-15 13:53:41,095 - INFO - Clicked Process button (after manual matching) successfully
2025-12-15 13:53:46,188 - INFO - Clicked Back to list button successfully
2025-12-15 13:53:49,196 - INFO - Downloading results...
2025-12-15 13:53:49,264 - INFO - Clicked account link 'CIM02' successfully
2025-12-15 13:53:54,352 - INFO - Clicked Export dropdown successfully
2025-12-15 13:53:54,412 - INFO - Clicked Export to Excel button successfully
2025-12-15 13:54:00,788 - INFO - Download started: Process Bank Transactions 20251215.xlsx
2025-12-15 13:54:00,884 - INFO - âœ… File saved to: d:\Github\PlayWright-Extractor\Downloads\Process Bank Transactions 20251215.xlsx
2025-12-15 13:54:00,884 - INFO - Processing downloaded file: d:\Github\PlayWright-Extractor\Downloads\Process Bank Transactions 20251215.xlsx
2025-12-15 13:54:00,900 - WARNING - Could not determine dtype for column 1, falling back to string
2025-12-15 13:54:00,900 - WARNING - Could not determine dtype for column 6, falling back to string
2025-12-15 13:54:00,900 - WARNING - Could not determine dtype for column 8, falling back to string
2025-12-15 13:54:00,901 - WARNING - Could not determine dtype for column 9, falling back to string
2025-12-15 13:54:00,901 - WARNING - Could not determine dtype for column 11, falling back to string
2025-12-15 13:54:00,901 - WARNING - Could not determine dtype for column 13, falling back to string
2025-12-15 13:54:00,901 - WARNING - Could not determine dtype for column 14, falling back to string
2025-12-15 13:54:00,901 - WARNING - Could not determine dtype for column 17, falling back to string
2025-12-15 13:54:00,901 - WARNING - Could not determine dtype for column 18, falling back to string
2025-12-15 13:54:00,901 - WARNING - Could not determine dtype for column 20, falling back to string
2025-12-15 13:54:00,916 - INFO - Processed 7 records from downloaded file
2025-12-15 13:54:01,118 - INFO - Browser cleanup completed
2025-12-15 13:54:01,119 - INFO - Chaining to Extract Reconciliation Statement...
2025-12-15 13:55:54,743 - WARNING - Could not determine dtype for column 2, falling back to string
2025-12-15 13:55:54,743 - WARNING - Could not determine dtype for column 11, falling back to string
2025-12-15 13:55:54,743 - WARNING - Could not determine dtype for column 12, falling back to string
2025-12-15 14:00:02,036 - INFO - Loaded 7 bank transactions and 3715 company transactions
2025-12-15 14:00:02,039 - INFO - Starting Stage 1: Traditional reconciliation pipeline...
2025-12-15 14:00:02,061 - INFO - Finding transaction ID matches...
2025-12-15 14:00:02,661 - INFO - Finding bank charges...
2025-12-15 14:00:02,664 - DEBUG - After bank charges detection: 1 matched (added 1)
2025-12-15 14:00:02,664 - INFO - Detected 1 bank charges
2025-12-15 14:00:02,665 - INFO - Finding Reverse CE GL matches...
2025-12-15 14:00:03,043 - INFO - Found 2 Reverse CE GL matches
2025-12-15 14:00:03,045 - INFO - Finding name and amount matches...
2025-12-15 14:00:03,859 - INFO - Found 5 name and amount matches
2025-12-15 14:00:03,859 - INFO - Finding Hungarian 1:1 matches...
2025-12-15 14:00:04,335 - INFO - Hungarian 1:1: 0 matches | pairs scored=45, kept=0, time=0.48s
2025-12-15 14:00:04,336 - INFO - Finding enhanced 1:1 matches...
2025-12-15 14:00:04,610 - INFO - Found 0 enhanced 1:1 matches
2025-12-15 14:00:04,612 - INFO - Finding amount and date matches...
2025-12-15 14:00:04,694 - INFO - Found 0 amount and date matches
2025-12-15 14:00:04,695 - INFO - Finding fuzzy matches...
2025-12-15 14:02:32,263 - INFO - ============================================================
2025-12-15 14:02:32,264 - INFO - CA MATCH PROCESS COMPLETED SUCCESSFULLY
2025-12-15 14:02:32,264 - INFO - ============================================================
2025-12-15 14:02:32,264 - INFO - ✅ CA Match completed: 7 records processed
2025-12-15 14:02:32,278 - INFO - 
======================================================================
2025-12-15 14:02:32,279 - INFO - ✅ COMPLETE AUTOMATION WORKFLOW FINISHED SUCCESSFULLY
2025-12-15 14:02:32,279 - INFO - ======================================================================
2025-12-15 14:02:32,279 - INFO - 
Workflow Summary:
2025-12-15 14:02:32,279 - INFO -   ✅ CA Match Process - Completed
2025-12-15 14:02:32,279 - INFO -   ✅ Extract Reconciliation Statement - Completed (chained)
2025-12-15 14:02:32,279 - INFO -   ✅ RaasPlus Reconciliation - Completed (chained)
2025-12-15 14:02:32,280 - INFO -   ✅ Match Statement - Completed (chained)
2025-12-15 14:02:32,280 - INFO - 
All processes completed successfully!
2025-12-15 14:02:32,280 - INFO - Check logs for detailed information.
2025-12-15 14:02:32,280 - INFO - ======================================================================
2025-12-23 13:18:47,428 - INFO - ======================================================================
2025-12-23 13:18:47,429 - INFO - PLAYWRIGHT AUTOMATION RUNNER
2025-12-23 13:18:47,429 - INFO - ======================================================================
2025-12-23 13:18:47,429 - INFO - Account: MBB02
2025-12-23 13:18:47,430 - INFO - Date: 23/11/2025
2025-12-23 13:18:47,430 - INFO - Amount: 100.0
2025-12-23 13:18:47,430 - INFO - Headless Mode: True
2025-12-23 13:18:47,430 - INFO - Downloads Dir: d:\Github\PlayWright-Extractor\Downloads
2025-12-23 13:18:47,431 - INFO - ======================================================================
2025-12-23 13:18:47,431 - INFO - 
🚀 Starting complete automation workflow...

2025-12-23 13:18:47,432 - INFO - 
======================================================================
2025-12-23 13:18:47,432 - INFO - STEP 1: CA MATCH PROCESS
2025-12-23 13:18:47,433 - INFO - ======================================================================
2025-12-23 13:18:59,791 - INFO - Starting CA Match process...
2025-12-23 13:18:59,792 - INFO - ============================================================
2025-12-23 13:18:59,793 - INFO - CA MATCH PROCESS - OPTIMIZED VERSION
2025-12-23 13:18:59,794 - INFO - ============================================================
2025-12-23 13:18:59,794 - INFO - Initializing browser...
2025-12-23 13:19:01,809 - INFO - Browser initialized successfully
2025-12-23 13:19:01,810 - INFO - Logging in...
2025-12-23 13:19:05,555 - INFO - Navigating to Process Bank Records...
2025-12-23 13:19:20,038 - INFO - Starting auto-match process...
2025-12-23 13:19:30,081 - WARNING - Normal click failed for account link 'MBB02', trying force click...
2025-12-23 13:19:30,139 - INFO - Force clicked account link 'MBB02'
2025-12-23 13:19:45,165 - WARNING - Normal click failed for Auto-Match button, trying force click...
2025-12-23 13:19:50,172 - WARNING - Force click failed, trying JS click...
2025-12-23 13:19:51,163 - INFO - JS clicked Auto-Match button
2025-12-23 13:19:53,180 - INFO - Waiting for auto-match confirmation...
2025-12-23 13:19:58,186 - WARNING - No confirmation popup appeared - auto-match may not have started
2025-12-23 13:19:58,187 - INFO - Processing auto-matched items...
2025-12-23 13:19:58,525 - INFO - Clicked Process button successfully
2025-12-23 13:20:05,033 - INFO - Clicked Back button successfully
2025-12-23 13:20:08,039 - INFO - Starting manual matching process...
2025-12-23 13:20:10,081 - INFO - Clicked account link 'MBB02' successfully
2025-12-23 13:20:15,087 - INFO - Processing page 1...
2025-12-23 13:20:15,161 - INFO - Found 201 rows on page 1
2025-12-23 13:20:15,220 - INFO - Row 0 - Ext. Ref. Nbr.: 0
2025-12-23 13:20:15,262 - INFO - Row 0 - Already matched, skipping
2025-12-23 13:20:15,345 - INFO - Row 1 - Ext. Ref. Nbr.: H0124355
2025-12-23 13:20:15,370 - INFO - Row 1 - Already matched, skipping
2025-12-23 13:20:15,416 - INFO - Row 2 - Ext. Ref. Nbr.: 0
2025-12-23 13:20:15,437 - INFO - Row 2 - Already matched, skipping
2025-12-23 13:20:15,496 - INFO - Row 3 - Ext. Ref. Nbr.: H0124356
2025-12-23 13:20:15,518 - INFO - Row 3 - Already matched, skipping
2025-12-23 13:20:15,576 - INFO - Row 4 - Ext. Ref. Nbr.: 0
2025-12-23 13:20:15,604 - INFO - Row 4 - Already matched, skipping
2025-12-23 13:20:15,647 - INFO - Row 5 - Ext. Ref. Nbr.: H0124359
2025-12-23 13:20:16,299 - INFO - Row 5 - Already matched, skipping
2025-12-23 13:20:16,372 - INFO - Row 6 - Ext. Ref. Nbr.: 0
2025-12-23 13:20:16,405 - INFO - Row 6 - Already matched, skipping
2025-12-23 13:20:16,471 - INFO - Row 7 - Ext. Ref. Nbr.: H0124363
2025-12-23 13:20:16,507 - INFO - Row 7 - Already matched, skipping
2025-12-23 13:20:16,574 - INFO - Row 8 - Ext. Ref. Nbr.: 0
2025-12-23 13:20:16,609 - INFO - Row 8 - Already matched, skipping
2025-12-23 13:20:16,665 - INFO - Row 9 - Ext. Ref. Nbr.: L0105012
2025-12-23 13:20:16,694 - INFO - Row 9 - Already matched, skipping
2025-12-23 13:20:16,745 - INFO - Row 10 - Ext. Ref. Nbr.: 0
2025-12-23 13:20:16,774 - INFO - Row 10 - Already matched, skipping
2025-12-23 13:20:16,840 - INFO - Row 11 - Ext. Ref. Nbr.: H0124364
2025-12-23 13:20:16,865 - INFO - Row 11 - Already matched, skipping
2025-12-23 13:20:16,909 - INFO - Row 12 - Ext. Ref. Nbr.: 0
2025-12-23 13:20:16,932 - INFO - Row 12 - Already matched, skipping
2025-12-23 13:20:16,981 - INFO - Row 13 - Ext. Ref. Nbr.: L0105013
2025-12-23 13:20:17,007 - INFO - Row 13 - Already matched, skipping
2025-12-23 13:20:17,060 - INFO - Row 14 - Ext. Ref. Nbr.: 0
2025-12-23 13:20:17,093 - INFO - Row 14 - Already matched, skipping
2025-12-23 13:20:17,159 - INFO - Row 15 - Ext. Ref. Nbr.: H0124365
2025-12-23 13:20:17,198 - INFO - Row 15 - Already matched, skipping
2025-12-23 13:20:17,278 - INFO - Row 16 - Ext. Ref. Nbr.: 0
2025-12-23 13:20:17,306 - INFO - Row 16 - Already matched, skipping
2025-12-23 13:20:17,367 - INFO - Row 17 - Ext. Ref. Nbr.: H0124367
2025-12-23 13:20:17,401 - INFO - Row 17 - Already matched, skipping
2025-12-23 13:20:17,446 - INFO - Row 18 - Ext. Ref. Nbr.: H0124368
2025-12-23 13:20:17,467 - INFO - Row 18 - Already matched, skipping
2025-12-23 13:20:17,509 - INFO - Row 19 - Ext. Ref. Nbr.: 0
2025-12-23 13:20:17,526 - INFO - Row 19 - Already matched, skipping
2025-12-23 13:20:17,573 - INFO - Row 20 - Ext. Ref. Nbr.: 0
2025-12-23 13:20:17,598 - INFO - Row 20 - Already matched, skipping
2025-12-23 13:20:17,641 - INFO - Row 21 - Ext. Ref. Nbr.: H0124369
2025-12-23 13:20:17,671 - INFO - Row 21 - Already matched, skipping
2025-12-23 13:20:17,709 - INFO - Row 22 - Ext. Ref. Nbr.: 0
2025-12-23 13:20:17,734 - INFO - Row 22 - Already matched, skipping
2025-12-23 13:20:17,776 - INFO - Row 23 - Ext. Ref. Nbr.: H0124370
2025-12-23 13:20:17,795 - INFO - Row 23 - Already matched, skipping
2025-12-23 13:20:17,832 - INFO - Row 24 - Ext. Ref. Nbr.: 2025063035DBKKA
2025-12-23 13:20:17,854 - INFO - Row 24 - Already matched, skipping
2025-12-23 13:20:17,895 - INFO - Row 25 - Ext. Ref. Nbr.: 2025063036DBKKA
2025-12-23 13:20:17,919 - INFO - Row 25 - Already matched, skipping
2025-12-23 13:20:17,966 - INFO - Row 26 - Ext. Ref. Nbr.: 2025063019DBKKA
2025-12-23 13:20:17,995 - INFO - Row 26 - Already matched, skipping
2025-12-23 13:20:18,037 - INFO - Row 27 - Ext. Ref. Nbr.: 0
2025-12-23 13:20:18,062 - INFO - Row 27 - Already matched, skipping
2025-12-23 13:20:18,103 - INFO - Row 28 - Ext. Ref. Nbr.: H0124371
2025-12-23 13:20:18,124 - INFO - Row 28 - Already matched, skipping
2025-12-23 13:20:18,160 - INFO - Row 29 - Ext. Ref. Nbr.: 0
2025-12-23 13:20:18,185 - INFO - Row 29 - Already matched, skipping
2025-12-23 13:20:18,237 - INFO - Row 30 - Ext. Ref. Nbr.: 0
2025-12-23 13:20:18,257 - INFO - Row 30 - Already matched, skipping
2025-12-23 13:20:18,294 - INFO - Row 31 - Ext. Ref. Nbr.: H0124375
2025-12-23 13:20:18,312 - INFO - Row 31 - Already matched, skipping
2025-12-23 13:20:18,355 - INFO - Row 32 - Ext. Ref. Nbr.: 0
2025-12-23 13:20:18,380 - INFO - Row 32 - Already matched, skipping
2025-12-23 13:20:18,437 - INFO - Row 33 - Ext. Ref. Nbr.: L0105016
2025-12-23 13:20:18,460 - INFO - Row 33 - Already matched, skipping
2025-12-23 13:20:18,512 - INFO - Row 34 - Ext. Ref. Nbr.: 0
2025-12-23 13:20:18,533 - INFO - Row 34 - Already matched, skipping
2025-12-23 13:20:18,573 - INFO - Row 35 - Ext. Ref. Nbr.: H0124380
2025-12-23 13:20:18,597 - INFO - Row 35 - Already matched, skipping
2025-12-23 13:20:18,646 - INFO - Row 36 - Ext. Ref. Nbr.: 0
2025-12-23 13:20:18,670 - INFO - Row 36 - Already matched, skipping
2025-12-23 13:20:18,716 - INFO - Row 37 - Ext. Ref. Nbr.: H0124381
2025-12-23 13:20:18,741 - INFO - Row 37 - Already matched, skipping
2025-12-23 13:20:18,783 - INFO - Row 38 - Ext. Ref. Nbr.: 0
2025-12-23 13:20:18,804 - INFO - Row 38 - Already matched, skipping
2025-12-23 13:20:18,851 - INFO - Row 39 - Ext. Ref. Nbr.: H0124382
2025-12-23 13:20:18,878 - INFO - Row 39 - Already matched, skipping
2025-12-23 13:20:18,930 - INFO - Row 40 - Ext. Ref. Nbr.: 0
2025-12-23 13:20:18,950 - INFO - Row 40 - Already matched, skipping
2025-12-23 13:20:18,992 - INFO - Row 41 - Ext. Ref. Nbr.: 0
2025-12-23 13:20:19,015 - INFO - Row 41 - Already matched, skipping
2025-12-23 13:20:19,062 - INFO - Row 42 - Ext. Ref. Nbr.: H0124384
2025-12-23 13:20:19,088 - INFO - Row 42 - Already matched, skipping
2025-12-23 13:20:19,129 - INFO - Row 43 - Ext. Ref. Nbr.: 0
2025-12-23 13:20:19,146 - INFO - Row 43 - Already matched, skipping
2025-12-23 13:20:19,199 - INFO - Row 44 - Ext. Ref. Nbr.: H0124387
2025-12-23 13:20:19,220 - INFO - Row 44 - Already matched, skipping
2025-12-23 13:20:19,262 - INFO - Row 45 - Ext. Ref. Nbr.: 0
2025-12-23 13:20:19,286 - INFO - Row 45 - Already matched, skipping
2025-12-23 13:20:19,326 - INFO - Row 46 - Ext. Ref. Nbr.: 0
2025-12-23 13:20:19,347 - INFO - Row 46 - Already matched, skipping
2025-12-23 13:20:19,386 - INFO - Row 47 - Ext. Ref. Nbr.: H0124386
2025-12-23 13:20:19,405 - INFO - Row 47 - Already matched, skipping
2025-12-23 13:20:19,456 - INFO - Row 48 - Ext. Ref. Nbr.: 0
2025-12-23 13:20:19,479 - INFO - Row 48 - Already matched, skipping
2025-12-23 13:20:19,510 - INFO - Row 49 - Ext. Ref. Nbr.: H0124392
2025-12-23 13:20:19,537 - INFO - Row 49 - Already matched, skipping
2025-12-23 13:20:19,573 - INFO - Row 50 - Ext. Ref. Nbr.: 0
2025-12-23 13:20:19,592 - INFO - Row 50 - Already matched, skipping
2025-12-23 13:20:19,629 - INFO - Row 51 - Ext. Ref. Nbr.: H0124394
2025-12-23 13:20:19,648 - INFO - Row 51 - Already matched, skipping
2025-12-23 13:20:19,691 - INFO - Row 52 - Ext. Ref. Nbr.: 0
2025-12-23 13:20:19,713 - INFO - Row 52 - Already matched, skipping
2025-12-23 13:20:19,753 - INFO - Row 53 - Ext. Ref. Nbr.: H0124395
2025-12-23 13:20:19,771 - INFO - Row 53 - Already matched, skipping
2025-12-23 13:20:19,812 - INFO - Row 54 - Ext. Ref. Nbr.: 0
2025-12-23 13:20:19,832 - INFO - Row 54 - Already matched, skipping
2025-12-23 13:20:19,870 - INFO - Row 55 - Ext. Ref. Nbr.: H0124396
2025-12-23 13:20:19,891 - INFO - Row 55 - Already matched, skipping
2025-12-23 13:20:19,933 - INFO - Row 56 - Ext. Ref. Nbr.: 0
2025-12-23 13:20:19,950 - INFO - Row 56 - Already matched, skipping
2025-12-23 13:20:19,985 - INFO - Row 57 - Ext. Ref. Nbr.: H0124401
2025-12-23 13:20:20,001 - INFO - Row 57 - Already matched, skipping
2025-12-23 13:20:20,031 - INFO - Row 58 - Ext. Ref. Nbr.: 0
2025-12-23 13:20:20,046 - INFO - Row 58 - Already matched, skipping
2025-12-23 13:20:20,083 - INFO - Row 59 - Ext. Ref. Nbr.: H0124404
2025-12-23 13:20:20,105 - INFO - Row 59 - Already matched, skipping
2025-12-23 13:20:20,142 - INFO - Row 60 - Ext. Ref. Nbr.: 0
2025-12-23 13:20:20,159 - INFO - Row 60 - Already matched, skipping
2025-12-23 13:20:20,193 - INFO - Row 61 - Ext. Ref. Nbr.: H0124414
2025-12-23 13:20:20,211 - INFO - Row 61 - Already matched, skipping
2025-12-23 13:20:20,242 - INFO - Row 62 - Ext. Ref. Nbr.: 0
2025-12-23 13:20:20,256 - INFO - Row 62 - Already matched, skipping
2025-12-23 13:20:20,300 - INFO - Row 63 - Ext. Ref. Nbr.: H0124416
2025-12-23 13:20:20,323 - INFO - Row 63 - Already matched, skipping
2025-12-23 13:20:20,368 - INFO - Row 64 - Ext. Ref. Nbr.: 0
2025-12-23 13:20:20,388 - INFO - Row 64 - Already matched, skipping
2025-12-23 13:20:20,424 - INFO - Row 65 - Ext. Ref. Nbr.: H0124417
2025-12-23 13:20:20,445 - INFO - Row 65 - Already matched, skipping
2025-12-23 13:20:20,487 - INFO - Row 66 - Ext. Ref. Nbr.: 0
2025-12-23 13:20:20,508 - INFO - Row 66 - Already matched, skipping
2025-12-23 13:20:20,541 - INFO - Row 67 - Ext. Ref. Nbr.: H0124420
2025-12-23 13:20:20,561 - INFO - Row 67 - Already matched, skipping
2025-12-23 13:20:20,592 - INFO - Row 68 - Ext. Ref. Nbr.: 0
2025-12-23 13:20:20,610 - INFO - Row 68 - Already matched, skipping
2025-12-23 13:20:20,641 - INFO - Row 69 - Ext. Ref. Nbr.: H0124421
2025-12-23 13:20:20,661 - INFO - Row 69 - Already matched, skipping
2025-12-23 13:20:20,708 - INFO - Row 70 - Ext. Ref. Nbr.: 0
2025-12-23 13:20:20,733 - INFO - Row 70 - Already matched, skipping
2025-12-23 13:20:20,777 - INFO - Row 71 - Ext. Ref. Nbr.: H0124422
2025-12-23 13:20:20,801 - INFO - Row 71 - Already matched, skipping
2025-12-23 13:20:20,841 - INFO - Row 72 - Ext. Ref. Nbr.: 0
2025-12-23 13:20:20,859 - INFO - Row 72 - Already matched, skipping
2025-12-23 13:20:20,903 - INFO - Row 73 - Ext. Ref. Nbr.: L0105020
2025-12-23 13:20:20,923 - INFO - Row 73 - Already matched, skipping
2025-12-23 13:20:20,972 - INFO - Row 74 - Ext. Ref. Nbr.: 0
2025-12-23 13:20:20,995 - INFO - Row 74 - Already matched, skipping
2025-12-23 13:20:21,031 - INFO - Row 75 - Ext. Ref. Nbr.: H0124429
2025-12-23 13:20:21,047 - INFO - Row 75 - Already matched, skipping
2025-12-23 13:20:21,077 - INFO - Row 76 - Ext. Ref. Nbr.: 0
2025-12-23 13:20:21,102 - INFO - Row 76 - Already matched, skipping
2025-12-23 13:20:21,147 - INFO - Row 77 - Ext. Ref. Nbr.: H0124432
2025-12-23 13:20:21,170 - INFO - Row 77 - Already matched, skipping
2025-12-23 13:20:21,214 - INFO - Row 78 - Ext. Ref. Nbr.: 0
2025-12-23 13:20:21,234 - INFO - Row 78 - Already matched, skipping
2025-12-23 13:20:21,274 - INFO - Row 79 - Ext. Ref. Nbr.: H0124433
2025-12-23 13:20:21,298 - INFO - Row 79 - Already matched, skipping
2025-12-23 13:20:21,347 - INFO - Row 80 - Ext. Ref. Nbr.: 0
2025-12-23 13:20:21,370 - INFO - Row 80 - Already matched, skipping
2025-12-23 13:20:21,414 - INFO - Row 81 - Ext. Ref. Nbr.: H0124435
2025-12-23 13:20:21,438 - INFO - Row 81 - Already matched, skipping
2025-12-23 13:20:21,479 - INFO - Row 82 - Ext. Ref. Nbr.: L0105022
2025-12-23 13:20:21,502 - INFO - Row 82 - Already matched, skipping
2025-12-23 13:20:21,547 - INFO - Row 83 - Ext. Ref. Nbr.: 0
2025-12-23 13:20:21,564 - INFO - Row 83 - Already matched, skipping
2025-12-23 13:20:21,604 - INFO - Row 84 - Ext. Ref. Nbr.: 0
2025-12-23 13:20:21,624 - INFO - Row 84 - Already matched, skipping
2025-12-23 13:20:21,660 - INFO - Row 85 - Ext. Ref. Nbr.: H0124438
2025-12-23 13:20:21,681 - INFO - Row 85 - Already matched, skipping
2025-12-23 13:20:21,725 - INFO - Row 86 - Ext. Ref. Nbr.: 0
2025-12-23 13:20:21,751 - INFO - Row 86 - Already matched, skipping
2025-12-23 13:20:21,792 - INFO - Row 87 - Ext. Ref. Nbr.: H0124439
2025-12-23 13:20:21,811 - INFO - Row 87 - Already matched, skipping
2025-12-23 13:20:21,845 - INFO - Row 88 - Ext. Ref. Nbr.: 0
2025-12-23 13:20:21,865 - INFO - Row 88 - Already matched, skipping
2025-12-23 13:20:21,899 - INFO - Row 89 - Ext. Ref. Nbr.: H0124440
2025-12-23 13:20:21,918 - INFO - Row 89 - Already matched, skipping
2025-12-23 13:20:21,954 - INFO - Row 90 - Ext. Ref. Nbr.: 0
2025-12-23 13:20:21,973 - INFO - Row 90 - Already matched, skipping
2025-12-23 13:20:22,011 - INFO - Row 91 - Ext. Ref. Nbr.: H0124441
2025-12-23 13:20:22,029 - INFO - Row 91 - Already matched, skipping
2025-12-23 13:20:22,066 - INFO - Row 92 - Ext. Ref. Nbr.: 0
2025-12-23 13:20:22,086 - INFO - Row 92 - Already matched, skipping
2025-12-23 13:20:22,122 - INFO - Row 93 - Ext. Ref. Nbr.: H0124442
2025-12-23 13:20:22,138 - INFO - Row 93 - Already matched, skipping
2025-12-23 13:20:22,177 - INFO - Row 94 - Ext. Ref. Nbr.: 0
2025-12-23 13:20:22,195 - INFO - Row 94 - Already matched, skipping
2025-12-23 13:20:22,229 - INFO - Row 95 - Ext. Ref. Nbr.: L0105026
2025-12-23 13:20:22,245 - INFO - Row 95 - Already matched, skipping
2025-12-23 13:20:22,287 - INFO - Row 96 - Ext. Ref. Nbr.: 0
2025-12-23 13:20:22,306 - INFO - Row 96 - Already matched, skipping
2025-12-23 13:20:22,343 - INFO - Row 97 - Ext. Ref. Nbr.: H0124445
2025-12-23 13:20:22,364 - INFO - Row 97 - Already matched, skipping
2025-12-23 13:20:22,406 - INFO - Row 98 - Ext. Ref. Nbr.: 0
2025-12-23 13:20:22,429 - INFO - Row 98 - Already matched, skipping
2025-12-23 13:20:22,464 - INFO - Row 99 - Ext. Ref. Nbr.: L0105027
2025-12-23 13:20:22,483 - INFO - Row 99 - Already matched, skipping
2025-12-23 13:20:22,524 - INFO - Row 100 - Ext. Ref. Nbr.: 0
2025-12-23 13:20:22,544 - INFO - Row 100 - Already matched, skipping
2025-12-23 13:20:22,584 - INFO - Row 101 - Ext. Ref. Nbr.: H0124447
2025-12-23 13:20:22,598 - INFO - Row 101 - Already matched, skipping
2025-12-23 13:20:22,636 - INFO - Row 102 - Ext. Ref. Nbr.: 0
2025-12-23 13:20:22,654 - INFO - Row 102 - Already matched, skipping
2025-12-23 13:20:22,685 - INFO - Row 103 - Ext. Ref. Nbr.: H0124446
2025-12-23 13:20:22,704 - INFO - Row 103 - Already matched, skipping
2025-12-23 13:20:22,742 - INFO - Row 104 - Ext. Ref. Nbr.: 0
2025-12-23 13:20:22,764 - INFO - Row 104 - Already matched, skipping
2025-12-23 13:20:22,799 - INFO - Row 105 - Ext. Ref. Nbr.: H0124451
2025-12-23 13:20:22,822 - INFO - Row 105 - Already matched, skipping
2025-12-23 13:20:22,858 - INFO - Row 106 - Ext. Ref. Nbr.: 0
2025-12-23 13:20:22,876 - INFO - Row 106 - Already matched, skipping
2025-12-23 13:20:22,916 - INFO - Row 107 - Ext. Ref. Nbr.: L0105029
2025-12-23 13:20:22,937 - INFO - Row 107 - Already matched, skipping
2025-12-23 13:20:22,981 - INFO - Row 108 - Ext. Ref. Nbr.: 0
2025-12-23 13:20:23,006 - INFO - Row 108 - Already matched, skipping
2025-12-23 13:20:23,054 - INFO - Row 109 - Ext. Ref. Nbr.: L0105030
2025-12-23 13:20:23,074 - INFO - Row 109 - Already matched, skipping
2025-12-23 13:20:23,111 - INFO - Row 110 - Ext. Ref. Nbr.: 0
2025-12-23 13:20:23,129 - INFO - Row 110 - Already matched, skipping
2025-12-23 13:20:23,165 - INFO - Row 111 - Ext. Ref. Nbr.: H0124453
2025-12-23 13:20:23,187 - INFO - Row 111 - Already matched, skipping
2025-12-23 13:20:23,228 - INFO - Row 112 - Ext. Ref. Nbr.: 0
2025-12-23 13:20:23,248 - INFO - Row 112 - Already matched, skipping
2025-12-23 13:20:23,284 - INFO - Row 113 - Ext. Ref. Nbr.: H0124456
2025-12-23 13:20:23,306 - INFO - Row 113 - Already matched, skipping
2025-12-23 13:20:23,345 - INFO - Row 114 - Ext. Ref. Nbr.: 0
2025-12-23 13:20:23,368 - INFO - Row 114 - Already matched, skipping
2025-12-23 13:20:23,413 - INFO - Row 115 - Ext. Ref. Nbr.: L0105031
2025-12-23 13:20:23,436 - INFO - Row 115 - Already matched, skipping
2025-12-23 13:20:23,477 - INFO - Row 116 - Ext. Ref. Nbr.: 0
2025-12-23 13:20:23,504 - INFO - Row 116 - Already matched, skipping
2025-12-23 13:20:23,564 - INFO - Row 117 - Ext. Ref. Nbr.: H0124458
2025-12-23 13:20:23,591 - INFO - Row 117 - Already matched, skipping
2025-12-23 13:20:23,628 - INFO - Row 118 - Ext. Ref. Nbr.: 0
2025-12-23 13:20:23,648 - INFO - Row 118 - Already matched, skipping
2025-12-23 13:20:23,681 - INFO - Row 119 - Ext. Ref. Nbr.: L0105032
2025-12-23 13:20:23,707 - INFO - Row 119 - Already matched, skipping
2025-12-23 13:20:23,768 - INFO - Row 120 - Ext. Ref. Nbr.: 0
2025-12-23 13:20:23,805 - INFO - Row 120 - Already matched, skipping
2025-12-23 13:20:23,866 - INFO - Row 121 - Ext. Ref. Nbr.: H0124462
2025-12-23 13:20:23,897 - INFO - Row 121 - Already matched, skipping
2025-12-23 13:20:23,958 - INFO - Row 122 - Ext. Ref. Nbr.: H0124463
2025-12-23 13:20:23,987 - INFO - Row 122 - Already matched, skipping
2025-12-23 13:20:24,060 - INFO - Row 123 - Ext. Ref. Nbr.: 0
2025-12-23 13:20:24,094 - INFO - Row 123 - Already matched, skipping
2025-12-23 13:20:24,154 - INFO - Row 124 - Ext. Ref. Nbr.: 0
2025-12-23 13:20:24,180 - INFO - Row 124 - Already matched, skipping
2025-12-23 13:20:24,251 - INFO - Row 125 - Ext. Ref. Nbr.: H0124464
2025-12-23 13:20:24,286 - INFO - Row 125 - Already matched, skipping
2025-12-23 13:20:24,347 - INFO - Row 126 - Ext. Ref. Nbr.: 0
2025-12-23 13:20:24,382 - INFO - Row 126 - Already matched, skipping
2025-12-23 13:20:24,472 - INFO - Row 127 - Ext. Ref. Nbr.: H0124466
2025-12-23 13:20:24,508 - INFO - Row 127 - Already matched, skipping
2025-12-23 13:20:24,578 - INFO - Row 128 - Ext. Ref. Nbr.: 0
2025-12-23 13:20:24,612 - INFO - Row 128 - Already matched, skipping
2025-12-23 13:20:24,665 - INFO - Row 129 - Ext. Ref. Nbr.: H0124471
2025-12-23 13:20:24,690 - INFO - Row 129 - Already matched, skipping
2025-12-23 13:20:24,735 - INFO - Row 130 - Ext. Ref. Nbr.: 0
2025-12-23 13:20:24,758 - INFO - Row 130 - Already matched, skipping
2025-12-23 13:20:24,807 - INFO - Row 131 - Ext. Ref. Nbr.: H0124470
2025-12-23 13:20:24,832 - INFO - Row 131 - Already matched, skipping
2025-12-23 13:20:24,878 - INFO - Row 132 - Ext. Ref. Nbr.: H0124467
2025-12-23 13:20:24,897 - INFO - Row 132 - Already matched, skipping
2025-12-23 13:20:24,935 - INFO - Row 133 - Ext. Ref. Nbr.: 0
2025-12-23 13:20:24,957 - INFO - Row 133 - Already matched, skipping
2025-12-23 13:20:25,014 - INFO - Row 134 - Ext. Ref. Nbr.: 0
2025-12-23 13:20:25,038 - INFO - Row 134 - Already matched, skipping
2025-12-23 13:20:25,083 - INFO - Row 135 - Ext. Ref. Nbr.: L0105041
2025-12-23 13:20:25,105 - INFO - Row 135 - Already matched, skipping
2025-12-23 13:20:25,153 - INFO - Row 136 - Ext. Ref. Nbr.: 0
2025-12-23 13:20:25,182 - INFO - Row 136 - Already matched, skipping
2025-12-23 13:20:25,226 - INFO - Row 137 - Ext. Ref. Nbr.: H0124472
2025-12-23 13:20:25,248 - INFO - Row 137 - Already matched, skipping
2025-12-23 13:20:25,308 - INFO - Row 138 - Ext. Ref. Nbr.: 0
2025-12-23 13:20:25,338 - INFO - Row 138 - Already matched, skipping
2025-12-23 13:20:25,386 - INFO - Row 139 - Ext. Ref. Nbr.: H0124474
2025-12-23 13:20:25,413 - INFO - Row 139 - Already matched, skipping
2025-12-23 13:20:25,464 - INFO - Row 140 - Ext. Ref. Nbr.: 0
2025-12-23 13:20:25,485 - INFO - Row 140 - Already matched, skipping
2025-12-23 13:20:25,532 - INFO - Row 141 - Ext. Ref. Nbr.: H0124475
2025-12-23 13:20:25,555 - INFO - Row 141 - Already matched, skipping
2025-12-23 13:20:25,608 - INFO - Row 142 - Ext. Ref. Nbr.: 0
2025-12-23 13:20:25,631 - INFO - Row 142 - Already matched, skipping
2025-12-23 13:20:25,680 - INFO - Row 143 - Ext. Ref. Nbr.: L0105042
2025-12-23 13:20:25,707 - INFO - Row 143 - Already matched, skipping
2025-12-23 13:20:25,756 - INFO - Row 144 - Ext. Ref. Nbr.: 0
2025-12-23 13:20:25,777 - INFO - Row 144 - Already matched, skipping
2025-12-23 13:20:25,828 - INFO - Row 145 - Ext. Ref. Nbr.: L0105043
2025-12-23 13:20:25,848 - INFO - Row 145 - Already matched, skipping
2025-12-23 13:20:25,897 - INFO - Row 146 - Ext. Ref. Nbr.: 0
2025-12-23 13:20:25,916 - INFO - Row 146 - Already matched, skipping
2025-12-23 13:20:25,959 - INFO - Row 147 - Ext. Ref. Nbr.: H0124478
2025-12-23 13:20:25,982 - INFO - Row 147 - Already matched, skipping
2025-12-23 13:20:26,026 - INFO - Row 148 - Ext. Ref. Nbr.: 0
2025-12-23 13:20:26,049 - INFO - Row 148 - Already matched, skipping
2025-12-23 13:20:26,097 - INFO - Row 149 - Ext. Ref. Nbr.: H0124479
2025-12-23 13:20:26,116 - INFO - Row 149 - Already matched, skipping
2025-12-23 13:20:26,158 - INFO - Row 150 - Ext. Ref. Nbr.: 0
2025-12-23 13:20:26,188 - INFO - Row 150 - Already matched, skipping
2025-12-23 13:20:26,236 - INFO - Row 151 - Ext. Ref. Nbr.: L0105045
2025-12-23 13:20:26,260 - INFO - Row 151 - Already matched, skipping
2025-12-23 13:20:26,298 - INFO - Row 152 - Ext. Ref. Nbr.: 0
2025-12-23 13:20:26,318 - INFO - Row 152 - Already matched, skipping
2025-12-23 13:20:26,360 - INFO - Row 153 - Ext. Ref. Nbr.: 0009765H
2025-12-23 13:20:26,381 - INFO - Row 153 - Already matched, skipping
2025-12-23 13:20:26,426 - INFO - Row 154 - Ext. Ref. Nbr.: 0
2025-12-23 13:20:26,446 - INFO - Row 154 - Already matched, skipping
2025-12-23 13:20:26,483 - INFO - Row 155 - Ext. Ref. Nbr.: H0124481
2025-12-23 13:20:26,505 - INFO - Row 155 - Already matched, skipping
2025-12-23 13:20:26,545 - INFO - Row 156 - Ext. Ref. Nbr.: 0
2025-12-23 13:20:26,560 - INFO - Row 156 - Already matched, skipping
2025-12-23 13:20:26,606 - INFO - Row 157 - Ext. Ref. Nbr.: L0105047
2025-12-23 13:20:26,628 - INFO - Row 157 - Already matched, skipping
2025-12-23 13:20:26,670 - INFO - Row 158 - Ext. Ref. Nbr.: 0
2025-12-23 13:20:26,688 - INFO - Row 158 - Already matched, skipping
2025-12-23 13:20:26,729 - INFO - Row 159 - Ext. Ref. Nbr.: L0105049
2025-12-23 13:20:26,749 - INFO - Row 159 - Already matched, skipping
2025-12-23 13:20:26,790 - INFO - Row 160 - Ext. Ref. Nbr.: 0
2025-12-23 13:20:26,808 - INFO - Row 160 - Already matched, skipping
2025-12-23 13:20:26,844 - INFO - Row 161 - Ext. Ref. Nbr.: H0124482
2025-12-23 13:20:26,860 - INFO - Row 161 - Already matched, skipping
2025-12-23 13:20:26,894 - INFO - Row 162 - Ext. Ref. Nbr.: 0
2025-12-23 13:20:26,912 - INFO - Row 162 - Already matched, skipping
2025-12-23 13:20:26,950 - INFO - Row 163 - Ext. Ref. Nbr.: 0009767H
2025-12-23 13:20:26,971 - INFO - Row 163 - Already matched, skipping
2025-12-23 13:20:27,014 - INFO - Row 164 - Ext. Ref. Nbr.: 0
2025-12-23 13:20:27,033 - INFO - Row 164 - Already matched, skipping
2025-12-23 13:20:27,074 - INFO - Row 165 - Ext. Ref. Nbr.: L0105050
2025-12-23 13:20:27,092 - INFO - Row 165 - Already matched, skipping
2025-12-23 13:20:27,136 - INFO - Row 166 - Ext. Ref. Nbr.: 0
2025-12-23 13:20:27,162 - INFO - Row 166 - Already matched, skipping
2025-12-23 13:20:27,210 - INFO - Row 167 - Ext. Ref. Nbr.: H0124484
2025-12-23 13:20:27,245 - INFO - Row 167 - Already matched, skipping
2025-12-23 13:20:27,294 - INFO - Row 168 - Ext. Ref. Nbr.: 0
2025-12-23 13:20:27,313 - INFO - Row 168 - Already matched, skipping
2025-12-23 13:20:27,354 - INFO - Row 169 - Ext. Ref. Nbr.: L0105051
2025-12-23 13:20:27,376 - INFO - Row 169 - Already matched, skipping
2025-12-23 13:20:27,423 - INFO - Row 170 - Ext. Ref. Nbr.: L0105052
2025-12-23 13:20:27,439 - INFO - Row 170 - Already matched, skipping
2025-12-23 13:20:27,475 - INFO - Row 171 - Ext. Ref. Nbr.: 0
2025-12-23 13:20:27,496 - INFO - Row 171 - Already matched, skipping
2025-12-23 13:20:27,542 - INFO - Row 172 - Ext. Ref. Nbr.: 0
2025-12-23 13:20:27,563 - INFO - Row 172 - Already matched, skipping
2025-12-23 13:20:27,601 - INFO - Row 173 - Ext. Ref. Nbr.: H0124490
2025-12-23 13:20:27,618 - INFO - Row 173 - Already matched, skipping
2025-12-23 13:20:27,663 - INFO - Row 174 - Ext. Ref. Nbr.: 0
2025-12-23 13:20:27,685 - INFO - Row 174 - Already matched, skipping
2025-12-23 13:20:27,726 - INFO - Row 175 - Ext. Ref. Nbr.: L0105053
2025-12-23 13:20:27,744 - INFO - Row 175 - Already matched, skipping
2025-12-23 13:20:27,786 - INFO - Row 176 - Ext. Ref. Nbr.: 0
2025-12-23 13:20:27,807 - INFO - Row 176 - Already matched, skipping
2025-12-23 13:20:27,844 - INFO - Row 177 - Ext. Ref. Nbr.: H0124492
2025-12-23 13:20:27,860 - INFO - Row 177 - Already matched, skipping
2025-12-23 13:20:27,894 - INFO - Row 178 - Ext. Ref. Nbr.: 0
2025-12-23 13:20:27,911 - INFO - Row 178 - Already matched, skipping
2025-12-23 13:20:27,947 - INFO - Row 179 - Ext. Ref. Nbr.: H0124493
2025-12-23 13:20:27,965 - INFO - Row 179 - Already matched, skipping
2025-12-23 13:20:28,002 - INFO - Row 180 - Ext. Ref. Nbr.: 0
2025-12-23 13:20:28,024 - INFO - Row 180 - Already matched, skipping
2025-12-23 13:20:28,060 - INFO - Row 181 - Ext. Ref. Nbr.: L0105055
2025-12-23 13:20:28,081 - INFO - Row 181 - Already matched, skipping
2025-12-23 13:20:28,113 - INFO - Row 182 - Ext. Ref. Nbr.: 0
2025-12-23 13:20:28,130 - INFO - Row 182 - Already matched, skipping
2025-12-23 13:20:28,164 - INFO - Row 183 - Ext. Ref. Nbr.: H0124495
2025-12-23 13:20:28,180 - INFO - Row 183 - Already matched, skipping
2025-12-23 13:20:28,220 - INFO - Row 184 - Ext. Ref. Nbr.: 0
2025-12-23 13:20:28,254 - INFO - Row 184 - Already matched, skipping
2025-12-23 13:20:28,333 - INFO - Row 185 - Ext. Ref. Nbr.: H0124497
2025-12-23 13:20:28,365 - INFO - Row 185 - Already matched, skipping
2025-12-23 13:20:28,426 - INFO - Row 186 - Ext. Ref. Nbr.: 0
2025-12-23 13:20:28,463 - INFO - Row 186 - Already matched, skipping
2025-12-23 13:20:28,520 - INFO - Row 187 - Ext. Ref. Nbr.: H0124502
2025-12-23 13:20:28,551 - INFO - Row 187 - Already matched, skipping
2025-12-23 13:20:28,617 - INFO - Row 188 - Ext. Ref. Nbr.: 0
2025-12-23 13:20:28,656 - INFO - Row 188 - Already matched, skipping
2025-12-23 13:20:28,725 - INFO - Row 189 - Ext. Ref. Nbr.: H0124504
2025-12-23 13:20:28,757 - INFO - Row 189 - Already matched, skipping
2025-12-23 13:20:28,824 - INFO - Row 190 - Ext. Ref. Nbr.: 0
2025-12-23 13:20:28,859 - INFO - Row 190 - Already matched, skipping
2025-12-23 13:20:28,920 - INFO - Row 191 - Ext. Ref. Nbr.: H0124509
2025-12-23 13:20:28,946 - INFO - Row 191 - Already matched, skipping
2025-12-23 13:20:29,005 - INFO - Row 192 - Ext. Ref. Nbr.: 0
2025-12-23 13:20:29,030 - INFO - Row 192 - Already matched, skipping
2025-12-23 13:20:29,109 - INFO - Row 193 - Ext. Ref. Nbr.: L0105057
2025-12-23 13:20:29,147 - INFO - Row 193 - Already matched, skipping
2025-12-23 13:20:29,214 - INFO - Row 194 - Ext. Ref. Nbr.: 0
2025-12-23 13:20:29,242 - INFO - Row 194 - Already matched, skipping
2025-12-23 13:20:29,307 - INFO - Row 195 - Ext. Ref. Nbr.: H0124511
2025-12-23 13:20:29,346 - INFO - Row 195 - Already matched, skipping
2025-12-23 13:20:29,403 - INFO - Row 196 - Ext. Ref. Nbr.: H0124512
2025-12-23 13:20:29,434 - INFO - Row 196 - Already matched, skipping
2025-12-23 13:20:29,498 - INFO - Row 197 - Ext. Ref. Nbr.: 0
2025-12-23 13:20:29,530 - INFO - Row 197 - Already matched, skipping
2025-12-23 13:20:29,587 - INFO - Row 198 - Ext. Ref. Nbr.: 0
2025-12-23 13:20:29,622 - INFO - Row 198 - Already matched, skipping
2025-12-23 13:20:29,673 - INFO - Row 199 - Ext. Ref. Nbr.: 0
2025-12-23 13:20:29,698 - INFO - Row 199 - Already matched, skipping
2025-12-23 13:20:29,818 - ERROR - Error during pagination on page 1: Locator.is_visible: Error: strict mode violation: locator("li:nth-child(4) > .toolsBtn > .toolBtnNormal .main-icon-img.main-PageNext") resolved to 2 elements:
    1) <div class="main-icon-img main-PageNext">↵↵⇆⇆⇆⇆⇆⇆⇆⇆⇆⇆⇆</div> aka locator(".main-icon-img.main-PageNext").first
    2) <div class="main-icon-img main-PageNext">↵↵⇆⇆⇆⇆⇆⇆⇆⇆⇆⇆⇆⇆⇆⇆</div> aka locator("#ctl00_phG_PXSplitContainer_tab2_t0_PXGrid1_ab_tlb_ul > li:nth-child(4) > .toolsBtn > .toolBtnNormal > .sprite-icon > .main-icon-img")

Call log:
    - checking visibility of locator("li:nth-child(4) > .toolsBtn > .toolBtnNormal .main-icon-img.main-PageNext")

2025-12-23 13:20:29,819 - INFO - Pagination complete - processed 200 total rows across 1 pages
2025-12-23 13:20:29,820 - INFO - Manual matching complete - 200 rows processed
2025-12-23 13:20:29,821 - INFO - Processing manually matched items...
2025-12-23 13:20:30,172 - INFO - Clicked Process button (after manual matching) successfully
2025-12-23 13:20:35,672 - INFO - Clicked Back to list button successfully
2025-12-23 13:20:38,679 - INFO - Downloading results...
2025-12-23 13:20:38,795 - INFO - Clicked account link 'MBB02' successfully
2025-12-23 13:20:45,027 - INFO - Clicked Export dropdown successfully
2025-12-23 13:20:45,294 - INFO - Clicked Export to Excel button successfully
2025-12-23 13:21:15,068 - ERROR - FATAL ERROR: Timeout 30000ms exceeded while waiting for event "download"
=========================== logs ===========================
waiting for event "download"
============================================================
2025-12-23 13:21:15,273 - INFO - Browser cleanup completed
2025-12-23 13:21:15,286 - ERROR - ❌ CA Match failed: Timeout 30000ms exceeded while waiting for event "download"
=========================== logs ===========================
waiting for event "download"
============================================================
Traceback (most recent call last):
  File "d:\Github\PlayWright-Extractor\playwright_scripts\run_playwright.py", line 142, in run_ca_match
    records = process_bank_transactions(
        playwright=playwright,
    ...<9 lines>...
        headless=self.headless
    )
  File "d:\Github\PlayWright-Extractor\playwright_scripts\CA_Match_Process_Optimized.py", line 643, in process_bank_transactions
    return processor.run()
           ~~~~~~~~~~~~~^^
  File "d:\Github\PlayWright-Extractor\playwright_scripts\CA_Match_Process_Optimized.py", line 540, in run
    save_path = self.download_results()
  File "d:\Github\PlayWright-Extractor\playwright_scripts\CA_Match_Process_Optimized.py", line 457, in download_results
    with self.page.expect_download() as download_info:
         ~~~~~~~~~~~~~~~~~~~~~~~~~^^
  File "D:\Github\PlayWright-Extractor\venv\Lib\site-packages\playwright\_impl\_sync_base.py", line 85, in __exit__
    self._event.value
  File "D:\Github\PlayWright-Extractor\venv\Lib\site-packages\playwright\_impl\_sync_base.py", line 59, in value
    raise exception
playwright._impl._errors.TimeoutError: Timeout 30000ms exceeded while waiting for event "download"
=========================== logs ===========================
waiting for event "download"
============================================================
2025-12-23 13:21:15,288 - ERROR - 
======================================================================
2025-12-23 13:21:15,288 - ERROR - ❌ AUTOMATION WORKFLOW FAILED
2025-12-23 13:21:15,288 - ERROR - ======================================================================
2025-12-23 13:21:15,288 - ERROR - Error: Timeout 30000ms exceeded while waiting for event "download"
=========================== logs ===========================
waiting for event "download"
============================================================
2025-12-23 13:21:15,289 - ERROR - ======================================================================
2025-12-23 13:21:30,099 - INFO - ======================================================================
2025-12-23 13:21:30,099 - INFO - PLAYWRIGHT AUTOMATION RUNNER
2025-12-23 13:21:30,099 - INFO - ======================================================================
2025-12-23 13:21:30,099 - INFO - Account: MBB02
2025-12-23 13:21:30,099 - INFO - Date: 23/11/2025
2025-12-23 13:21:30,099 - INFO - Amount: 100.0
2025-12-23 13:21:30,100 - INFO - Headless Mode: True
2025-12-23 13:21:30,100 - INFO - Downloads Dir: d:\Github\PlayWright-Extractor\Downloads
2025-12-23 13:21:30,100 - INFO - ======================================================================
2025-12-23 13:21:30,100 - INFO - 
🚀 Starting complete automation workflow...

2025-12-23 13:21:30,100 - INFO - 
======================================================================
2025-12-23 13:21:30,100 - INFO - STEP 1: CA MATCH PROCESS
2025-12-23 13:21:30,100 - INFO - ======================================================================
2025-12-23 13:21:30,514 - INFO - Starting CA Match process...
2025-12-23 13:21:30,515 - INFO - ============================================================
2025-12-23 13:21:30,515 - INFO - CA MATCH PROCESS - OPTIMIZED VERSION
2025-12-23 13:21:30,516 - INFO - ============================================================
2025-12-23 13:21:30,516 - INFO - Initializing browser...
2025-12-23 13:21:30,934 - INFO - Browser initialized successfully
2025-12-23 13:21:30,934 - INFO - Logging in...
2025-12-23 13:21:32,922 - INFO - Navigating to Process Bank Records...
2025-12-23 13:21:42,556 - INFO - Starting auto-match process...
2025-12-23 13:21:42,621 - INFO - Clicked account link 'MBB02' successfully
2025-12-23 13:21:48,095 - INFO - Clicked Auto-Match button successfully
2025-12-23 13:21:50,113 - INFO - Waiting for auto-match confirmation...
2025-12-23 13:22:06,129 - WARNING - No 'Executing' message detected
2025-12-23 13:25:06,139 - WARNING - No completion message found - continuing anyway
2025-12-23 13:25:06,140 - INFO - Processing auto-matched items...
2025-12-23 13:25:06,221 - INFO - Clicked Process button successfully
2025-12-23 13:25:11,299 - INFO - Clicked Back button successfully
2025-12-23 13:25:14,315 - INFO - Starting manual matching process...
2025-12-23 13:25:14,378 - INFO - Clicked account link 'MBB02' successfully
2025-12-23 13:25:19,387 - INFO - Processing page 1...
2025-12-23 13:25:19,426 - INFO - Found 201 rows on page 1
2025-12-23 13:25:19,462 - INFO - Row 0 - Ext. Ref. Nbr.: 0
2025-12-23 13:25:19,474 - INFO - Row 0 - Already matched, skipping
2025-12-23 13:25:19,495 - INFO - Row 1 - Ext. Ref. Nbr.: H0124355
2025-12-23 13:25:19,506 - INFO - Row 1 - Already matched, skipping
2025-12-23 13:25:19,527 - INFO - Row 2 - Ext. Ref. Nbr.: 0
2025-12-23 13:25:19,541 - INFO - Row 2 - Already matched, skipping
2025-12-23 13:25:19,563 - INFO - Row 3 - Ext. Ref. Nbr.: H0124356
2025-12-23 13:25:19,574 - INFO - Row 3 - Already matched, skipping
2025-12-23 13:25:19,595 - INFO - Row 4 - Ext. Ref. Nbr.: 0
2025-12-23 13:25:19,605 - INFO - Row 4 - Already matched, skipping
2025-12-23 13:25:19,627 - INFO - Row 5 - Ext. Ref. Nbr.: H0124359
2025-12-23 13:25:19,638 - INFO - Row 5 - Already matched, skipping
2025-12-23 13:25:19,661 - INFO - Row 6 - Ext. Ref. Nbr.: 0
2025-12-23 13:25:19,672 - INFO - Row 6 - Already matched, skipping
2025-12-23 13:25:19,693 - INFO - Row 7 - Ext. Ref. Nbr.: H0124363
2025-12-23 13:25:19,704 - INFO - Row 7 - Already matched, skipping
2025-12-23 13:25:19,726 - INFO - Row 8 - Ext. Ref. Nbr.: 0
2025-12-23 13:25:19,738 - INFO - Row 8 - Already matched, skipping
2025-12-23 13:25:19,766 - INFO - Row 9 - Ext. Ref. Nbr.: L0105012
2025-12-23 13:25:19,777 - INFO - Row 9 - Already matched, skipping
2025-12-23 13:25:19,798 - INFO - Row 10 - Ext. Ref. Nbr.: 0
2025-12-23 13:25:19,810 - INFO - Row 10 - Already matched, skipping
2025-12-23 13:25:19,830 - INFO - Row 11 - Ext. Ref. Nbr.: H0124364
2025-12-23 13:25:19,841 - INFO - Row 11 - Already matched, skipping
2025-12-23 13:25:19,862 - INFO - Row 12 - Ext. Ref. Nbr.: 0
2025-12-23 13:25:19,877 - INFO - Row 12 - Already matched, skipping
2025-12-23 13:25:19,911 - INFO - Row 13 - Ext. Ref. Nbr.: L0105013
2025-12-23 13:25:19,926 - INFO - Row 13 - Already matched, skipping
2025-12-23 13:25:19,948 - INFO - Row 14 - Ext. Ref. Nbr.: 0
2025-12-23 13:25:19,959 - INFO - Row 14 - Already matched, skipping
2025-12-23 13:25:19,981 - INFO - Row 15 - Ext. Ref. Nbr.: H0124365
2025-12-23 13:25:19,993 - INFO - Row 15 - Already matched, skipping
2025-12-23 13:25:20,015 - INFO - Row 16 - Ext. Ref. Nbr.: 0
2025-12-23 13:25:20,029 - INFO - Row 16 - Already matched, skipping
2025-12-23 13:25:20,058 - INFO - Row 17 - Ext. Ref. Nbr.: H0124367
2025-12-23 13:25:20,070 - INFO - Row 17 - Already matched, skipping
2025-12-23 13:25:20,091 - INFO - Row 18 - Ext. Ref. Nbr.: H0124368
2025-12-23 13:25:20,100 - INFO - Row 18 - Already matched, skipping
2025-12-23 13:25:20,125 - INFO - Row 19 - Ext. Ref. Nbr.: 0
2025-12-23 13:25:20,136 - INFO - Row 19 - Already matched, skipping
2025-12-23 13:25:20,157 - INFO - Row 20 - Ext. Ref. Nbr.: 0
2025-12-23 13:25:20,175 - INFO - Row 20 - Already matched, skipping
2025-12-23 13:25:20,224 - INFO - Row 21 - Ext. Ref. Nbr.: H0124369
2025-12-23 13:25:20,241 - INFO - Row 21 - Already matched, skipping
2025-12-23 13:25:20,273 - INFO - Row 22 - Ext. Ref. Nbr.: 0
2025-12-23 13:25:20,286 - INFO - Row 22 - Already matched, skipping
2025-12-23 13:25:20,308 - INFO - Row 23 - Ext. Ref. Nbr.: H0124370
2025-12-23 13:25:20,318 - INFO - Row 23 - Already matched, skipping
2025-12-23 13:25:20,342 - INFO - Row 24 - Ext. Ref. Nbr.: 2025063035DBKKA
2025-12-23 13:25:20,354 - INFO - Row 24 - Already matched, skipping
2025-12-23 13:25:20,376 - INFO - Row 25 - Ext. Ref. Nbr.: 2025063036DBKKA
2025-12-23 13:25:20,387 - INFO - Row 25 - Already matched, skipping
2025-12-23 13:25:20,409 - INFO - Row 26 - Ext. Ref. Nbr.: 2025063019DBKKA
2025-12-23 13:25:20,422 - INFO - Row 26 - Already matched, skipping
2025-12-23 13:25:20,445 - INFO - Row 27 - Ext. Ref. Nbr.: 0
2025-12-23 13:25:20,457 - INFO - Row 27 - Already matched, skipping
2025-12-23 13:25:20,481 - INFO - Row 28 - Ext. Ref. Nbr.: H0124371
2025-12-23 13:25:20,495 - INFO - Row 28 - Already matched, skipping
2025-12-23 13:25:20,525 - INFO - Row 29 - Ext. Ref. Nbr.: 0
2025-12-23 13:25:20,539 - INFO - Row 29 - Already matched, skipping
2025-12-23 13:25:20,567 - INFO - Row 30 - Ext. Ref. Nbr.: 0
2025-12-23 13:25:20,579 - INFO - Row 30 - Already matched, skipping
2025-12-23 13:25:20,606 - INFO - Row 31 - Ext. Ref. Nbr.: H0124375
2025-12-23 13:25:20,619 - INFO - Row 31 - Already matched, skipping
2025-12-23 13:25:20,646 - INFO - Row 32 - Ext. Ref. Nbr.: 0
2025-12-23 13:25:20,660 - INFO - Row 32 - Already matched, skipping
2025-12-23 13:25:20,687 - INFO - Row 33 - Ext. Ref. Nbr.: L0105016
2025-12-23 13:25:20,700 - INFO - Row 33 - Already matched, skipping
2025-12-23 13:25:20,727 - INFO - Row 34 - Ext. Ref. Nbr.: 0
2025-12-23 13:25:20,741 - INFO - Row 34 - Already matched, skipping
2025-12-23 13:25:20,769 - INFO - Row 35 - Ext. Ref. Nbr.: H0124380
2025-12-23 13:25:20,781 - INFO - Row 35 - Already matched, skipping
2025-12-23 13:25:20,807 - INFO - Row 36 - Ext. Ref. Nbr.: 0
2025-12-23 13:25:20,821 - INFO - Row 36 - Already matched, skipping
2025-12-23 13:25:20,848 - INFO - Row 37 - Ext. Ref. Nbr.: H0124381
2025-12-23 13:25:20,862 - INFO - Row 37 - Already matched, skipping
2025-12-23 13:25:20,887 - INFO - Row 38 - Ext. Ref. Nbr.: 0
2025-12-23 13:25:20,899 - INFO - Row 38 - Already matched, skipping
2025-12-23 13:25:20,923 - INFO - Row 39 - Ext. Ref. Nbr.: H0124382
2025-12-23 13:25:20,935 - INFO - Row 39 - Already matched, skipping
2025-12-23 13:25:20,957 - INFO - Row 40 - Ext. Ref. Nbr.: 0
2025-12-23 13:25:20,970 - INFO - Row 40 - Already matched, skipping
2025-12-23 13:25:20,995 - INFO - Row 41 - Ext. Ref. Nbr.: 0
2025-12-23 13:25:21,007 - INFO - Row 41 - Already matched, skipping
2025-12-23 13:25:21,029 - INFO - Row 42 - Ext. Ref. Nbr.: H0124384
2025-12-23 13:25:21,041 - INFO - Row 42 - Already matched, skipping
2025-12-23 13:25:21,070 - INFO - Row 43 - Ext. Ref. Nbr.: 0
2025-12-23 13:25:21,086 - INFO - Row 43 - Already matched, skipping
2025-12-23 13:25:21,112 - INFO - Row 44 - Ext. Ref. Nbr.: H0124387
2025-12-23 13:25:21,124 - INFO - Row 44 - Already matched, skipping
2025-12-23 13:25:21,148 - INFO - Row 45 - Ext. Ref. Nbr.: 0
2025-12-23 13:25:21,160 - INFO - Row 45 - Already matched, skipping
2025-12-23 13:25:21,180 - INFO - Row 46 - Ext. Ref. Nbr.: 0
2025-12-23 13:25:21,194 - INFO - Row 46 - Already matched, skipping
2025-12-23 13:25:21,218 - INFO - Row 47 - Ext. Ref. Nbr.: H0124386
2025-12-23 13:25:21,231 - INFO - Row 47 - Already matched, skipping
2025-12-23 13:25:21,256 - INFO - Row 48 - Ext. Ref. Nbr.: 0
2025-12-23 13:25:21,267 - INFO - Row 48 - Already matched, skipping
2025-12-23 13:25:21,295 - INFO - Row 49 - Ext. Ref. Nbr.: H0124392
2025-12-23 13:25:21,312 - INFO - Row 49 - Already matched, skipping
2025-12-23 13:25:21,336 - INFO - Row 50 - Ext. Ref. Nbr.: 0
2025-12-23 13:25:21,348 - INFO - Row 50 - Already matched, skipping
2025-12-23 13:25:21,368 - INFO - Row 51 - Ext. Ref. Nbr.: H0124394
2025-12-23 13:25:21,379 - INFO - Row 51 - Already matched, skipping
2025-12-23 13:25:21,399 - INFO - Row 52 - Ext. Ref. Nbr.: 0
2025-12-23 13:25:21,411 - INFO - Row 52 - Already matched, skipping
2025-12-23 13:25:21,433 - INFO - Row 53 - Ext. Ref. Nbr.: H0124395
2025-12-23 13:25:21,445 - INFO - Row 53 - Already matched, skipping
2025-12-23 13:25:21,465 - INFO - Row 54 - Ext. Ref. Nbr.: 0
2025-12-23 13:25:21,477 - INFO - Row 54 - Already matched, skipping
2025-12-23 13:25:21,498 - INFO - Row 55 - Ext. Ref. Nbr.: H0124396
2025-12-23 13:25:21,510 - INFO - Row 55 - Already matched, skipping
2025-12-23 13:25:21,532 - INFO - Row 56 - Ext. Ref. Nbr.: 0
2025-12-23 13:25:21,544 - INFO - Row 56 - Already matched, skipping
2025-12-23 13:25:21,567 - INFO - Row 57 - Ext. Ref. Nbr.: H0124401
2025-12-23 13:25:21,579 - INFO - Row 57 - Already matched, skipping
2025-12-23 13:25:21,604 - INFO - Row 58 - Ext. Ref. Nbr.: 0
2025-12-23 13:25:21,614 - INFO - Row 58 - Already matched, skipping
2025-12-23 13:25:21,636 - INFO - Row 59 - Ext. Ref. Nbr.: H0124404
2025-12-23 13:25:21,646 - INFO - Row 59 - Already matched, skipping
2025-12-23 13:25:21,668 - INFO - Row 60 - Ext. Ref. Nbr.: 0
2025-12-23 13:25:21,680 - INFO - Row 60 - Already matched, skipping
2025-12-23 13:25:21,704 - INFO - Row 61 - Ext. Ref. Nbr.: H0124414
2025-12-23 13:25:21,715 - INFO - Row 61 - Already matched, skipping
2025-12-23 13:25:21,736 - INFO - Row 62 - Ext. Ref. Nbr.: 0
2025-12-23 13:25:21,748 - INFO - Row 62 - Already matched, skipping
2025-12-23 13:25:21,770 - INFO - Row 63 - Ext. Ref. Nbr.: H0124416
2025-12-23 13:25:21,782 - INFO - Row 63 - Already matched, skipping
2025-12-23 13:25:21,808 - INFO - Row 64 - Ext. Ref. Nbr.: 0
2025-12-23 13:25:21,820 - INFO - Row 64 - Already matched, skipping
2025-12-23 13:25:21,843 - INFO - Row 65 - Ext. Ref. Nbr.: H0124417
2025-12-23 13:25:21,855 - INFO - Row 65 - Already matched, skipping
2025-12-23 13:25:21,878 - INFO - Row 66 - Ext. Ref. Nbr.: 0
2025-12-23 13:25:21,890 - INFO - Row 66 - Already matched, skipping
2025-12-23 13:25:21,915 - INFO - Row 67 - Ext. Ref. Nbr.: H0124420
2025-12-23 13:25:21,928 - INFO - Row 67 - Already matched, skipping
2025-12-23 13:25:21,952 - INFO - Row 68 - Ext. Ref. Nbr.: 0
2025-12-23 13:25:21,965 - INFO - Row 68 - Already matched, skipping
2025-12-23 13:25:21,990 - INFO - Row 69 - Ext. Ref. Nbr.: H0124421
2025-12-23 13:25:22,002 - INFO - Row 69 - Already matched, skipping
2025-12-23 13:25:22,027 - INFO - Row 70 - Ext. Ref. Nbr.: 0
2025-12-23 13:25:22,039 - INFO - Row 70 - Already matched, skipping
2025-12-23 13:25:22,062 - INFO - Row 71 - Ext. Ref. Nbr.: H0124422
2025-12-23 13:25:22,077 - INFO - Row 71 - Already matched, skipping
2025-12-23 13:25:22,101 - INFO - Row 72 - Ext. Ref. Nbr.: 0
2025-12-23 13:25:22,116 - INFO - Row 72 - Already matched, skipping
2025-12-23 13:25:22,147 - INFO - Row 73 - Ext. Ref. Nbr.: L0105020
2025-12-23 13:25:22,161 - INFO - Row 73 - Already matched, skipping
2025-12-23 13:25:22,188 - INFO - Row 74 - Ext. Ref. Nbr.: 0
2025-12-23 13:25:22,200 - INFO - Row 74 - Already matched, skipping
2025-12-23 13:25:22,226 - INFO - Row 75 - Ext. Ref. Nbr.: H0124429
2025-12-23 13:25:22,243 - INFO - Row 75 - Already matched, skipping
2025-12-23 13:25:22,270 - INFO - Row 76 - Ext. Ref. Nbr.: 0
2025-12-23 13:25:22,288 - INFO - Row 76 - Already matched, skipping
2025-12-23 13:25:22,321 - INFO - Row 77 - Ext. Ref. Nbr.: H0124432
2025-12-23 13:25:22,336 - INFO - Row 77 - Already matched, skipping
2025-12-23 13:25:22,366 - INFO - Row 78 - Ext. Ref. Nbr.: 0
2025-12-23 13:25:22,377 - INFO - Row 78 - Already matched, skipping
2025-12-23 13:25:22,398 - INFO - Row 79 - Ext. Ref. Nbr.: H0124433
2025-12-23 13:25:22,410 - INFO - Row 79 - Already matched, skipping
2025-12-23 13:25:22,431 - INFO - Row 80 - Ext. Ref. Nbr.: 0
2025-12-23 13:25:22,443 - INFO - Row 80 - Already matched, skipping
2025-12-23 13:25:22,465 - INFO - Row 81 - Ext. Ref. Nbr.: H0124435
2025-12-23 13:25:22,476 - INFO - Row 81 - Already matched, skipping
2025-12-23 13:25:22,496 - INFO - Row 82 - Ext. Ref. Nbr.: L0105022
2025-12-23 13:25:22,508 - INFO - Row 82 - Already matched, skipping
2025-12-23 13:25:22,529 - INFO - Row 83 - Ext. Ref. Nbr.: 0
2025-12-23 13:25:22,539 - INFO - Row 83 - Already matched, skipping
2025-12-23 13:25:22,560 - INFO - Row 84 - Ext. Ref. Nbr.: 0
2025-12-23 13:25:22,574 - INFO - Row 84 - Already matched, skipping
2025-12-23 13:25:22,598 - INFO - Row 85 - Ext. Ref. Nbr.: H0124438
2025-12-23 13:25:22,609 - INFO - Row 85 - Already matched, skipping
2025-12-23 13:25:22,632 - INFO - Row 86 - Ext. Ref. Nbr.: 0
2025-12-23 13:25:22,644 - INFO - Row 86 - Already matched, skipping
2025-12-23 13:25:22,673 - INFO - Row 87 - Ext. Ref. Nbr.: H0124439
2025-12-23 13:25:22,687 - INFO - Row 87 - Already matched, skipping
2025-12-23 13:25:22,713 - INFO - Row 88 - Ext. Ref. Nbr.: 0
2025-12-23 13:25:22,728 - INFO - Row 88 - Already matched, skipping
2025-12-23 13:25:22,753 - INFO - Row 89 - Ext. Ref. Nbr.: H0124440
2025-12-23 13:25:22,766 - INFO - Row 89 - Already matched, skipping
2025-12-23 13:25:22,792 - INFO - Row 90 - Ext. Ref. Nbr.: 0
2025-12-23 13:25:22,806 - INFO - Row 90 - Already matched, skipping
2025-12-23 13:25:22,833 - INFO - Row 91 - Ext. Ref. Nbr.: H0124441
2025-12-23 13:25:22,845 - INFO - Row 91 - Already matched, skipping
2025-12-23 13:25:22,870 - INFO - Row 92 - Ext. Ref. Nbr.: 0
2025-12-23 13:25:22,883 - INFO - Row 92 - Already matched, skipping
2025-12-23 13:25:22,911 - INFO - Row 93 - Ext. Ref. Nbr.: H0124442
2025-12-23 13:25:22,925 - INFO - Row 93 - Already matched, skipping
2025-12-23 13:25:22,950 - INFO - Row 94 - Ext. Ref. Nbr.: 0
2025-12-23 13:25:22,962 - INFO - Row 94 - Already matched, skipping
2025-12-23 13:25:22,988 - INFO - Row 95 - Ext. Ref. Nbr.: L0105026
2025-12-23 13:25:23,001 - INFO - Row 95 - Already matched, skipping
2025-12-23 13:25:23,028 - INFO - Row 96 - Ext. Ref. Nbr.: 0
2025-12-23 13:25:23,042 - INFO - Row 96 - Already matched, skipping
2025-12-23 13:25:23,067 - INFO - Row 97 - Ext. Ref. Nbr.: H0124445
2025-12-23 13:25:23,078 - INFO - Row 97 - Already matched, skipping
2025-12-23 13:25:23,098 - INFO - Row 98 - Ext. Ref. Nbr.: 0
2025-12-23 13:25:23,109 - INFO - Row 98 - Already matched, skipping
2025-12-23 13:25:23,130 - INFO - Row 99 - Ext. Ref. Nbr.: L0105027
2025-12-23 13:25:23,143 - INFO - Row 99 - Already matched, skipping
2025-12-23 13:25:23,175 - INFO - Row 100 - Ext. Ref. Nbr.: 0
2025-12-23 13:25:23,188 - INFO - Row 100 - Already matched, skipping
2025-12-23 13:25:23,212 - INFO - Row 101 - Ext. Ref. Nbr.: H0124447
2025-12-23 13:25:23,224 - INFO - Row 101 - Already matched, skipping
2025-12-23 13:25:23,246 - INFO - Row 102 - Ext. Ref. Nbr.: 0
2025-12-23 13:25:23,259 - INFO - Row 102 - Already matched, skipping
2025-12-23 13:25:23,283 - INFO - Row 103 - Ext. Ref. Nbr.: H0124446
2025-12-23 13:25:23,296 - INFO - Row 103 - Already matched, skipping
2025-12-23 13:25:23,318 - INFO - Row 104 - Ext. Ref. Nbr.: 0
2025-12-23 13:25:23,329 - INFO - Row 104 - Already matched, skipping
2025-12-23 13:25:23,350 - INFO - Row 105 - Ext. Ref. Nbr.: H0124451
2025-12-23 13:25:23,363 - INFO - Row 105 - Already matched, skipping
2025-12-23 13:25:23,391 - INFO - Row 106 - Ext. Ref. Nbr.: 0
2025-12-23 13:25:23,407 - INFO - Row 106 - Already matched, skipping
2025-12-23 13:25:23,431 - INFO - Row 107 - Ext. Ref. Nbr.: L0105029
2025-12-23 13:25:23,442 - INFO - Row 107 - Already matched, skipping
2025-12-23 13:25:23,463 - INFO - Row 108 - Ext. Ref. Nbr.: 0
2025-12-23 13:25:23,474 - INFO - Row 108 - Already matched, skipping
2025-12-23 13:25:23,496 - INFO - Row 109 - Ext. Ref. Nbr.: L0105030
2025-12-23 13:25:23,507 - INFO - Row 109 - Already matched, skipping
2025-12-23 13:25:23,527 - INFO - Row 110 - Ext. Ref. Nbr.: 0
2025-12-23 13:25:23,538 - INFO - Row 110 - Already matched, skipping
2025-12-23 13:25:23,558 - INFO - Row 111 - Ext. Ref. Nbr.: H0124453
2025-12-23 13:25:23,567 - INFO - Row 111 - Already matched, skipping
2025-12-23 13:25:23,589 - INFO - Row 112 - Ext. Ref. Nbr.: 0
2025-12-23 13:25:23,600 - INFO - Row 112 - Already matched, skipping
2025-12-23 13:25:23,624 - INFO - Row 113 - Ext. Ref. Nbr.: H0124456
2025-12-23 13:25:23,635 - INFO - Row 113 - Already matched, skipping
2025-12-23 13:25:23,655 - INFO - Row 114 - Ext. Ref. Nbr.: 0
2025-12-23 13:25:23,665 - INFO - Row 114 - Already matched, skipping
2025-12-23 13:25:23,686 - INFO - Row 115 - Ext. Ref. Nbr.: L0105031
2025-12-23 13:25:23,698 - INFO - Row 115 - Already matched, skipping
2025-12-23 13:25:23,720 - INFO - Row 116 - Ext. Ref. Nbr.: 0
2025-12-23 13:25:23,731 - INFO - Row 116 - Already matched, skipping
2025-12-23 13:25:23,750 - INFO - Row 117 - Ext. Ref. Nbr.: H0124458
2025-12-23 13:25:23,763 - INFO - Row 117 - Already matched, skipping
2025-12-23 13:25:23,795 - INFO - Row 118 - Ext. Ref. Nbr.: 0
2025-12-23 13:25:23,808 - INFO - Row 118 - Already matched, skipping
2025-12-23 13:25:23,831 - INFO - Row 119 - Ext. Ref. Nbr.: L0105032
2025-12-23 13:25:23,842 - INFO - Row 119 - Already matched, skipping
2025-12-23 13:25:23,863 - INFO - Row 120 - Ext. Ref. Nbr.: 0
2025-12-23 13:25:23,874 - INFO - Row 120 - Already matched, skipping
2025-12-23 13:25:23,896 - INFO - Row 121 - Ext. Ref. Nbr.: H0124462
2025-12-23 13:25:23,907 - INFO - Row 121 - Already matched, skipping
2025-12-23 13:25:23,930 - INFO - Row 122 - Ext. Ref. Nbr.: H0124463
2025-12-23 13:25:23,941 - INFO - Row 122 - Already matched, skipping
2025-12-23 13:25:23,962 - INFO - Row 123 - Ext. Ref. Nbr.: 0
2025-12-23 13:25:23,975 - INFO - Row 123 - Already matched, skipping
2025-12-23 13:25:23,996 - INFO - Row 124 - Ext. Ref. Nbr.: 0
2025-12-23 13:25:24,007 - INFO - Row 124 - Already matched, skipping
2025-12-23 13:25:24,028 - INFO - Row 125 - Ext. Ref. Nbr.: H0124464
2025-12-23 13:25:24,040 - INFO - Row 125 - Already matched, skipping
2025-12-23 13:25:24,061 - INFO - Row 126 - Ext. Ref. Nbr.: 0
2025-12-23 13:25:24,073 - INFO - Row 126 - Already matched, skipping
2025-12-23 13:25:24,095 - INFO - Row 127 - Ext. Ref. Nbr.: H0124466
2025-12-23 13:25:24,106 - INFO - Row 127 - Already matched, skipping
2025-12-23 13:25:24,127 - INFO - Row 128 - Ext. Ref. Nbr.: 0
2025-12-23 13:25:24,139 - INFO - Row 128 - Already matched, skipping
2025-12-23 13:25:24,160 - INFO - Row 129 - Ext. Ref. Nbr.: H0124471
2025-12-23 13:25:24,170 - INFO - Row 129 - Already matched, skipping
2025-12-23 13:25:24,199 - INFO - Row 130 - Ext. Ref. Nbr.: 0
2025-12-23 13:25:24,214 - INFO - Row 130 - Already matched, skipping
2025-12-23 13:25:24,236 - INFO - Row 131 - Ext. Ref. Nbr.: H0124470
2025-12-23 13:25:24,248 - INFO - Row 131 - Already matched, skipping
2025-12-23 13:25:24,273 - INFO - Row 132 - Ext. Ref. Nbr.: H0124467
2025-12-23 13:25:24,285 - INFO - Row 132 - Already matched, skipping
2025-12-23 13:25:24,309 - INFO - Row 133 - Ext. Ref. Nbr.: 0
2025-12-23 13:25:24,320 - INFO - Row 133 - Already matched, skipping
2025-12-23 13:25:24,341 - INFO - Row 134 - Ext. Ref. Nbr.: 0
2025-12-23 13:25:24,352 - INFO - Row 134 - Already matched, skipping
2025-12-23 13:25:24,372 - INFO - Row 135 - Ext. Ref. Nbr.: L0105041
2025-12-23 13:25:24,383 - INFO - Row 135 - Already matched, skipping
2025-12-23 13:25:24,402 - INFO - Row 136 - Ext. Ref. Nbr.: 0
2025-12-23 13:25:24,414 - INFO - Row 136 - Already matched, skipping
2025-12-23 13:25:24,443 - INFO - Row 137 - Ext. Ref. Nbr.: H0124472
2025-12-23 13:25:24,458 - INFO - Row 137 - Already matched, skipping
2025-12-23 13:25:24,482 - INFO - Row 138 - Ext. Ref. Nbr.: 0
2025-12-23 13:25:24,494 - INFO - Row 138 - Already matched, skipping
2025-12-23 13:25:24,515 - INFO - Row 139 - Ext. Ref. Nbr.: H0124474
2025-12-23 13:25:24,528 - INFO - Row 139 - Already matched, skipping
2025-12-23 13:25:24,548 - INFO - Row 140 - Ext. Ref. Nbr.: 0
2025-12-23 13:25:24,558 - INFO - Row 140 - Already matched, skipping
2025-12-23 13:25:24,581 - INFO - Row 141 - Ext. Ref. Nbr.: H0124475
2025-12-23 13:25:24,592 - INFO - Row 141 - Already matched, skipping
2025-12-23 13:25:24,612 - INFO - Row 142 - Ext. Ref. Nbr.: 0
2025-12-23 13:25:24,622 - INFO - Row 142 - Already matched, skipping
2025-12-23 13:25:24,644 - INFO - Row 143 - Ext. Ref. Nbr.: L0105042
2025-12-23 13:25:24,654 - INFO - Row 143 - Already matched, skipping
2025-12-23 13:25:24,674 - INFO - Row 144 - Ext. Ref. Nbr.: 0
2025-12-23 13:25:24,686 - INFO - Row 144 - Already matched, skipping
2025-12-23 13:25:24,707 - INFO - Row 145 - Ext. Ref. Nbr.: L0105043
2025-12-23 13:25:24,718 - INFO - Row 145 - Already matched, skipping
2025-12-23 13:25:24,740 - INFO - Row 146 - Ext. Ref. Nbr.: 0
2025-12-23 13:25:24,750 - INFO - Row 146 - Already matched, skipping
2025-12-23 13:25:24,770 - INFO - Row 147 - Ext. Ref. Nbr.: H0124478
2025-12-23 13:25:24,782 - INFO - Row 147 - Already matched, skipping
2025-12-23 13:25:24,804 - INFO - Row 148 - Ext. Ref. Nbr.: 0
2025-12-23 13:25:24,816 - INFO - Row 148 - Already matched, skipping
2025-12-23 13:25:24,843 - INFO - Row 149 - Ext. Ref. Nbr.: H0124479
2025-12-23 13:25:24,857 - INFO - Row 149 - Already matched, skipping
2025-12-23 13:25:24,883 - INFO - Row 150 - Ext. Ref. Nbr.: 0
2025-12-23 13:25:24,896 - INFO - Row 150 - Already matched, skipping
2025-12-23 13:25:24,920 - INFO - Row 151 - Ext. Ref. Nbr.: L0105045
2025-12-23 13:25:24,931 - INFO - Row 151 - Already matched, skipping
2025-12-23 13:25:24,971 - INFO - Row 152 - Ext. Ref. Nbr.: 0
2025-12-23 13:25:24,989 - INFO - Row 152 - Already matched, skipping
2025-12-23 13:25:25,016 - INFO - Row 153 - Ext. Ref. Nbr.: 0009765H
2025-12-23 13:25:25,029 - INFO - Row 153 - Already matched, skipping
2025-12-23 13:25:25,051 - INFO - Row 154 - Ext. Ref. Nbr.: 0
2025-12-23 13:25:25,064 - INFO - Row 154 - Already matched, skipping
2025-12-23 13:25:25,091 - INFO - Row 155 - Ext. Ref. Nbr.: H0124481
2025-12-23 13:25:25,104 - INFO - Row 155 - Already matched, skipping
2025-12-23 13:25:25,128 - INFO - Row 156 - Ext. Ref. Nbr.: 0
2025-12-23 13:25:25,140 - INFO - Row 156 - Already matched, skipping
2025-12-23 13:25:25,165 - INFO - Row 157 - Ext. Ref. Nbr.: L0105047
2025-12-23 13:25:25,178 - INFO - Row 157 - Already matched, skipping
2025-12-23 13:25:25,205 - INFO - Row 158 - Ext. Ref. Nbr.: 0
2025-12-23 13:25:25,220 - INFO - Row 158 - Already matched, skipping
2025-12-23 13:25:25,251 - INFO - Row 159 - Ext. Ref. Nbr.: L0105049
2025-12-23 13:25:25,264 - INFO - Row 159 - Already matched, skipping
2025-12-23 13:25:25,287 - INFO - Row 160 - Ext. Ref. Nbr.: 0
2025-12-23 13:25:25,299 - INFO - Row 160 - Already matched, skipping
2025-12-23 13:25:25,325 - INFO - Row 161 - Ext. Ref. Nbr.: H0124482
2025-12-23 13:25:25,336 - INFO - Row 161 - Already matched, skipping
2025-12-23 13:25:25,357 - INFO - Row 162 - Ext. Ref. Nbr.: 0
2025-12-23 13:25:25,367 - INFO - Row 162 - Already matched, skipping
2025-12-23 13:25:25,387 - INFO - Row 163 - Ext. Ref. Nbr.: 0009767H
2025-12-23 13:25:25,397 - INFO - Row 163 - Already matched, skipping
2025-12-23 13:25:25,418 - INFO - Row 164 - Ext. Ref. Nbr.: 0
2025-12-23 13:25:25,431 - INFO - Row 164 - Already matched, skipping
2025-12-23 13:25:25,453 - INFO - Row 165 - Ext. Ref. Nbr.: L0105050
2025-12-23 13:25:25,464 - INFO - Row 165 - Already matched, skipping
2025-12-23 13:25:25,492 - INFO - Row 166 - Ext. Ref. Nbr.: 0
2025-12-23 13:25:25,506 - INFO - Row 166 - Already matched, skipping
2025-12-23 13:25:25,534 - INFO - Row 167 - Ext. Ref. Nbr.: H0124484
2025-12-23 13:25:25,547 - INFO - Row 167 - Already matched, skipping
2025-12-23 13:25:25,568 - INFO - Row 168 - Ext. Ref. Nbr.: 0
2025-12-23 13:25:25,579 - INFO - Row 168 - Already matched, skipping
2025-12-23 13:25:25,600 - INFO - Row 169 - Ext. Ref. Nbr.: L0105051
2025-12-23 13:25:25,610 - INFO - Row 169 - Already matched, skipping
2025-12-23 13:25:25,631 - INFO - Row 170 - Ext. Ref. Nbr.: L0105052
2025-12-23 13:25:25,642 - INFO - Row 170 - Already matched, skipping
2025-12-23 13:25:25,664 - INFO - Row 171 - Ext. Ref. Nbr.: 0
2025-12-23 13:25:25,677 - INFO - Row 171 - Already matched, skipping
2025-12-23 13:25:25,696 - INFO - Row 172 - Ext. Ref. Nbr.: 0
2025-12-23 13:25:25,706 - INFO - Row 172 - Already matched, skipping
2025-12-23 13:25:25,727 - INFO - Row 173 - Ext. Ref. Nbr.: H0124490
2025-12-23 13:25:25,737 - INFO - Row 173 - Already matched, skipping
2025-12-23 13:25:25,759 - INFO - Row 174 - Ext. Ref. Nbr.: 0
2025-12-23 13:25:25,771 - INFO - Row 174 - Already matched, skipping
2025-12-23 13:25:25,793 - INFO - Row 175 - Ext. Ref. Nbr.: L0105053
2025-12-23 13:25:25,804 - INFO - Row 175 - Already matched, skipping
2025-12-23 13:25:25,823 - INFO - Row 176 - Ext. Ref. Nbr.: 0
2025-12-23 13:25:25,833 - INFO - Row 176 - Already matched, skipping
2025-12-23 13:25:25,854 - INFO - Row 177 - Ext. Ref. Nbr.: H0124492
2025-12-23 13:25:25,865 - INFO - Row 177 - Already matched, skipping
2025-12-23 13:25:25,888 - INFO - Row 178 - Ext. Ref. Nbr.: 0
2025-12-23 13:25:25,900 - INFO - Row 178 - Already matched, skipping
2025-12-23 13:25:25,922 - INFO - Row 179 - Ext. Ref. Nbr.: H0124493
2025-12-23 13:25:25,931 - INFO - Row 179 - Already matched, skipping
2025-12-23 13:25:25,951 - INFO - Row 180 - Ext. Ref. Nbr.: 0
2025-12-23 13:25:25,964 - INFO - Row 180 - Already matched, skipping
2025-12-23 13:25:25,987 - INFO - Row 181 - Ext. Ref. Nbr.: L0105055
2025-12-23 13:25:25,998 - INFO - Row 181 - Already matched, skipping
2025-12-23 13:25:26,018 - INFO - Row 182 - Ext. Ref. Nbr.: 0
2025-12-23 13:25:26,029 - INFO - Row 182 - Already matched, skipping
2025-12-23 13:25:26,049 - INFO - Row 183 - Ext. Ref. Nbr.: H0124495
2025-12-23 13:25:26,059 - INFO - Row 183 - Already matched, skipping
2025-12-23 13:25:26,080 - INFO - Row 184 - Ext. Ref. Nbr.: 0
2025-12-23 13:25:26,094 - INFO - Row 184 - Already matched, skipping
2025-12-23 13:25:26,115 - INFO - Row 185 - Ext. Ref. Nbr.: H0124497
2025-12-23 13:25:26,125 - INFO - Row 185 - Already matched, skipping
2025-12-23 13:25:26,146 - INFO - Row 186 - Ext. Ref. Nbr.: 0
2025-12-23 13:25:26,158 - INFO - Row 186 - Already matched, skipping
2025-12-23 13:25:26,179 - INFO - Row 187 - Ext. Ref. Nbr.: H0124502
2025-12-23 13:25:26,189 - INFO - Row 187 - Already matched, skipping
2025-12-23 13:25:26,209 - INFO - Row 188 - Ext. Ref. Nbr.: 0
2025-12-23 13:25:26,220 - INFO - Row 188 - Already matched, skipping
2025-12-23 13:25:26,241 - INFO - Row 189 - Ext. Ref. Nbr.: H0124504
2025-12-23 13:25:26,253 - INFO - Row 189 - Already matched, skipping
2025-12-23 13:25:26,282 - INFO - Row 190 - Ext. Ref. Nbr.: 0
2025-12-23 13:25:26,297 - INFO - Row 190 - Already matched, skipping
2025-12-23 13:25:26,320 - INFO - Row 191 - Ext. Ref. Nbr.: H0124509
2025-12-23 13:25:26,333 - INFO - Row 191 - Already matched, skipping
2025-12-23 13:25:26,356 - INFO - Row 192 - Ext. Ref. Nbr.: 0
2025-12-23 13:25:26,366 - INFO - Row 192 - Already matched, skipping
2025-12-23 13:25:26,387 - INFO - Row 193 - Ext. Ref. Nbr.: L0105057
2025-12-23 13:25:26,397 - INFO - Row 193 - Already matched, skipping
2025-12-23 13:25:26,417 - INFO - Row 194 - Ext. Ref. Nbr.: 0
2025-12-23 13:25:26,429 - INFO - Row 194 - Already matched, skipping
2025-12-23 13:25:26,449 - INFO - Row 195 - Ext. Ref. Nbr.: H0124511
2025-12-23 13:25:26,459 - INFO - Row 195 - Already matched, skipping
2025-12-23 13:25:26,479 - INFO - Row 196 - Ext. Ref. Nbr.: H0124512
2025-12-23 13:25:26,489 - INFO - Row 196 - Already matched, skipping
2025-12-23 13:25:26,510 - INFO - Row 197 - Ext. Ref. Nbr.: 0
2025-12-23 13:25:26,521 - INFO - Row 197 - Already matched, skipping
2025-12-23 13:25:26,547 - INFO - Row 198 - Ext. Ref. Nbr.: 0
2025-12-23 13:25:26,563 - INFO - Row 198 - Already matched, skipping
2025-12-23 13:25:26,586 - INFO - Row 199 - Ext. Ref. Nbr.: 0
2025-12-23 13:25:26,596 - INFO - Row 199 - Already matched, skipping
2025-12-23 13:25:26,640 - ERROR - Error during pagination on page 1: Locator.is_visible: Error: strict mode violation: locator("li:nth-child(4) > .toolsBtn > .toolBtnNormal .main-icon-img.main-PageNext") resolved to 2 elements:
    1) <div class="main-icon-img main-PageNext">↵↵⇆⇆⇆⇆⇆⇆⇆⇆⇆⇆⇆</div> aka locator(".main-icon-img.main-PageNext").first
    2) <div class="main-icon-img main-PageNext">↵↵⇆⇆⇆⇆⇆⇆⇆⇆⇆⇆⇆⇆⇆⇆</div> aka locator("#ctl00_phG_PXSplitContainer_tab2_t0_PXGrid1_ab_tlb_ul > li:nth-child(4) > .toolsBtn > .toolBtnNormal > .sprite-icon > .main-icon-img")

Call log:
    - checking visibility of locator("li:nth-child(4) > .toolsBtn > .toolBtnNormal .main-icon-img.main-PageNext")

2025-12-23 13:25:26,641 - INFO - Pagination complete - processed 200 total rows across 1 pages
2025-12-23 13:25:26,641 - INFO - Manual matching complete - 200 rows processed
2025-12-23 13:25:26,641 - INFO - Processing manually matched items...
2025-12-23 13:25:26,780 - INFO - Clicked Process button (after manual matching) successfully
2025-12-23 13:25:31,900 - INFO - Clicked Back to list button successfully
2025-12-23 13:25:34,916 - INFO - Downloading results...
2025-12-23 13:25:34,982 - INFO - Clicked account link 'MBB02' successfully
2025-12-23 13:25:40,087 - INFO - Clicked Export dropdown successfully
2025-12-23 13:25:40,211 - INFO - Clicked Export to Excel button successfully
2025-12-23 13:26:10,102 - ERROR - FATAL ERROR: Timeout 30000ms exceeded while waiting for event "download"
=========================== logs ===========================
waiting for event "download"
============================================================
2025-12-23 13:26:10,274 - INFO - Browser cleanup completed
2025-12-23 13:26:10,286 - ERROR - ❌ CA Match failed: Timeout 30000ms exceeded while waiting for event "download"
=========================== logs ===========================
waiting for event "download"
============================================================
Traceback (most recent call last):
  File "d:\Github\PlayWright-Extractor\playwright_scripts\run_playwright.py", line 142, in run_ca_match
    records = process_bank_transactions(
        playwright=playwright,
    ...<9 lines>...
        headless=self.headless
    )
  File "d:\Github\PlayWright-Extractor\playwright_scripts\CA_Match_Process_Optimized.py", line 643, in process_bank_transactions
    return processor.run()
           ~~~~~~~~~~~~~^^
  File "d:\Github\PlayWright-Extractor\playwright_scripts\CA_Match_Process_Optimized.py", line 540, in run
    save_path = self.download_results()
  File "d:\Github\PlayWright-Extractor\playwright_scripts\CA_Match_Process_Optimized.py", line 457, in download_results
    with self.page.expect_download() as download_info:
         ~~~~~~~~~~~~~~~~~~~~~~~~~^^
  File "D:\Github\PlayWright-Extractor\venv\Lib\site-packages\playwright\_impl\_sync_base.py", line 85, in __exit__
    self._event.value
  File "D:\Github\PlayWright-Extractor\venv\Lib\site-packages\playwright\_impl\_sync_base.py", line 59, in value
    raise exception
playwright._impl._errors.TimeoutError: Timeout 30000ms exceeded while waiting for event "download"
=========================== logs ===========================
waiting for event "download"
============================================================
2025-12-23 13:26:10,288 - ERROR - 
======================================================================
2025-12-23 13:26:10,289 - ERROR - ❌ AUTOMATION WORKFLOW FAILED
2025-12-23 13:26:10,289 - ERROR - ======================================================================
2025-12-23 13:26:10,289 - ERROR - Error: Timeout 30000ms exceeded while waiting for event "download"
=========================== logs ===========================
waiting for event "download"
============================================================
2025-12-23 13:26:10,289 - ERROR - ======================================================================
2025-12-23 13:29:25,693 - INFO - ======================================================================
2025-12-23 13:29:25,693 - INFO - PLAYWRIGHT AUTOMATION RUNNER
2025-12-23 13:29:25,693 - INFO - ======================================================================
2025-12-23 13:29:25,694 - INFO - Account: MBB02
2025-12-23 13:29:25,694 - INFO - Date: 23/11/2025
2025-12-23 13:29:25,694 - INFO - Amount: 100.0
2025-12-23 13:29:25,694 - INFO - Headless Mode: False
2025-12-23 13:29:25,694 - INFO - Downloads Dir: d:\Github\PlayWright-Extractor\Downloads
2025-12-23 13:29:25,694 - INFO - ======================================================================
2025-12-23 13:29:25,694 - INFO - 
🚀 Starting complete automation workflow...

2025-12-23 13:29:25,695 - INFO - 
======================================================================
2025-12-23 13:29:25,695 - INFO - STEP 1: CA MATCH PROCESS
2025-12-23 13:29:25,695 - INFO - ======================================================================
2025-12-23 13:29:33,168 - INFO - Starting CA Match process...
2025-12-23 13:29:33,169 - INFO - ============================================================
2025-12-23 13:29:33,170 - INFO - CA MATCH PROCESS - OPTIMIZED VERSION
2025-12-23 13:29:33,171 - INFO - ============================================================
2025-12-23 13:29:33,171 - INFO - Initializing browser...
2025-12-23 13:29:34,195 - INFO - Browser initialized successfully
2025-12-23 13:29:34,195 - INFO - Logging in...
2025-12-23 13:29:36,053 - INFO - Navigating to Process Bank Records...
2025-12-23 13:29:45,127 - INFO - Starting auto-match process...
2025-12-23 13:29:45,204 - INFO - Clicked account link 'MBB02' successfully
2025-12-23 13:29:50,627 - INFO - Clicked Auto-Match button successfully
2025-12-23 13:29:52,653 - INFO - Waiting for auto-match confirmation...
2025-12-23 13:30:09,346 - WARNING - No 'Executing' message detected
2025-12-23 13:32:15,395 - WARNING - No completion message found - continuing anyway
2025-12-23 13:32:15,395 - INFO - Processing auto-matched items...
2025-12-23 13:32:16,846 - INFO - Clicked Process button successfully
2025-12-23 13:32:21,949 - INFO - Clicked Back button successfully
2025-12-23 13:32:24,956 - INFO - Starting manual matching process...
2025-12-23 13:32:25,038 - INFO - Clicked account link 'MBB02' successfully
2025-12-23 13:32:30,052 - INFO - Processing page 1...
2025-12-23 13:32:30,103 - INFO - Found 201 rows on page 1
2025-12-23 13:32:30,131 - INFO - Row 0 - Ext. Ref. Nbr.: 0
2025-12-23 13:32:30,141 - INFO - Row 0 - Already matched, skipping
2025-12-23 13:32:30,164 - INFO - Row 1 - Ext. Ref. Nbr.: H0124355
2025-12-23 13:32:30,175 - INFO - Row 1 - Already matched, skipping
2025-12-23 13:32:30,204 - INFO - Row 2 - Ext. Ref. Nbr.: 0
2025-12-23 13:32:30,220 - INFO - Row 2 - Already matched, skipping
2025-12-23 13:32:30,242 - INFO - Row 3 - Ext. Ref. Nbr.: H0124356
2025-12-23 13:32:30,253 - INFO - Row 3 - Already matched, skipping
2025-12-23 13:32:30,276 - INFO - Row 4 - Ext. Ref. Nbr.: 0
2025-12-23 13:32:30,289 - INFO - Row 4 - Already matched, skipping
2025-12-23 13:32:30,315 - INFO - Row 5 - Ext. Ref. Nbr.: H0124359
2025-12-23 13:32:30,328 - INFO - Row 5 - Already matched, skipping
2025-12-23 13:32:30,360 - INFO - Row 6 - Ext. Ref. Nbr.: 0
2025-12-23 13:32:30,375 - INFO - Row 6 - Already matched, skipping
2025-12-23 13:32:30,405 - INFO - Row 7 - Ext. Ref. Nbr.: H0124363
2025-12-23 13:32:30,418 - INFO - Row 7 - Already matched, skipping
2025-12-23 13:32:30,444 - INFO - Row 8 - Ext. Ref. Nbr.: 0
2025-12-23 13:32:30,458 - INFO - Row 8 - Already matched, skipping
2025-12-23 13:32:30,483 - INFO - Row 9 - Ext. Ref. Nbr.: L0105012
2025-12-23 13:32:30,494 - INFO - Row 9 - Already matched, skipping
2025-12-23 13:32:30,524 - INFO - Row 10 - Ext. Ref. Nbr.: 0
2025-12-23 13:32:30,537 - INFO - Row 10 - Already matched, skipping
2025-12-23 13:32:30,558 - INFO - Row 11 - Ext. Ref. Nbr.: H0124364
2025-12-23 13:32:30,573 - INFO - Row 11 - Already matched, skipping
2025-12-23 13:32:30,603 - INFO - Row 12 - Ext. Ref. Nbr.: 0
2025-12-23 13:32:30,617 - INFO - Row 12 - Already matched, skipping
2025-12-23 13:32:30,646 - INFO - Row 13 - Ext. Ref. Nbr.: L0105013
2025-12-23 13:32:30,659 - INFO - Row 13 - Already matched, skipping
2025-12-23 13:32:30,685 - INFO - Row 14 - Ext. Ref. Nbr.: 0
2025-12-23 13:32:30,698 - INFO - Row 14 - Already matched, skipping
2025-12-23 13:32:30,724 - INFO - Row 15 - Ext. Ref. Nbr.: H0124365
2025-12-23 13:32:30,737 - INFO - Row 15 - Already matched, skipping
2025-12-23 13:32:30,764 - INFO - Row 16 - Ext. Ref. Nbr.: 0
2025-12-23 13:32:30,777 - INFO - Row 16 - Already matched, skipping
2025-12-23 13:32:30,805 - INFO - Row 17 - Ext. Ref. Nbr.: H0124367
2025-12-23 13:32:30,817 - INFO - Row 17 - Already matched, skipping
2025-12-23 13:32:30,841 - INFO - Row 18 - Ext. Ref. Nbr.: H0124368
2025-12-23 13:32:30,855 - INFO - Row 18 - Already matched, skipping
2025-12-23 13:32:30,883 - INFO - Row 19 - Ext. Ref. Nbr.: 0
2025-12-23 13:32:30,897 - INFO - Row 19 - Already matched, skipping
2025-12-23 13:32:30,922 - INFO - Row 20 - Ext. Ref. Nbr.: 0
2025-12-23 13:32:30,934 - INFO - Row 20 - Already matched, skipping
2025-12-23 13:32:30,960 - INFO - Row 21 - Ext. Ref. Nbr.: H0124369
2025-12-23 13:32:30,974 - INFO - Row 21 - Already matched, skipping
2025-12-23 13:32:31,004 - INFO - Row 22 - Ext. Ref. Nbr.: 0
2025-12-23 13:32:31,023 - INFO - Row 22 - Already matched, skipping
2025-12-23 13:32:31,050 - INFO - Row 23 - Ext. Ref. Nbr.: H0124370
2025-12-23 13:32:31,064 - INFO - Row 23 - Already matched, skipping
2025-12-23 13:32:31,086 - INFO - Row 24 - Ext. Ref. Nbr.: 2025063035DBKKA
2025-12-23 13:32:31,097 - INFO - Row 24 - Already matched, skipping
2025-12-23 13:32:31,123 - INFO - Row 25 - Ext. Ref. Nbr.: 2025063036DBKKA
2025-12-23 13:32:31,138 - INFO - Row 25 - Already matched, skipping
2025-12-23 13:32:31,166 - INFO - Row 26 - Ext. Ref. Nbr.: 2025063019DBKKA
2025-12-23 13:32:31,180 - INFO - Row 26 - Already matched, skipping
2025-12-23 13:32:31,202 - INFO - Row 27 - Ext. Ref. Nbr.: 0
2025-12-23 13:32:31,211 - INFO - Row 27 - Already matched, skipping
2025-12-23 13:32:31,233 - INFO - Row 28 - Ext. Ref. Nbr.: H0124371
2025-12-23 13:32:31,244 - INFO - Row 28 - Already matched, skipping
2025-12-23 13:32:31,268 - INFO - Row 29 - Ext. Ref. Nbr.: 0
2025-12-23 13:32:31,279 - INFO - Row 29 - Already matched, skipping
2025-12-23 13:32:31,299 - INFO - Row 30 - Ext. Ref. Nbr.: 0
2025-12-23 13:32:31,311 - INFO - Row 30 - Already matched, skipping
2025-12-23 13:32:31,345 - INFO - Row 31 - Ext. Ref. Nbr.: H0124375
2025-12-23 13:32:31,357 - INFO - Row 31 - Already matched, skipping
2025-12-23 13:32:31,381 - INFO - Row 32 - Ext. Ref. Nbr.: 0
2025-12-23 13:32:31,396 - INFO - Row 32 - Already matched, skipping
2025-12-23 13:32:31,419 - INFO - Row 33 - Ext. Ref. Nbr.: L0105016
2025-12-23 13:32:31,441 - INFO - Row 33 - Already matched, skipping
2025-12-23 13:32:31,464 - INFO - Row 34 - Ext. Ref. Nbr.: 0
2025-12-23 13:32:31,479 - INFO - Row 34 - Already matched, skipping
2025-12-23 13:32:31,504 - INFO - Row 35 - Ext. Ref. Nbr.: H0124380
2025-12-23 13:32:31,521 - INFO - Row 35 - Already matched, skipping
2025-12-23 13:32:31,552 - INFO - Row 36 - Ext. Ref. Nbr.: 0
2025-12-23 13:32:31,569 - INFO - Row 36 - Already matched, skipping
2025-12-23 13:32:31,594 - INFO - Row 37 - Ext. Ref. Nbr.: H0124381
2025-12-23 13:32:31,608 - INFO - Row 37 - Already matched, skipping
2025-12-23 13:32:31,636 - INFO - Row 38 - Ext. Ref. Nbr.: 0
2025-12-23 13:32:31,646 - INFO - Row 38 - Already matched, skipping
2025-12-23 13:32:31,672 - INFO - Row 39 - Ext. Ref. Nbr.: H0124382
2025-12-23 13:32:31,684 - INFO - Row 39 - Already matched, skipping
2025-12-23 13:32:31,709 - INFO - Row 40 - Ext. Ref. Nbr.: 0
2025-12-23 13:32:31,722 - INFO - Row 40 - Already matched, skipping
2025-12-23 13:32:31,751 - INFO - Row 41 - Ext. Ref. Nbr.: 0
2025-12-23 13:32:31,761 - INFO - Row 41 - Already matched, skipping
2025-12-23 13:32:31,785 - INFO - Row 42 - Ext. Ref. Nbr.: H0124384
2025-12-23 13:32:31,798 - INFO - Row 42 - Already matched, skipping
2025-12-23 13:32:31,836 - INFO - Row 43 - Ext. Ref. Nbr.: 0
2025-12-23 13:32:31,848 - INFO - Row 43 - Already matched, skipping
2025-12-23 13:32:31,872 - INFO - Row 44 - Ext. Ref. Nbr.: H0124387
2025-12-23 13:32:31,883 - INFO - Row 44 - Already matched, skipping
2025-12-23 13:32:31,907 - INFO - Row 45 - Ext. Ref. Nbr.: 0
2025-12-23 13:32:31,919 - INFO - Row 45 - Already matched, skipping
2025-12-23 13:32:31,946 - INFO - Row 46 - Ext. Ref. Nbr.: 0
2025-12-23 13:32:31,958 - INFO - Row 46 - Already matched, skipping
2025-12-23 13:32:31,984 - INFO - Row 47 - Ext. Ref. Nbr.: H0124386
2025-12-23 13:32:31,997 - INFO - Row 47 - Already matched, skipping
2025-12-23 13:32:32,023 - INFO - Row 48 - Ext. Ref. Nbr.: 0
2025-12-23 13:32:32,035 - INFO - Row 48 - Already matched, skipping
2025-12-23 13:32:32,126 - INFO - Row 49 - Ext. Ref. Nbr.: H0124392
2025-12-23 13:32:32,210 - INFO - Row 49 - Already matched, skipping
2025-12-23 13:32:32,302 - INFO - Row 50 - Ext. Ref. Nbr.: 0
2025-12-23 13:32:32,317 - INFO - Row 50 - Already matched, skipping
2025-12-23 13:32:32,344 - INFO - Row 51 - Ext. Ref. Nbr.: H0124394
2025-12-23 13:32:32,357 - INFO - Row 51 - Already matched, skipping
2025-12-23 13:32:32,385 - INFO - Row 52 - Ext. Ref. Nbr.: 0
2025-12-23 13:32:32,395 - INFO - Row 52 - Already matched, skipping
2025-12-23 13:32:32,422 - INFO - Row 53 - Ext. Ref. Nbr.: H0124395
2025-12-23 13:32:32,436 - INFO - Row 53 - Already matched, skipping
2025-12-23 13:32:32,470 - INFO - Row 54 - Ext. Ref. Nbr.: 0
2025-12-23 13:32:32,484 - INFO - Row 54 - Already matched, skipping
2025-12-23 13:32:32,518 - INFO - Row 55 - Ext. Ref. Nbr.: H0124396
2025-12-23 13:32:32,532 - INFO - Row 55 - Already matched, skipping
2025-12-23 13:32:32,566 - INFO - Row 56 - Ext. Ref. Nbr.: 0
2025-12-23 13:32:32,582 - INFO - Row 56 - Already matched, skipping
2025-12-23 13:32:32,608 - INFO - Row 57 - Ext. Ref. Nbr.: H0124401
2025-12-23 13:32:32,619 - INFO - Row 57 - Already matched, skipping
2025-12-23 13:32:32,644 - INFO - Row 58 - Ext. Ref. Nbr.: 0
2025-12-23 13:32:32,659 - INFO - Row 58 - Already matched, skipping
2025-12-23 13:32:32,694 - INFO - Row 59 - Ext. Ref. Nbr.: H0124404
2025-12-23 13:32:32,707 - INFO - Row 59 - Already matched, skipping
2025-12-23 13:32:32,731 - INFO - Row 60 - Ext. Ref. Nbr.: 0
2025-12-23 13:32:32,747 - INFO - Row 60 - Already matched, skipping
2025-12-23 13:32:32,783 - INFO - Row 61 - Ext. Ref. Nbr.: H0124414
2025-12-23 13:32:32,802 - INFO - Row 61 - Already matched, skipping
2025-12-23 13:32:32,836 - INFO - Row 62 - Ext. Ref. Nbr.: 0
2025-12-23 13:32:32,853 - INFO - Row 62 - Already matched, skipping
2025-12-23 13:32:32,884 - INFO - Row 63 - Ext. Ref. Nbr.: H0124416
2025-12-23 13:32:32,899 - INFO - Row 63 - Already matched, skipping
2025-12-23 13:32:32,934 - INFO - Row 64 - Ext. Ref. Nbr.: 0
2025-12-23 13:32:32,950 - INFO - Row 64 - Already matched, skipping
2025-12-23 13:32:32,981 - INFO - Row 65 - Ext. Ref. Nbr.: H0124417
2025-12-23 13:32:32,997 - INFO - Row 65 - Already matched, skipping
2025-12-23 13:32:33,029 - INFO - Row 66 - Ext. Ref. Nbr.: 0
2025-12-23 13:32:33,048 - INFO - Row 66 - Already matched, skipping
2025-12-23 13:32:33,096 - INFO - Row 67 - Ext. Ref. Nbr.: H0124420
2025-12-23 13:32:33,120 - INFO - Row 67 - Already matched, skipping
2025-12-23 13:32:33,156 - INFO - Row 68 - Ext. Ref. Nbr.: 0
2025-12-23 13:32:33,170 - INFO - Row 68 - Already matched, skipping
2025-12-23 13:32:33,202 - INFO - Row 69 - Ext. Ref. Nbr.: H0124421
2025-12-23 13:32:33,221 - INFO - Row 69 - Already matched, skipping
2025-12-23 13:32:33,259 - INFO - Row 70 - Ext. Ref. Nbr.: 0
2025-12-23 13:32:33,274 - INFO - Row 70 - Already matched, skipping
2025-12-23 13:32:33,301 - INFO - Row 71 - Ext. Ref. Nbr.: H0124422
2025-12-23 13:32:33,314 - INFO - Row 71 - Already matched, skipping
2025-12-23 13:32:33,340 - INFO - Row 72 - Ext. Ref. Nbr.: 0
2025-12-23 13:32:33,354 - INFO - Row 72 - Already matched, skipping
2025-12-23 13:32:33,379 - INFO - Row 73 - Ext. Ref. Nbr.: L0105020
2025-12-23 13:32:33,396 - INFO - Row 73 - Already matched, skipping
2025-12-23 13:32:33,421 - INFO - Row 74 - Ext. Ref. Nbr.: 0
2025-12-23 13:32:33,434 - INFO - Row 74 - Already matched, skipping
2025-12-23 13:32:33,468 - INFO - Row 75 - Ext. Ref. Nbr.: H0124429
2025-12-23 13:32:33,481 - INFO - Row 75 - Already matched, skipping
2025-12-23 13:32:33,505 - INFO - Row 76 - Ext. Ref. Nbr.: 0
2025-12-23 13:32:33,515 - INFO - Row 76 - Already matched, skipping
2025-12-23 13:32:33,537 - INFO - Row 77 - Ext. Ref. Nbr.: H0124432
2025-12-23 13:32:33,555 - INFO - Row 77 - Already matched, skipping
2025-12-23 13:32:33,586 - INFO - Row 78 - Ext. Ref. Nbr.: 0
2025-12-23 13:32:33,599 - INFO - Row 78 - Already matched, skipping
2025-12-23 13:32:33,628 - INFO - Row 79 - Ext. Ref. Nbr.: H0124433
2025-12-23 13:32:33,639 - INFO - Row 79 - Already matched, skipping
2025-12-23 13:32:33,670 - INFO - Row 80 - Ext. Ref. Nbr.: 0
2025-12-23 13:32:33,694 - INFO - Row 80 - Already matched, skipping
2025-12-23 13:32:33,721 - INFO - Row 81 - Ext. Ref. Nbr.: H0124435
2025-12-23 13:32:33,737 - INFO - Row 81 - Already matched, skipping
2025-12-23 13:32:33,765 - INFO - Row 82 - Ext. Ref. Nbr.: L0105022
2025-12-23 13:32:33,778 - INFO - Row 82 - Already matched, skipping
2025-12-23 13:32:33,814 - INFO - Row 83 - Ext. Ref. Nbr.: 0
2025-12-23 13:32:33,828 - INFO - Row 83 - Already matched, skipping
2025-12-23 13:32:33,857 - INFO - Row 84 - Ext. Ref. Nbr.: 0
2025-12-23 13:32:33,872 - INFO - Row 84 - Already matched, skipping
2025-12-23 13:32:33,906 - INFO - Row 85 - Ext. Ref. Nbr.: H0124438
2025-12-23 13:32:33,919 - INFO - Row 85 - Already matched, skipping
2025-12-23 13:32:33,953 - INFO - Row 86 - Ext. Ref. Nbr.: 0
2025-12-23 13:32:33,966 - INFO - Row 86 - Already matched, skipping
2025-12-23 13:32:33,991 - INFO - Row 87 - Ext. Ref. Nbr.: H0124439
2025-12-23 13:32:34,003 - INFO - Row 87 - Already matched, skipping
2025-12-23 13:32:34,028 - INFO - Row 88 - Ext. Ref. Nbr.: 0
2025-12-23 13:32:34,044 - INFO - Row 88 - Already matched, skipping
2025-12-23 13:32:34,072 - INFO - Row 89 - Ext. Ref. Nbr.: H0124440
2025-12-23 13:32:34,086 - INFO - Row 89 - Already matched, skipping
2025-12-23 13:32:34,124 - INFO - Row 90 - Ext. Ref. Nbr.: 0
2025-12-23 13:32:34,145 - INFO - Row 90 - Already matched, skipping
2025-12-23 13:32:34,181 - INFO - Row 91 - Ext. Ref. Nbr.: H0124441
2025-12-23 13:32:34,259 - INFO - Row 91 - Already matched, skipping
2025-12-23 13:32:34,289 - INFO - Row 92 - Ext. Ref. Nbr.: 0
2025-12-23 13:32:34,305 - INFO - Row 92 - Already matched, skipping
2025-12-23 13:32:34,332 - INFO - Row 93 - Ext. Ref. Nbr.: H0124442
2025-12-23 13:32:34,344 - INFO - Row 93 - Already matched, skipping
2025-12-23 13:32:34,373 - INFO - Row 94 - Ext. Ref. Nbr.: 0
2025-12-23 13:32:34,387 - INFO - Row 94 - Already matched, skipping
2025-12-23 13:32:34,412 - INFO - Row 95 - Ext. Ref. Nbr.: L0105026
2025-12-23 13:32:34,424 - INFO - Row 95 - Already matched, skipping
2025-12-23 13:32:34,450 - INFO - Row 96 - Ext. Ref. Nbr.: 0
2025-12-23 13:32:34,462 - INFO - Row 96 - Already matched, skipping
2025-12-23 13:32:34,483 - INFO - Row 97 - Ext. Ref. Nbr.: H0124445
2025-12-23 13:32:34,497 - INFO - Row 97 - Already matched, skipping
2025-12-23 13:32:34,532 - INFO - Row 98 - Ext. Ref. Nbr.: 0
2025-12-23 13:32:34,543 - INFO - Row 98 - Already matched, skipping
2025-12-23 13:32:34,572 - INFO - Row 99 - Ext. Ref. Nbr.: L0105027
2025-12-23 13:32:34,585 - INFO - Row 99 - Already matched, skipping
2025-12-23 13:32:34,610 - INFO - Row 100 - Ext. Ref. Nbr.: 0
2025-12-23 13:32:34,622 - INFO - Row 100 - Already matched, skipping
2025-12-23 13:32:34,647 - INFO - Row 101 - Ext. Ref. Nbr.: H0124447
2025-12-23 13:32:34,658 - INFO - Row 101 - Already matched, skipping
2025-12-23 13:32:34,684 - INFO - Row 102 - Ext. Ref. Nbr.: 0
2025-12-23 13:32:34,697 - INFO - Row 102 - Already matched, skipping
2025-12-23 13:32:34,723 - INFO - Row 103 - Ext. Ref. Nbr.: H0124446
2025-12-23 13:32:34,737 - INFO - Row 103 - Already matched, skipping
2025-12-23 13:32:34,760 - INFO - Row 104 - Ext. Ref. Nbr.: 0
2025-12-23 13:32:34,772 - INFO - Row 104 - Already matched, skipping
2025-12-23 13:32:34,798 - INFO - Row 105 - Ext. Ref. Nbr.: H0124451
2025-12-23 13:32:34,809 - INFO - Row 105 - Already matched, skipping
2025-12-23 13:32:34,836 - INFO - Row 106 - Ext. Ref. Nbr.: 0
2025-12-23 13:32:34,851 - INFO - Row 106 - Already matched, skipping
2025-12-23 13:32:34,877 - INFO - Row 107 - Ext. Ref. Nbr.: L0105029
2025-12-23 13:32:34,889 - INFO - Row 107 - Already matched, skipping
2025-12-23 13:32:34,915 - INFO - Row 108 - Ext. Ref. Nbr.: 0
2025-12-23 13:32:34,928 - INFO - Row 108 - Already matched, skipping
2025-12-23 13:32:34,956 - INFO - Row 109 - Ext. Ref. Nbr.: L0105030
2025-12-23 13:32:34,971 - INFO - Row 109 - Already matched, skipping
2025-12-23 13:32:35,010 - INFO - Row 110 - Ext. Ref. Nbr.: 0
2025-12-23 13:32:35,027 - INFO - Row 110 - Already matched, skipping
2025-12-23 13:32:35,163 - INFO - Row 111 - Ext. Ref. Nbr.: H0124453
2025-12-23 13:32:35,181 - INFO - Row 111 - Already matched, skipping
2025-12-23 13:32:35,214 - INFO - Row 112 - Ext. Ref. Nbr.: 0
2025-12-23 13:32:35,233 - INFO - Row 112 - Already matched, skipping
2025-12-23 13:32:35,262 - INFO - Row 113 - Ext. Ref. Nbr.: H0124456
2025-12-23 13:32:35,284 - INFO - Row 113 - Already matched, skipping
2025-12-23 13:32:35,320 - INFO - Row 114 - Ext. Ref. Nbr.: 0
2025-12-23 13:32:35,339 - INFO - Row 114 - Already matched, skipping
2025-12-23 13:32:35,374 - INFO - Row 115 - Ext. Ref. Nbr.: L0105031
2025-12-23 13:32:35,394 - INFO - Row 115 - Already matched, skipping
2025-12-23 13:32:35,432 - INFO - Row 116 - Ext. Ref. Nbr.: 0
2025-12-23 13:32:35,448 - INFO - Row 116 - Already matched, skipping
2025-12-23 13:32:35,472 - INFO - Row 117 - Ext. Ref. Nbr.: H0124458
2025-12-23 13:32:35,486 - INFO - Row 117 - Already matched, skipping
2025-12-23 13:32:35,523 - INFO - Row 118 - Ext. Ref. Nbr.: 0
2025-12-23 13:32:35,542 - INFO - Row 118 - Already matched, skipping
2025-12-23 13:32:35,572 - INFO - Row 119 - Ext. Ref. Nbr.: L0105032
2025-12-23 13:32:35,591 - INFO - Row 119 - Already matched, skipping
2025-12-23 13:32:35,621 - INFO - Row 120 - Ext. Ref. Nbr.: 0
2025-12-23 13:32:35,634 - INFO - Row 120 - Already matched, skipping
2025-12-23 13:32:35,667 - INFO - Row 121 - Ext. Ref. Nbr.: H0124462
2025-12-23 13:32:35,677 - INFO - Row 121 - Already matched, skipping
2025-12-23 13:32:35,706 - INFO - Row 122 - Ext. Ref. Nbr.: H0124463
2025-12-23 13:32:35,718 - INFO - Row 122 - Already matched, skipping
2025-12-23 13:32:35,749 - INFO - Row 123 - Ext. Ref. Nbr.: 0
2025-12-23 13:32:35,764 - INFO - Row 123 - Already matched, skipping
2025-12-23 13:32:35,786 - INFO - Row 124 - Ext. Ref. Nbr.: 0
2025-12-23 13:32:35,798 - INFO - Row 124 - Already matched, skipping
2025-12-23 13:32:35,825 - INFO - Row 125 - Ext. Ref. Nbr.: H0124464
2025-12-23 13:32:35,839 - INFO - Row 125 - Already matched, skipping
2025-12-23 13:32:35,866 - INFO - Row 126 - Ext. Ref. Nbr.: 0
2025-12-23 13:32:35,887 - INFO - Row 126 - Already matched, skipping
2025-12-23 13:32:35,909 - INFO - Row 127 - Ext. Ref. Nbr.: H0124466
2025-12-23 13:32:35,922 - INFO - Row 127 - Already matched, skipping
2025-12-23 13:32:35,945 - INFO - Row 128 - Ext. Ref. Nbr.: 0
2025-12-23 13:32:35,958 - INFO - Row 128 - Already matched, skipping
2025-12-23 13:32:35,995 - INFO - Row 129 - Ext. Ref. Nbr.: H0124471
2025-12-23 13:32:36,006 - INFO - Row 129 - Already matched, skipping
2025-12-23 13:32:36,039 - INFO - Row 130 - Ext. Ref. Nbr.: 0
2025-12-23 13:32:36,049 - INFO - Row 130 - Already matched, skipping
2025-12-23 13:32:36,074 - INFO - Row 131 - Ext. Ref. Nbr.: H0124470
2025-12-23 13:32:36,084 - INFO - Row 131 - Already matched, skipping
2025-12-23 13:32:36,123 - INFO - Row 132 - Ext. Ref. Nbr.: H0124467
2025-12-23 13:32:36,135 - INFO - Row 132 - Already matched, skipping
2025-12-23 13:32:36,158 - INFO - Row 133 - Ext. Ref. Nbr.: 0
2025-12-23 13:32:36,175 - INFO - Row 133 - Already matched, skipping
2025-12-23 13:32:36,208 - INFO - Row 134 - Ext. Ref. Nbr.: 0
2025-12-23 13:32:36,223 - INFO - Row 134 - Already matched, skipping
2025-12-23 13:32:36,251 - INFO - Row 135 - Ext. Ref. Nbr.: L0105041
2025-12-23 13:32:36,261 - INFO - Row 135 - Already matched, skipping
2025-12-23 13:32:36,302 - INFO - Row 136 - Ext. Ref. Nbr.: 0
2025-12-23 13:32:36,314 - INFO - Row 136 - Already matched, skipping
2025-12-23 13:32:36,344 - INFO - Row 137 - Ext. Ref. Nbr.: H0124472
2025-12-23 13:32:36,363 - INFO - Row 137 - Already matched, skipping
2025-12-23 13:32:36,394 - INFO - Row 138 - Ext. Ref. Nbr.: 0
2025-12-23 13:32:36,411 - INFO - Row 138 - Already matched, skipping
2025-12-23 13:32:36,463 - INFO - Row 139 - Ext. Ref. Nbr.: H0124474
2025-12-23 13:32:36,481 - INFO - Row 139 - Already matched, skipping
2025-12-23 13:32:36,513 - INFO - Row 140 - Ext. Ref. Nbr.: 0
2025-12-23 13:32:36,531 - INFO - Row 140 - Already matched, skipping
2025-12-23 13:32:36,563 - INFO - Row 141 - Ext. Ref. Nbr.: H0124475
2025-12-23 13:32:36,579 - INFO - Row 141 - Already matched, skipping
2025-12-23 13:32:36,606 - INFO - Row 142 - Ext. Ref. Nbr.: 0
2025-12-23 13:32:36,619 - INFO - Row 142 - Already matched, skipping
2025-12-23 13:32:36,654 - INFO - Row 143 - Ext. Ref. Nbr.: L0105042
2025-12-23 13:32:36,666 - INFO - Row 143 - Already matched, skipping
2025-12-23 13:32:36,696 - INFO - Row 144 - Ext. Ref. Nbr.: 0
2025-12-23 13:32:36,708 - INFO - Row 144 - Already matched, skipping
2025-12-23 13:32:36,731 - INFO - Row 145 - Ext. Ref. Nbr.: L0105043
2025-12-23 13:32:36,749 - INFO - Row 145 - Already matched, skipping
2025-12-23 13:32:36,782 - INFO - Row 146 - Ext. Ref. Nbr.: 0
2025-12-23 13:32:36,793 - INFO - Row 146 - Already matched, skipping
2025-12-23 13:32:36,818 - INFO - Row 147 - Ext. Ref. Nbr.: H0124478
2025-12-23 13:32:36,829 - INFO - Row 147 - Already matched, skipping
2025-12-23 13:32:36,851 - INFO - Row 148 - Ext. Ref. Nbr.: 0
2025-12-23 13:32:36,862 - INFO - Row 148 - Already matched, skipping
2025-12-23 13:32:36,891 - INFO - Row 149 - Ext. Ref. Nbr.: H0124479
2025-12-23 13:32:36,910 - INFO - Row 149 - Already matched, skipping
2025-12-23 13:32:36,945 - INFO - Row 150 - Ext. Ref. Nbr.: 0
2025-12-23 13:32:36,956 - INFO - Row 150 - Already matched, skipping
2025-12-23 13:32:36,991 - INFO - Row 151 - Ext. Ref. Nbr.: L0105045
2025-12-23 13:32:37,003 - INFO - Row 151 - Already matched, skipping
2025-12-23 13:32:37,024 - INFO - Row 152 - Ext. Ref. Nbr.: 0
2025-12-23 13:32:37,041 - INFO - Row 152 - Already matched, skipping
2025-12-23 13:32:37,064 - INFO - Row 153 - Ext. Ref. Nbr.: 0009765H
2025-12-23 13:32:37,085 - INFO - Row 153 - Already matched, skipping
2025-12-23 13:32:37,115 - INFO - Row 154 - Ext. Ref. Nbr.: 0
2025-12-23 13:32:37,134 - INFO - Row 154 - Already matched, skipping
2025-12-23 13:32:37,169 - INFO - Row 155 - Ext. Ref. Nbr.: H0124481
2025-12-23 13:32:37,185 - INFO - Row 155 - Already matched, skipping
2025-12-23 13:32:37,224 - INFO - Row 156 - Ext. Ref. Nbr.: 0
2025-12-23 13:32:37,244 - INFO - Row 156 - Already matched, skipping
2025-12-23 13:32:37,278 - INFO - Row 157 - Ext. Ref. Nbr.: L0105047
2025-12-23 13:32:37,297 - INFO - Row 157 - Already matched, skipping
2025-12-23 13:32:37,340 - INFO - Row 158 - Ext. Ref. Nbr.: 0
2025-12-23 13:32:37,365 - INFO - Row 158 - Already matched, skipping
2025-12-23 13:32:37,406 - INFO - Row 159 - Ext. Ref. Nbr.: L0105049
2025-12-23 13:32:37,427 - INFO - Row 159 - Already matched, skipping
2025-12-23 13:32:37,463 - INFO - Row 160 - Ext. Ref. Nbr.: 0
2025-12-23 13:32:37,480 - INFO - Row 160 - Already matched, skipping
2025-12-23 13:32:37,508 - INFO - Row 161 - Ext. Ref. Nbr.: H0124482
2025-12-23 13:32:37,527 - INFO - Row 161 - Already matched, skipping
2025-12-23 13:32:37,590 - INFO - Row 162 - Ext. Ref. Nbr.: 0
2025-12-23 13:32:37,615 - INFO - Row 162 - Already matched, skipping
2025-12-23 13:32:37,651 - INFO - Row 163 - Ext. Ref. Nbr.: 0009767H
2025-12-23 13:32:37,670 - INFO - Row 163 - Already matched, skipping
2025-12-23 13:32:37,707 - INFO - Row 164 - Ext. Ref. Nbr.: 0
2025-12-23 13:32:37,724 - INFO - Row 164 - Already matched, skipping
2025-12-23 13:32:37,762 - INFO - Row 165 - Ext. Ref. Nbr.: L0105050
2025-12-23 13:32:37,774 - INFO - Row 165 - Already matched, skipping
2025-12-23 13:32:37,819 - INFO - Row 166 - Ext. Ref. Nbr.: 0
2025-12-23 13:32:37,831 - INFO - Row 166 - Already matched, skipping
2025-12-23 13:32:37,858 - INFO - Row 167 - Ext. Ref. Nbr.: H0124484
2025-12-23 13:32:37,876 - INFO - Row 167 - Already matched, skipping
2025-12-23 13:32:37,901 - INFO - Row 168 - Ext. Ref. Nbr.: 0
2025-12-23 13:32:37,913 - INFO - Row 168 - Already matched, skipping
2025-12-23 13:32:37,938 - INFO - Row 169 - Ext. Ref. Nbr.: L0105051
2025-12-23 13:32:37,949 - INFO - Row 169 - Already matched, skipping
2025-12-23 13:32:37,981 - INFO - Row 170 - Ext. Ref. Nbr.: L0105052
2025-12-23 13:32:37,995 - INFO - Row 170 - Already matched, skipping
2025-12-23 13:32:38,027 - INFO - Row 171 - Ext. Ref. Nbr.: 0
2025-12-23 13:32:38,050 - INFO - Row 171 - Already matched, skipping
2025-12-23 13:32:38,078 - INFO - Row 172 - Ext. Ref. Nbr.: 0
2025-12-23 13:32:38,090 - INFO - Row 172 - Already matched, skipping
2025-12-23 13:32:38,116 - INFO - Row 173 - Ext. Ref. Nbr.: H0124490
2025-12-23 13:32:38,133 - INFO - Row 173 - Already matched, skipping
2025-12-23 13:32:38,160 - INFO - Row 174 - Ext. Ref. Nbr.: 0
2025-12-23 13:32:38,175 - INFO - Row 174 - Already matched, skipping
2025-12-23 13:32:38,208 - INFO - Row 175 - Ext. Ref. Nbr.: L0105053
2025-12-23 13:32:38,221 - INFO - Row 175 - Already matched, skipping
2025-12-23 13:32:38,250 - INFO - Row 176 - Ext. Ref. Nbr.: 0
2025-12-23 13:32:38,265 - INFO - Row 176 - Already matched, skipping
2025-12-23 13:32:38,294 - INFO - Row 177 - Ext. Ref. Nbr.: H0124492
2025-12-23 13:32:38,311 - INFO - Row 177 - Already matched, skipping
2025-12-23 13:32:38,340 - INFO - Row 178 - Ext. Ref. Nbr.: 0
2025-12-23 13:32:38,352 - INFO - Row 178 - Already matched, skipping
2025-12-23 13:32:38,374 - INFO - Row 179 - Ext. Ref. Nbr.: H0124493
2025-12-23 13:32:38,387 - INFO - Row 179 - Already matched, skipping
2025-12-23 13:32:38,412 - INFO - Row 180 - Ext. Ref. Nbr.: 0
2025-12-23 13:32:38,426 - INFO - Row 180 - Already matched, skipping
2025-12-23 13:32:38,454 - INFO - Row 181 - Ext. Ref. Nbr.: L0105055
2025-12-23 13:32:38,470 - INFO - Row 181 - Already matched, skipping
2025-12-23 13:32:38,492 - INFO - Row 182 - Ext. Ref. Nbr.: 0
2025-12-23 13:32:38,504 - INFO - Row 182 - Already matched, skipping
2025-12-23 13:32:38,527 - INFO - Row 183 - Ext. Ref. Nbr.: H0124495
2025-12-23 13:32:38,543 - INFO - Row 183 - Already matched, skipping
2025-12-23 13:32:38,569 - INFO - Row 184 - Ext. Ref. Nbr.: 0
2025-12-23 13:32:38,581 - INFO - Row 184 - Already matched, skipping
2025-12-23 13:32:38,609 - INFO - Row 185 - Ext. Ref. Nbr.: H0124497
2025-12-23 13:32:38,622 - INFO - Row 185 - Already matched, skipping
2025-12-23 13:32:38,645 - INFO - Row 186 - Ext. Ref. Nbr.: 0
2025-12-23 13:32:38,657 - INFO - Row 186 - Already matched, skipping
2025-12-23 13:32:38,842 - INFO - Row 187 - Ext. Ref. Nbr.: H0124502
2025-12-23 13:32:38,855 - INFO - Row 187 - Already matched, skipping
2025-12-23 13:32:38,880 - INFO - Row 188 - Ext. Ref. Nbr.: 0
2025-12-23 13:32:38,893 - INFO - Row 188 - Already matched, skipping
2025-12-23 13:32:38,920 - INFO - Row 189 - Ext. Ref. Nbr.: H0124504
2025-12-23 13:32:38,932 - INFO - Row 189 - Already matched, skipping
2025-12-23 13:32:38,961 - INFO - Row 190 - Ext. Ref. Nbr.: 0
2025-12-23 13:32:38,973 - INFO - Row 190 - Already matched, skipping
2025-12-23 13:32:39,004 - INFO - Row 191 - Ext. Ref. Nbr.: H0124509
2025-12-23 13:32:39,017 - INFO - Row 191 - Already matched, skipping
2025-12-23 13:32:39,040 - INFO - Row 192 - Ext. Ref. Nbr.: 0
2025-12-23 13:32:39,052 - INFO - Row 192 - Already matched, skipping
2025-12-23 13:32:39,085 - INFO - Row 193 - Ext. Ref. Nbr.: L0105057
2025-12-23 13:32:39,101 - INFO - Row 193 - Already matched, skipping
2025-12-23 13:32:39,123 - INFO - Row 194 - Ext. Ref. Nbr.: 0
2025-12-23 13:32:39,145 - INFO - Row 194 - Already matched, skipping
2025-12-23 13:32:39,172 - INFO - Row 195 - Ext. Ref. Nbr.: H0124511
2025-12-23 13:32:39,184 - INFO - Row 195 - Already matched, skipping
2025-12-23 13:32:39,211 - INFO - Row 196 - Ext. Ref. Nbr.: H0124512
2025-12-23 13:32:39,228 - INFO - Row 196 - Already matched, skipping
2025-12-23 13:32:39,252 - INFO - Row 197 - Ext. Ref. Nbr.: 0
2025-12-23 13:32:39,270 - INFO - Row 197 - Already matched, skipping
2025-12-23 13:32:39,311 - INFO - Row 198 - Ext. Ref. Nbr.: 0
2025-12-23 13:32:39,328 - INFO - Row 198 - Already matched, skipping
2025-12-23 13:32:39,361 - INFO - Row 199 - Ext. Ref. Nbr.: 0
2025-12-23 13:32:39,374 - INFO - Row 199 - Already matched, skipping
2025-12-23 13:32:39,442 - ERROR - Error during pagination on page 1: Locator.is_visible: Error: strict mode violation: locator("li:nth-child(4) > .toolsBtn > .toolBtnNormal .main-icon-img.main-PageNext") resolved to 2 elements:
    1) <div class="main-icon-img main-PageNext">↵↵⇆⇆⇆⇆⇆⇆⇆⇆⇆⇆⇆</div> aka locator(".main-icon-img.main-PageNext").first
    2) <div class="main-icon-img main-PageNext">↵↵⇆⇆⇆⇆⇆⇆⇆⇆⇆⇆⇆⇆⇆⇆</div> aka locator("#ctl00_phG_PXSplitContainer_tab2_t0_PXGrid1_ab_tlb_ul > li:nth-child(4) > .toolsBtn > .toolBtnNormal > .sprite-icon > .main-icon-img")

Call log:
    - checking visibility of locator("li:nth-child(4) > .toolsBtn > .toolBtnNormal .main-icon-img.main-PageNext")

2025-12-23 13:32:39,443 - INFO - Pagination complete - processed 200 total rows across 1 pages
2025-12-23 13:32:39,443 - INFO - Manual matching complete - 200 rows processed
2025-12-23 13:32:39,443 - INFO - Processing manually matched items...
2025-12-23 13:32:39,541 - INFO - Clicked Process button (after manual matching) successfully
2025-12-23 13:32:44,631 - INFO - Clicked Back to list button successfully
2025-12-23 13:32:47,644 - INFO - Downloading results...
2025-12-23 13:32:47,710 - INFO - Clicked account link 'MBB02' successfully
2025-12-23 13:32:52,818 - INFO - Clicked Export dropdown successfully
2025-12-23 13:32:52,971 - INFO - Clicked Export to Excel button successfully
2025-12-23 13:33:22,843 - ERROR - FATAL ERROR: Timeout 30000ms exceeded while waiting for event "download"
=========================== logs ===========================
waiting for event "download"
============================================================
2025-12-23 13:33:23,149 - INFO - Browser cleanup completed
2025-12-23 13:33:23,161 - ERROR - ❌ CA Match failed: Timeout 30000ms exceeded while waiting for event "download"
=========================== logs ===========================
waiting for event "download"
============================================================
Traceback (most recent call last):
  File "d:\Github\PlayWright-Extractor\playwright_scripts\run_playwright.py", line 142, in run_ca_match
    records = process_bank_transactions(
        playwright=playwright,
    ...<9 lines>...
        headless=self.headless
    )
  File "d:\Github\PlayWright-Extractor\playwright_scripts\CA_Match_Process_Optimized.py", line 643, in process_bank_transactions
    return processor.run()
           ~~~~~~~~~~~~~^^
  File "d:\Github\PlayWright-Extractor\playwright_scripts\CA_Match_Process_Optimized.py", line 540, in run
    save_path = self.download_results()
  File "d:\Github\PlayWright-Extractor\playwright_scripts\CA_Match_Process_Optimized.py", line 457, in download_results
    with self.page.expect_download() as download_info:
         ~~~~~~~~~~~~~~~~~~~~~~~~~^^
  File "D:\Github\PlayWright-Extractor\venv\Lib\site-packages\playwright\_impl\_sync_base.py", line 85, in __exit__
    self._event.value
  File "D:\Github\PlayWright-Extractor\venv\Lib\site-packages\playwright\_impl\_sync_base.py", line 59, in value
    raise exception
playwright._impl._errors.TimeoutError: Timeout 30000ms exceeded while waiting for event "download"
=========================== logs ===========================
waiting for event "download"
============================================================
2025-12-23 13:33:23,162 - ERROR - 
======================================================================
2025-12-23 13:33:23,162 - ERROR - ❌ AUTOMATION WORKFLOW FAILED
2025-12-23 13:33:23,163 - ERROR - ======================================================================
2025-12-23 13:33:23,163 - ERROR - Error: Timeout 30000ms exceeded while waiting for event "download"
=========================== logs ===========================
waiting for event "download"
============================================================
2025-12-23 13:33:23,163 - ERROR - ======================================================================
2025-12-23 13:33:30,571 - INFO - ======================================================================
2025-12-23 13:33:30,571 - INFO - PLAYWRIGHT AUTOMATION RUNNER
2025-12-23 13:33:30,571 - INFO - ======================================================================
2025-12-23 13:33:30,572 - INFO - Account: MBB02
2025-12-23 13:33:30,572 - INFO - Date: 23/11/2025
2025-12-23 13:33:30,572 - INFO - Amount: 100.0
2025-12-23 13:33:30,572 - INFO - Headless Mode: False
2025-12-23 13:33:30,572 - INFO - Downloads Dir: d:\Github\PlayWright-Extractor\Downloads
2025-12-23 13:33:30,572 - INFO - ======================================================================
2025-12-23 13:33:30,573 - INFO - 
🚀 Starting complete automation workflow...

2025-12-23 13:33:30,573 - INFO - 
======================================================================
2025-12-23 13:33:30,573 - INFO - STEP 1: CA MATCH PROCESS
2025-12-23 13:33:30,573 - INFO - ======================================================================
2025-12-23 13:33:30,997 - INFO - Starting CA Match process...
2025-12-23 13:33:30,997 - INFO - ============================================================
2025-12-23 13:33:30,998 - INFO - CA MATCH PROCESS - OPTIMIZED VERSION
2025-12-23 13:33:30,998 - INFO - ============================================================
2025-12-23 13:33:30,999 - INFO - Initializing browser...
2025-12-23 13:33:31,535 - INFO - Browser initialized successfully
2025-12-23 13:33:31,535 - INFO - Logging in...
2025-12-23 13:33:33,907 - INFO - Navigating to Process Bank Records...
2025-12-23 13:33:43,101 - INFO - Starting auto-match process...
2025-12-23 13:33:43,212 - INFO - Clicked account link 'MBB02' successfully
2025-12-23 13:33:49,379 - INFO - Clicked Auto-Match button successfully
2025-12-23 13:33:51,415 - INFO - Waiting for auto-match confirmation...
2025-12-23 13:34:08,101 - WARNING - No 'Executing' message detected
2025-12-23 13:37:08,121 - WARNING - No completion message found - continuing anyway
2025-12-23 13:37:08,123 - INFO - Processing auto-matched items...
2025-12-23 13:37:08,233 - INFO - Clicked Process button successfully
2025-12-23 13:37:13,353 - INFO - Clicked Back button successfully
2025-12-23 13:37:16,372 - INFO - Starting manual matching process...
2025-12-23 13:37:16,466 - INFO - Clicked account link 'MBB02' successfully
2025-12-23 13:37:21,480 - INFO - Processing page 1...
2025-12-23 13:37:21,692 - INFO - Found 201 rows on page 1
2025-12-23 13:37:21,731 - INFO - Row 0 - Ext. Ref. Nbr.: 0
2025-12-23 13:37:21,746 - INFO - Row 0 - Already matched, skipping
2025-12-23 13:37:21,775 - INFO - Row 1 - Ext. Ref. Nbr.: H0124355
2025-12-23 13:37:21,793 - INFO - Row 1 - Already matched, skipping
2025-12-23 13:37:21,854 - INFO - Row 2 - Ext. Ref. Nbr.: 0
2025-12-23 13:37:21,873 - INFO - Row 2 - Already matched, skipping
2025-12-23 13:37:21,910 - INFO - Row 3 - Ext. Ref. Nbr.: H0124356
2025-12-23 13:37:21,928 - INFO - Row 3 - Already matched, skipping
2025-12-23 13:37:21,969 - INFO - Row 4 - Ext. Ref. Nbr.: 0
2025-12-23 13:37:21,983 - INFO - Row 4 - Already matched, skipping
2025-12-23 13:37:22,015 - INFO - Row 5 - Ext. Ref. Nbr.: H0124359
2025-12-23 13:37:22,040 - INFO - Row 5 - Already matched, skipping
2025-12-23 13:37:22,079 - INFO - Row 6 - Ext. Ref. Nbr.: 0
2025-12-23 13:37:22,094 - INFO - Row 6 - Already matched, skipping
2025-12-23 13:37:22,127 - INFO - Row 7 - Ext. Ref. Nbr.: H0124363
2025-12-23 13:37:22,148 - INFO - Row 7 - Already matched, skipping
2025-12-23 13:37:22,188 - INFO - Row 8 - Ext. Ref. Nbr.: 0
2025-12-23 13:37:22,211 - INFO - Row 8 - Already matched, skipping
2025-12-23 13:37:22,248 - INFO - Row 9 - Ext. Ref. Nbr.: L0105012
2025-12-23 13:37:22,260 - INFO - Row 9 - Already matched, skipping
2025-12-23 13:37:22,286 - INFO - Row 10 - Ext. Ref. Nbr.: 0
2025-12-23 13:37:22,308 - INFO - Row 10 - Already matched, skipping
2025-12-23 13:37:22,367 - INFO - Row 11 - Ext. Ref. Nbr.: H0124364
2025-12-23 13:37:22,386 - INFO - Row 11 - Already matched, skipping
2025-12-23 13:37:22,410 - INFO - Row 12 - Ext. Ref. Nbr.: 0
2025-12-23 13:37:22,430 - INFO - Row 12 - Already matched, skipping
2025-12-23 13:37:22,479 - INFO - Row 13 - Ext. Ref. Nbr.: L0105013
2025-12-23 13:37:22,493 - INFO - Row 13 - Already matched, skipping
2025-12-23 13:37:22,541 - INFO - Row 14 - Ext. Ref. Nbr.: 0
2025-12-23 13:37:22,562 - INFO - Row 14 - Already matched, skipping
2025-12-23 13:37:22,592 - INFO - Row 15 - Ext. Ref. Nbr.: H0124365
2025-12-23 13:37:22,606 - INFO - Row 15 - Already matched, skipping
2025-12-23 13:37:22,634 - INFO - Row 16 - Ext. Ref. Nbr.: 0
2025-12-23 13:37:22,662 - INFO - Row 16 - Already matched, skipping
2025-12-23 13:37:22,711 - INFO - Row 17 - Ext. Ref. Nbr.: H0124367
2025-12-23 13:37:22,723 - INFO - Row 17 - Already matched, skipping
2025-12-23 13:37:22,750 - INFO - Row 18 - Ext. Ref. Nbr.: H0124368
2025-12-23 13:37:22,767 - INFO - Row 18 - Already matched, skipping
2025-12-23 13:37:22,808 - INFO - Row 19 - Ext. Ref. Nbr.: 0
2025-12-23 13:37:22,832 - INFO - Row 19 - Already matched, skipping
2025-12-23 13:37:22,869 - INFO - Row 20 - Ext. Ref. Nbr.: 0
2025-12-23 13:37:22,891 - INFO - Row 20 - Already matched, skipping
2025-12-23 13:37:22,915 - INFO - Row 21 - Ext. Ref. Nbr.: H0124369
2025-12-23 13:37:22,933 - INFO - Row 21 - Already matched, skipping
2025-12-23 13:37:22,960 - INFO - Row 22 - Ext. Ref. Nbr.: 0
2025-12-23 13:37:22,973 - INFO - Row 22 - Already matched, skipping
2025-12-23 13:37:23,008 - INFO - Row 23 - Ext. Ref. Nbr.: H0124370
2025-12-23 13:37:23,024 - INFO - Row 23 - Already matched, skipping
2025-12-23 13:37:23,051 - INFO - Row 24 - Ext. Ref. Nbr.: 2025063035DBKKA
2025-12-23 13:37:23,063 - INFO - Row 24 - Already matched, skipping
2025-12-23 13:37:23,106 - INFO - Row 25 - Ext. Ref. Nbr.: 2025063036DBKKA
2025-12-23 13:37:23,133 - INFO - Row 25 - Already matched, skipping
2025-12-23 13:37:23,165 - INFO - Row 26 - Ext. Ref. Nbr.: 2025063019DBKKA
2025-12-23 13:37:23,179 - INFO - Row 26 - Already matched, skipping
2025-12-23 13:37:23,213 - INFO - Row 27 - Ext. Ref. Nbr.: 0
2025-12-23 13:37:23,233 - INFO - Row 27 - Already matched, skipping
2025-12-23 13:37:23,277 - INFO - Row 28 - Ext. Ref. Nbr.: H0124371
2025-12-23 13:37:23,297 - INFO - Row 28 - Already matched, skipping
2025-12-23 13:37:23,322 - INFO - Row 29 - Ext. Ref. Nbr.: 0
2025-12-23 13:37:23,333 - INFO - Row 29 - Already matched, skipping
2025-12-23 13:37:23,368 - INFO - Row 30 - Ext. Ref. Nbr.: 0
2025-12-23 13:37:23,390 - INFO - Row 30 - Already matched, skipping
2025-12-23 13:37:23,426 - INFO - Row 31 - Ext. Ref. Nbr.: H0124375
2025-12-23 13:37:23,444 - INFO - Row 31 - Already matched, skipping
2025-12-23 13:37:23,476 - INFO - Row 32 - Ext. Ref. Nbr.: 0
2025-12-23 13:37:23,488 - INFO - Row 32 - Already matched, skipping
2025-12-23 13:37:23,524 - INFO - Row 33 - Ext. Ref. Nbr.: L0105016
2025-12-23 13:37:23,544 - INFO - Row 33 - Already matched, skipping
2025-12-23 13:37:23,583 - INFO - Row 34 - Ext. Ref. Nbr.: 0
2025-12-23 13:37:23,608 - INFO - Row 34 - Already matched, skipping
2025-12-23 13:37:23,649 - INFO - Row 35 - Ext. Ref. Nbr.: H0124380
2025-12-23 13:37:23,668 - INFO - Row 35 - Already matched, skipping
2025-12-23 13:37:23,710 - INFO - Row 36 - Ext. Ref. Nbr.: 0
2025-12-23 13:37:23,734 - INFO - Row 36 - Already matched, skipping
2025-12-23 13:37:23,775 - INFO - Row 37 - Ext. Ref. Nbr.: H0124381
2025-12-23 13:37:23,795 - INFO - Row 37 - Already matched, skipping
2025-12-23 13:37:23,840 - INFO - Row 38 - Ext. Ref. Nbr.: 0
2025-12-23 13:37:23,861 - INFO - Row 38 - Already matched, skipping
2025-12-23 13:37:23,908 - INFO - Row 39 - Ext. Ref. Nbr.: H0124382
2025-12-23 13:37:23,930 - INFO - Row 39 - Already matched, skipping
2025-12-23 13:37:23,967 - INFO - Row 40 - Ext. Ref. Nbr.: 0
2025-12-23 13:37:23,993 - INFO - Row 40 - Already matched, skipping
2025-12-23 13:37:24,037 - INFO - Row 41 - Ext. Ref. Nbr.: 0
2025-12-23 13:37:24,059 - INFO - Row 41 - Already matched, skipping
2025-12-23 13:37:24,096 - INFO - Row 42 - Ext. Ref. Nbr.: H0124384
2025-12-23 13:37:24,117 - INFO - Row 42 - Already matched, skipping
2025-12-23 13:37:24,161 - INFO - Row 43 - Ext. Ref. Nbr.: 0
2025-12-23 13:37:24,178 - INFO - Row 43 - Already matched, skipping
2025-12-23 13:37:24,213 - INFO - Row 44 - Ext. Ref. Nbr.: H0124387
2025-12-23 13:37:24,231 - INFO - Row 44 - Already matched, skipping
2025-12-23 13:37:24,278 - INFO - Row 45 - Ext. Ref. Nbr.: 0
2025-12-23 13:37:24,301 - INFO - Row 45 - Already matched, skipping
2025-12-23 13:37:24,343 - INFO - Row 46 - Ext. Ref. Nbr.: 0
2025-12-23 13:37:24,363 - INFO - Row 46 - Already matched, skipping
2025-12-23 13:37:24,397 - INFO - Row 47 - Ext. Ref. Nbr.: H0124386
2025-12-23 13:37:24,412 - INFO - Row 47 - Already matched, skipping
2025-12-23 13:37:24,443 - INFO - Row 48 - Ext. Ref. Nbr.: 0
2025-12-23 13:37:24,459 - INFO - Row 48 - Already matched, skipping
2025-12-23 13:37:24,489 - INFO - Row 49 - Ext. Ref. Nbr.: H0124392
2025-12-23 13:37:24,504 - INFO - Row 49 - Already matched, skipping
2025-12-23 13:37:24,537 - INFO - Row 50 - Ext. Ref. Nbr.: 0
2025-12-23 13:37:24,558 - INFO - Row 50 - Already matched, skipping
2025-12-23 13:37:24,593 - INFO - Row 51 - Ext. Ref. Nbr.: H0124394
2025-12-23 13:37:24,612 - INFO - Row 51 - Already matched, skipping
2025-12-23 13:37:24,649 - INFO - Row 52 - Ext. Ref. Nbr.: 0
2025-12-23 13:37:24,666 - INFO - Row 52 - Already matched, skipping
2025-12-23 13:37:24,695 - INFO - Row 53 - Ext. Ref. Nbr.: H0124395
2025-12-23 13:37:24,708 - INFO - Row 53 - Already matched, skipping
2025-12-23 13:37:24,736 - INFO - Row 54 - Ext. Ref. Nbr.: 0
2025-12-23 13:37:24,748 - INFO - Row 54 - Already matched, skipping
2025-12-23 13:37:24,794 - INFO - Row 55 - Ext. Ref. Nbr.: H0124396
2025-12-23 13:37:24,825 - INFO - Row 55 - Already matched, skipping
2025-12-23 13:37:24,849 - INFO - Row 56 - Ext. Ref. Nbr.: 0
2025-12-23 13:37:24,866 - INFO - Row 56 - Already matched, skipping
2025-12-23 13:37:24,892 - INFO - Row 57 - Ext. Ref. Nbr.: H0124401
2025-12-23 13:37:24,906 - INFO - Row 57 - Already matched, skipping
2025-12-23 13:37:24,938 - INFO - Row 58 - Ext. Ref. Nbr.: 0
2025-12-23 13:37:24,954 - INFO - Row 58 - Already matched, skipping
2025-12-23 13:37:24,984 - INFO - Row 59 - Ext. Ref. Nbr.: H0124404
2025-12-23 13:37:24,995 - INFO - Row 59 - Already matched, skipping
2025-12-23 13:37:25,047 - INFO - Row 60 - Ext. Ref. Nbr.: 0
2025-12-23 13:37:25,062 - INFO - Row 60 - Already matched, skipping
2025-12-23 13:37:25,090 - INFO - Row 61 - Ext. Ref. Nbr.: H0124414
2025-12-23 13:37:25,100 - INFO - Row 61 - Already matched, skipping
2025-12-23 13:37:25,125 - INFO - Row 62 - Ext. Ref. Nbr.: 0
2025-12-23 13:37:25,156 - INFO - Row 62 - Already matched, skipping
2025-12-23 13:37:25,207 - INFO - Row 63 - Ext. Ref. Nbr.: H0124416
2025-12-23 13:37:25,223 - INFO - Row 63 - Already matched, skipping
2025-12-23 13:37:25,250 - INFO - Row 64 - Ext. Ref. Nbr.: 0
2025-12-23 13:37:25,263 - INFO - Row 64 - Already matched, skipping
2025-12-23 13:37:25,304 - INFO - Row 65 - Ext. Ref. Nbr.: H0124417
2025-12-23 13:37:25,326 - INFO - Row 65 - Already matched, skipping
2025-12-23 13:37:25,358 - INFO - Row 66 - Ext. Ref. Nbr.: 0
2025-12-23 13:37:25,378 - INFO - Row 66 - Already matched, skipping
2025-12-23 13:37:25,409 - INFO - Row 67 - Ext. Ref. Nbr.: H0124420
2025-12-23 13:37:25,427 - INFO - Row 67 - Already matched, skipping
2025-12-23 13:37:25,450 - INFO - Row 68 - Ext. Ref. Nbr.: 0
2025-12-23 13:37:25,466 - INFO - Row 68 - Already matched, skipping
2025-12-23 13:37:25,501 - INFO - Row 69 - Ext. Ref. Nbr.: H0124421
2025-12-23 13:37:25,526 - INFO - Row 69 - Already matched, skipping
2025-12-23 13:37:25,555 - INFO - Row 70 - Ext. Ref. Nbr.: 0
2025-12-23 13:37:25,565 - INFO - Row 70 - Already matched, skipping
2025-12-23 13:37:25,598 - INFO - Row 71 - Ext. Ref. Nbr.: H0124422
2025-12-23 13:37:25,622 - INFO - Row 71 - Already matched, skipping
2025-12-23 13:37:25,647 - INFO - Row 72 - Ext. Ref. Nbr.: 0
2025-12-23 13:37:25,675 - INFO - Row 72 - Already matched, skipping
2025-12-23 13:37:25,700 - INFO - Row 73 - Ext. Ref. Nbr.: L0105020
2025-12-23 13:37:25,714 - INFO - Row 73 - Already matched, skipping
2025-12-23 13:37:25,767 - INFO - Row 74 - Ext. Ref. Nbr.: 0
2025-12-23 13:37:25,791 - INFO - Row 74 - Already matched, skipping
2025-12-23 13:37:25,835 - INFO - Row 75 - Ext. Ref. Nbr.: H0124429
2025-12-23 13:37:25,848 - INFO - Row 75 - Already matched, skipping
2025-12-23 13:37:25,882 - INFO - Row 76 - Ext. Ref. Nbr.: 0
2025-12-23 13:37:25,909 - INFO - Row 76 - Already matched, skipping
2025-12-23 13:37:25,946 - INFO - Row 77 - Ext. Ref. Nbr.: H0124432
2025-12-23 13:37:25,965 - INFO - Row 77 - Already matched, skipping
2025-12-23 13:37:26,006 - INFO - Row 78 - Ext. Ref. Nbr.: 0
2025-12-23 13:37:26,018 - INFO - Row 78 - Already matched, skipping
2025-12-23 13:37:26,058 - INFO - Row 79 - Ext. Ref. Nbr.: H0124433
2025-12-23 13:37:26,080 - INFO - Row 79 - Already matched, skipping
2025-12-23 13:37:26,117 - INFO - Row 80 - Ext. Ref. Nbr.: 0
2025-12-23 13:37:26,139 - INFO - Row 80 - Already matched, skipping
2025-12-23 13:37:26,181 - INFO - Row 81 - Ext. Ref. Nbr.: H0124435
2025-12-23 13:37:26,197 - INFO - Row 81 - Already matched, skipping
2025-12-23 13:37:26,232 - INFO - Row 82 - Ext. Ref. Nbr.: L0105022
2025-12-23 13:37:26,247 - INFO - Row 82 - Already matched, skipping
2025-12-23 13:37:26,280 - INFO - Row 83 - Ext. Ref. Nbr.: 0
2025-12-23 13:37:26,297 - INFO - Row 83 - Already matched, skipping
2025-12-23 13:37:26,340 - INFO - Row 84 - Ext. Ref. Nbr.: 0
2025-12-23 13:37:26,361 - INFO - Row 84 - Already matched, skipping
2025-12-23 13:37:26,408 - INFO - Row 85 - Ext. Ref. Nbr.: H0124438
2025-12-23 13:37:26,432 - INFO - Row 85 - Already matched, skipping
2025-12-23 13:37:26,474 - INFO - Row 86 - Ext. Ref. Nbr.: 0
2025-12-23 13:37:26,498 - INFO - Row 86 - Already matched, skipping
2025-12-23 13:37:26,536 - INFO - Row 87 - Ext. Ref. Nbr.: H0124439
2025-12-23 13:37:26,557 - INFO - Row 87 - Already matched, skipping
2025-12-23 13:37:26,605 - INFO - Row 88 - Ext. Ref. Nbr.: 0
2025-12-23 13:37:26,626 - INFO - Row 88 - Already matched, skipping
2025-12-23 13:37:26,664 - INFO - Row 89 - Ext. Ref. Nbr.: H0124440
2025-12-23 13:37:26,683 - INFO - Row 89 - Already matched, skipping
2025-12-23 13:37:26,724 - INFO - Row 90 - Ext. Ref. Nbr.: 0
2025-12-23 13:37:26,740 - INFO - Row 90 - Already matched, skipping
2025-12-23 13:37:26,779 - INFO - Row 91 - Ext. Ref. Nbr.: H0124441
2025-12-23 13:37:26,798 - INFO - Row 91 - Already matched, skipping
2025-12-23 13:37:26,836 - INFO - Row 92 - Ext. Ref. Nbr.: 0
2025-12-23 13:37:26,856 - INFO - Row 92 - Already matched, skipping
2025-12-23 13:37:26,887 - INFO - Row 93 - Ext. Ref. Nbr.: H0124442
2025-12-23 13:37:26,908 - INFO - Row 93 - Already matched, skipping
2025-12-23 13:37:26,949 - INFO - Row 94 - Ext. Ref. Nbr.: 0
2025-12-23 13:37:26,967 - INFO - Row 94 - Already matched, skipping
2025-12-23 13:37:27,009 - INFO - Row 95 - Ext. Ref. Nbr.: L0105026
2025-12-23 13:37:27,023 - INFO - Row 95 - Already matched, skipping
2025-12-23 13:37:27,064 - INFO - Row 96 - Ext. Ref. Nbr.: 0
2025-12-23 13:37:27,077 - INFO - Row 96 - Already matched, skipping
2025-12-23 13:37:27,110 - INFO - Row 97 - Ext. Ref. Nbr.: H0124445
2025-12-23 13:37:27,128 - INFO - Row 97 - Already matched, skipping
2025-12-23 13:37:27,162 - INFO - Row 98 - Ext. Ref. Nbr.: 0
2025-12-23 13:37:27,179 - INFO - Row 98 - Already matched, skipping
2025-12-23 13:37:27,208 - INFO - Row 99 - Ext. Ref. Nbr.: L0105027
2025-12-23 13:37:27,227 - INFO - Row 99 - Already matched, skipping
2025-12-23 13:37:27,262 - INFO - Row 100 - Ext. Ref. Nbr.: 0
2025-12-23 13:37:27,277 - INFO - Row 100 - Already matched, skipping
2025-12-23 13:37:27,319 - INFO - Row 101 - Ext. Ref. Nbr.: H0124447
2025-12-23 13:37:27,335 - INFO - Row 101 - Already matched, skipping
2025-12-23 13:37:27,369 - INFO - Row 102 - Ext. Ref. Nbr.: 0
2025-12-23 13:37:27,390 - INFO - Row 102 - Already matched, skipping
2025-12-23 13:37:27,425 - INFO - Row 103 - Ext. Ref. Nbr.: H0124446
2025-12-23 13:37:27,442 - INFO - Row 103 - Already matched, skipping
2025-12-23 13:37:27,483 - INFO - Row 104 - Ext. Ref. Nbr.: 0
2025-12-23 13:37:27,496 - INFO - Row 104 - Already matched, skipping
2025-12-23 13:37:27,525 - INFO - Row 105 - Ext. Ref. Nbr.: H0124451
2025-12-23 13:37:27,538 - INFO - Row 105 - Already matched, skipping
2025-12-23 13:37:27,564 - INFO - Row 106 - Ext. Ref. Nbr.: 0
2025-12-23 13:37:27,577 - INFO - Row 106 - Already matched, skipping
2025-12-23 13:37:27,614 - INFO - Row 107 - Ext. Ref. Nbr.: L0105029
2025-12-23 13:37:27,634 - INFO - Row 107 - Already matched, skipping
2025-12-23 13:37:27,666 - INFO - Row 108 - Ext. Ref. Nbr.: 0
2025-12-23 13:37:27,684 - INFO - Row 108 - Already matched, skipping
2025-12-23 13:37:27,726 - INFO - Row 109 - Ext. Ref. Nbr.: L0105030
2025-12-23 13:37:27,744 - INFO - Row 109 - Already matched, skipping
2025-12-23 13:37:27,768 - INFO - Row 110 - Ext. Ref. Nbr.: 0
2025-12-23 13:37:27,792 - INFO - Row 110 - Already matched, skipping
2025-12-23 13:37:27,837 - INFO - Row 111 - Ext. Ref. Nbr.: H0124453
2025-12-23 13:37:27,855 - INFO - Row 111 - Already matched, skipping
2025-12-23 13:37:27,885 - INFO - Row 112 - Ext. Ref. Nbr.: 0
2025-12-23 13:37:27,910 - INFO - Row 112 - Already matched, skipping
2025-12-23 13:37:27,938 - INFO - Row 113 - Ext. Ref. Nbr.: H0124456
2025-12-23 13:37:27,962 - INFO - Row 113 - Already matched, skipping
2025-12-23 13:37:27,999 - INFO - Row 114 - Ext. Ref. Nbr.: 0
2025-12-23 13:37:28,018 - INFO - Row 114 - Already matched, skipping
2025-12-23 13:37:28,064 - INFO - Row 115 - Ext. Ref. Nbr.: L0105031
2025-12-23 13:37:28,090 - INFO - Row 115 - Already matched, skipping
2025-12-23 13:37:28,128 - INFO - Row 116 - Ext. Ref. Nbr.: 0
2025-12-23 13:37:28,147 - INFO - Row 116 - Already matched, skipping
2025-12-23 13:37:28,179 - INFO - Row 117 - Ext. Ref. Nbr.: H0124458
2025-12-23 13:37:28,199 - INFO - Row 117 - Already matched, skipping
2025-12-23 13:37:28,228 - INFO - Row 118 - Ext. Ref. Nbr.: 0
2025-12-23 13:37:28,244 - INFO - Row 118 - Already matched, skipping
2025-12-23 13:37:28,277 - INFO - Row 119 - Ext. Ref. Nbr.: L0105032
2025-12-23 13:37:28,294 - INFO - Row 119 - Already matched, skipping
2025-12-23 13:37:28,333 - INFO - Row 120 - Ext. Ref. Nbr.: 0
2025-12-23 13:37:28,352 - INFO - Row 120 - Already matched, skipping
2025-12-23 13:37:28,389 - INFO - Row 121 - Ext. Ref. Nbr.: H0124462
2025-12-23 13:37:28,411 - INFO - Row 121 - Already matched, skipping
2025-12-23 13:37:28,449 - INFO - Row 122 - Ext. Ref. Nbr.: H0124463
2025-12-23 13:37:28,463 - INFO - Row 122 - Already matched, skipping
2025-12-23 13:37:28,499 - INFO - Row 123 - Ext. Ref. Nbr.: 0
2025-12-23 13:37:28,520 - INFO - Row 123 - Already matched, skipping
2025-12-23 13:37:28,560 - INFO - Row 124 - Ext. Ref. Nbr.: 0
2025-12-23 13:37:28,580 - INFO - Row 124 - Already matched, skipping
2025-12-23 13:37:28,619 - INFO - Row 125 - Ext. Ref. Nbr.: H0124464
2025-12-23 13:37:28,643 - INFO - Row 125 - Already matched, skipping
2025-12-23 13:37:28,681 - INFO - Row 126 - Ext. Ref. Nbr.: 0
2025-12-23 13:37:28,701 - INFO - Row 126 - Already matched, skipping
2025-12-23 13:37:28,738 - INFO - Row 127 - Ext. Ref. Nbr.: H0124466
2025-12-23 13:37:28,760 - INFO - Row 127 - Already matched, skipping
2025-12-23 13:37:28,790 - INFO - Row 128 - Ext. Ref. Nbr.: 0
2025-12-23 13:37:28,800 - INFO - Row 128 - Already matched, skipping
2025-12-23 13:37:28,831 - INFO - Row 129 - Ext. Ref. Nbr.: H0124471
2025-12-23 13:37:28,852 - INFO - Row 129 - Already matched, skipping
2025-12-23 13:37:28,898 - INFO - Row 130 - Ext. Ref. Nbr.: 0
2025-12-23 13:37:28,911 - INFO - Row 130 - Already matched, skipping
2025-12-23 13:37:28,939 - INFO - Row 131 - Ext. Ref. Nbr.: H0124470
2025-12-23 13:37:28,956 - INFO - Row 131 - Already matched, skipping
2025-12-23 13:37:28,992 - INFO - Row 132 - Ext. Ref. Nbr.: H0124467
2025-12-23 13:37:29,007 - INFO - Row 132 - Already matched, skipping
2025-12-23 13:37:29,045 - INFO - Row 133 - Ext. Ref. Nbr.: 0
2025-12-23 13:37:29,064 - INFO - Row 133 - Already matched, skipping
2025-12-23 13:37:29,108 - INFO - Row 134 - Ext. Ref. Nbr.: 0
2025-12-23 13:37:29,128 - INFO - Row 134 - Already matched, skipping
2025-12-23 13:37:29,166 - INFO - Row 135 - Ext. Ref. Nbr.: L0105041
2025-12-23 13:37:29,178 - INFO - Row 135 - Already matched, skipping
2025-12-23 13:37:29,205 - INFO - Row 136 - Ext. Ref. Nbr.: 0
2025-12-23 13:37:29,217 - INFO - Row 136 - Already matched, skipping
2025-12-23 13:37:29,246 - INFO - Row 137 - Ext. Ref. Nbr.: H0124472
2025-12-23 13:37:29,262 - INFO - Row 137 - Already matched, skipping
2025-12-23 13:37:29,291 - INFO - Row 138 - Ext. Ref. Nbr.: 0
2025-12-23 13:37:29,309 - INFO - Row 138 - Already matched, skipping
2025-12-23 13:37:29,349 - INFO - Row 139 - Ext. Ref. Nbr.: H0124474
2025-12-23 13:37:29,370 - INFO - Row 139 - Already matched, skipping
2025-12-23 13:37:29,406 - INFO - Row 140 - Ext. Ref. Nbr.: 0
2025-12-23 13:37:29,419 - INFO - Row 140 - Already matched, skipping
2025-12-23 13:37:29,462 - INFO - Row 141 - Ext. Ref. Nbr.: H0124475
2025-12-23 13:37:29,475 - INFO - Row 141 - Already matched, skipping
2025-12-23 13:37:29,507 - INFO - Row 142 - Ext. Ref. Nbr.: 0
2025-12-23 13:37:29,521 - INFO - Row 142 - Already matched, skipping
2025-12-23 13:37:29,550 - INFO - Row 143 - Ext. Ref. Nbr.: L0105042
2025-12-23 13:37:29,572 - INFO - Row 143 - Already matched, skipping
2025-12-23 13:37:29,604 - INFO - Row 144 - Ext. Ref. Nbr.: 0
2025-12-23 13:37:29,617 - INFO - Row 144 - Already matched, skipping
2025-12-23 13:37:29,650 - INFO - Row 145 - Ext. Ref. Nbr.: L0105043
2025-12-23 13:37:29,674 - INFO - Row 145 - Already matched, skipping
2025-12-23 13:37:29,708 - INFO - Row 146 - Ext. Ref. Nbr.: 0
2025-12-23 13:37:29,726 - INFO - Row 146 - Already matched, skipping
2025-12-23 13:37:29,759 - INFO - Row 147 - Ext. Ref. Nbr.: H0124478
2025-12-23 13:37:29,775 - INFO - Row 147 - Already matched, skipping
2025-12-23 13:37:29,804 - INFO - Row 148 - Ext. Ref. Nbr.: 0
2025-12-23 13:37:29,818 - INFO - Row 148 - Already matched, skipping
2025-12-23 13:37:29,846 - INFO - Row 149 - Ext. Ref. Nbr.: H0124479
2025-12-23 13:37:29,876 - INFO - Row 149 - Already matched, skipping
2025-12-23 13:37:29,920 - INFO - Row 150 - Ext. Ref. Nbr.: 0
2025-12-23 13:37:29,934 - INFO - Row 150 - Already matched, skipping
2025-12-23 13:37:29,972 - INFO - Row 151 - Ext. Ref. Nbr.: L0105045
2025-12-23 13:37:29,986 - INFO - Row 151 - Already matched, skipping
2025-12-23 13:37:30,043 - INFO - Row 152 - Ext. Ref. Nbr.: 0
2025-12-23 13:37:30,056 - INFO - Row 152 - Already matched, skipping
2025-12-23 13:37:30,091 - INFO - Row 153 - Ext. Ref. Nbr.: 0009765H
2025-12-23 13:37:30,103 - INFO - Row 153 - Already matched, skipping
2025-12-23 13:37:30,132 - INFO - Row 154 - Ext. Ref. Nbr.: 0
2025-12-23 13:37:30,148 - INFO - Row 154 - Already matched, skipping
2025-12-23 13:37:30,185 - INFO - Row 155 - Ext. Ref. Nbr.: H0124481
2025-12-23 13:37:30,205 - INFO - Row 155 - Already matched, skipping
2025-12-23 13:37:30,243 - INFO - Row 156 - Ext. Ref. Nbr.: 0
2025-12-23 13:37:30,258 - INFO - Row 156 - Already matched, skipping
2025-12-23 13:37:30,292 - INFO - Row 157 - Ext. Ref. Nbr.: L0105047
2025-12-23 13:37:30,307 - INFO - Row 157 - Already matched, skipping
2025-12-23 13:37:30,340 - INFO - Row 158 - Ext. Ref. Nbr.: 0
2025-12-23 13:37:30,355 - INFO - Row 158 - Already matched, skipping
2025-12-23 13:37:30,394 - INFO - Row 159 - Ext. Ref. Nbr.: L0105049
2025-12-23 13:37:30,420 - INFO - Row 159 - Already matched, skipping
2025-12-23 13:37:30,456 - INFO - Row 160 - Ext. Ref. Nbr.: 0
2025-12-23 13:37:30,477 - INFO - Row 160 - Already matched, skipping
2025-12-23 13:37:30,521 - INFO - Row 161 - Ext. Ref. Nbr.: H0124482
2025-12-23 13:37:30,538 - INFO - Row 161 - Already matched, skipping
2025-12-23 13:37:30,573 - INFO - Row 162 - Ext. Ref. Nbr.: 0
2025-12-23 13:37:30,588 - INFO - Row 162 - Already matched, skipping
2025-12-23 13:37:30,631 - INFO - Row 163 - Ext. Ref. Nbr.: 0009767H
2025-12-23 13:37:30,649 - INFO - Row 163 - Already matched, skipping
2025-12-23 13:37:30,689 - INFO - Row 164 - Ext. Ref. Nbr.: 0
2025-12-23 13:37:30,707 - INFO - Row 164 - Already matched, skipping
2025-12-23 13:37:30,745 - INFO - Row 165 - Ext. Ref. Nbr.: L0105050
2025-12-23 13:37:30,764 - INFO - Row 165 - Already matched, skipping
2025-12-23 13:37:30,806 - INFO - Row 166 - Ext. Ref. Nbr.: 0
2025-12-23 13:37:30,825 - INFO - Row 166 - Already matched, skipping
2025-12-23 13:37:30,859 - INFO - Row 167 - Ext. Ref. Nbr.: H0124484
2025-12-23 13:37:30,877 - INFO - Row 167 - Already matched, skipping
2025-12-23 13:37:30,912 - INFO - Row 168 - Ext. Ref. Nbr.: 0
2025-12-23 13:37:30,928 - INFO - Row 168 - Already matched, skipping
2025-12-23 13:37:30,965 - INFO - Row 169 - Ext. Ref. Nbr.: L0105051
2025-12-23 13:37:30,989 - INFO - Row 169 - Already matched, skipping
2025-12-23 13:37:31,027 - INFO - Row 170 - Ext. Ref. Nbr.: L0105052
2025-12-23 13:37:31,043 - INFO - Row 170 - Already matched, skipping
2025-12-23 13:37:31,076 - INFO - Row 171 - Ext. Ref. Nbr.: 0
2025-12-23 13:37:31,095 - INFO - Row 171 - Already matched, skipping
2025-12-23 13:37:31,140 - INFO - Row 172 - Ext. Ref. Nbr.: 0
2025-12-23 13:37:31,160 - INFO - Row 172 - Already matched, skipping
2025-12-23 13:37:31,210 - INFO - Row 173 - Ext. Ref. Nbr.: H0124490
2025-12-23 13:37:31,230 - INFO - Row 173 - Already matched, skipping
2025-12-23 13:37:31,260 - INFO - Row 174 - Ext. Ref. Nbr.: 0
2025-12-23 13:37:31,277 - INFO - Row 174 - Already matched, skipping
2025-12-23 13:37:31,311 - INFO - Row 175 - Ext. Ref. Nbr.: L0105053
2025-12-23 13:37:31,324 - INFO - Row 175 - Already matched, skipping
2025-12-23 13:37:31,359 - INFO - Row 176 - Ext. Ref. Nbr.: 0
2025-12-23 13:37:31,374 - INFO - Row 176 - Already matched, skipping
2025-12-23 13:37:31,409 - INFO - Row 177 - Ext. Ref. Nbr.: H0124492
2025-12-23 13:37:31,425 - INFO - Row 177 - Already matched, skipping
2025-12-23 13:37:31,467 - INFO - Row 178 - Ext. Ref. Nbr.: 0
2025-12-23 13:37:31,481 - INFO - Row 178 - Already matched, skipping
2025-12-23 13:37:31,522 - INFO - Row 179 - Ext. Ref. Nbr.: H0124493
2025-12-23 13:37:31,541 - INFO - Row 179 - Already matched, skipping
2025-12-23 13:37:31,570 - INFO - Row 180 - Ext. Ref. Nbr.: 0
2025-12-23 13:37:31,589 - INFO - Row 180 - Already matched, skipping
2025-12-23 13:37:31,622 - INFO - Row 181 - Ext. Ref. Nbr.: L0105055
2025-12-23 13:37:31,636 - INFO - Row 181 - Already matched, skipping
2025-12-23 13:37:31,689 - INFO - Row 182 - Ext. Ref. Nbr.: 0
2025-12-23 13:37:31,722 - INFO - Row 182 - Already matched, skipping
2025-12-23 13:37:31,755 - INFO - Row 183 - Ext. Ref. Nbr.: H0124495
2025-12-23 13:37:31,769 - INFO - Row 183 - Already matched, skipping
2025-12-23 13:37:31,811 - INFO - Row 184 - Ext. Ref. Nbr.: 0
2025-12-23 13:37:31,833 - INFO - Row 184 - Already matched, skipping
2025-12-23 13:37:31,866 - INFO - Row 185 - Ext. Ref. Nbr.: H0124497
2025-12-23 13:37:31,892 - INFO - Row 185 - Already matched, skipping
2025-12-23 13:37:31,925 - INFO - Row 186 - Ext. Ref. Nbr.: 0
2025-12-23 13:37:31,944 - INFO - Row 186 - Already matched, skipping
2025-12-23 13:37:31,970 - INFO - Row 187 - Ext. Ref. Nbr.: H0124502
2025-12-23 13:37:31,991 - INFO - Row 187 - Already matched, skipping
2025-12-23 13:37:32,021 - INFO - Row 188 - Ext. Ref. Nbr.: 0
2025-12-23 13:37:32,046 - INFO - Row 188 - Already matched, skipping
2025-12-23 13:37:32,102 - INFO - Row 189 - Ext. Ref. Nbr.: H0124504
2025-12-23 13:37:32,118 - INFO - Row 189 - Already matched, skipping
2025-12-23 13:37:32,163 - INFO - Row 190 - Ext. Ref. Nbr.: 0
2025-12-23 13:37:32,179 - INFO - Row 190 - Already matched, skipping
2025-12-23 13:37:32,203 - INFO - Row 191 - Ext. Ref. Nbr.: H0124509
2025-12-23 13:37:32,222 - INFO - Row 191 - Already matched, skipping
2025-12-23 13:37:32,250 - INFO - Row 192 - Ext. Ref. Nbr.: 0
2025-12-23 13:37:32,268 - INFO - Row 192 - Already matched, skipping
2025-12-23 13:37:32,300 - INFO - Row 193 - Ext. Ref. Nbr.: L0105057
2025-12-23 13:37:32,320 - INFO - Row 193 - Already matched, skipping
2025-12-23 13:37:32,359 - INFO - Row 194 - Ext. Ref. Nbr.: 0
2025-12-23 13:37:32,372 - INFO - Row 194 - Already matched, skipping
2025-12-23 13:37:32,422 - INFO - Row 195 - Ext. Ref. Nbr.: H0124511
2025-12-23 13:37:32,448 - INFO - Row 195 - Already matched, skipping
2025-12-23 13:37:32,477 - INFO - Row 196 - Ext. Ref. Nbr.: H0124512
2025-12-23 13:37:32,496 - INFO - Row 196 - Already matched, skipping
2025-12-23 13:37:32,538 - INFO - Row 197 - Ext. Ref. Nbr.: 0
2025-12-23 13:37:32,559 - INFO - Row 197 - Already matched, skipping
2025-12-23 13:37:32,593 - INFO - Row 198 - Ext. Ref. Nbr.: 0
2025-12-23 13:37:32,612 - INFO - Row 198 - Already matched, skipping
2025-12-23 13:37:32,649 - INFO - Row 199 - Ext. Ref. Nbr.: 0
2025-12-23 13:37:32,671 - INFO - Row 199 - Already matched, skipping
2025-12-23 13:37:32,752 - ERROR - Error during pagination on page 1: Locator.is_visible: Error: strict mode violation: locator("li:nth-child(4) > .toolsBtn > .toolBtnNormal .main-icon-img.main-PageNext") resolved to 2 elements:
    1) <div class="main-icon-img main-PageNext">↵↵⇆⇆⇆⇆⇆⇆⇆⇆⇆⇆⇆</div> aka locator(".main-icon-img.main-PageNext").first
    2) <div class="main-icon-img main-PageNext">↵↵⇆⇆⇆⇆⇆⇆⇆⇆⇆⇆⇆⇆⇆⇆</div> aka locator("#ctl00_phG_PXSplitContainer_tab2_t0_PXGrid1_ab_tlb_ul > li:nth-child(4) > .toolsBtn > .toolBtnNormal > .sprite-icon > .main-icon-img")

Call log:
    - checking visibility of locator("li:nth-child(4) > .toolsBtn > .toolBtnNormal .main-icon-img.main-PageNext")

2025-12-23 13:37:32,753 - INFO - Pagination complete - processed 200 total rows across 1 pages
2025-12-23 13:37:32,753 - INFO - Manual matching complete - 200 rows processed
2025-12-23 13:37:32,753 - INFO - Processing manually matched items...
2025-12-23 13:37:32,937 - INFO - Clicked Process button (after manual matching) successfully
2025-12-23 13:37:38,080 - INFO - Clicked Back to list button successfully
2025-12-23 13:37:41,096 - INFO - Downloading results...
2025-12-23 13:37:41,215 - INFO - Clicked account link 'MBB02' successfully
2025-12-23 13:37:46,554 - INFO - Clicked Export dropdown successfully
2025-12-23 13:37:46,742 - INFO - Clicked Export to Excel button successfully
2025-12-23 13:38:16,560 - ERROR - FATAL ERROR: Timeout 30000ms exceeded while waiting for event "download"
=========================== logs ===========================
waiting for event "download"
============================================================
2025-12-23 13:38:16,900 - INFO - Browser cleanup completed
2025-12-23 13:38:16,913 - ERROR - ❌ CA Match failed: Timeout 30000ms exceeded while waiting for event "download"
=========================== logs ===========================
waiting for event "download"
============================================================
Traceback (most recent call last):
  File "d:\Github\PlayWright-Extractor\playwright_scripts\run_playwright.py", line 142, in run_ca_match
    records = process_bank_transactions(
        playwright=playwright,
    ...<9 lines>...
        headless=self.headless
    )
  File "d:\Github\PlayWright-Extractor\playwright_scripts\CA_Match_Process_Optimized.py", line 643, in process_bank_transactions
    return processor.run()
           ~~~~~~~~~~~~~^^
  File "d:\Github\PlayWright-Extractor\playwright_scripts\CA_Match_Process_Optimized.py", line 540, in run
    save_path = self.download_results()
  File "d:\Github\PlayWright-Extractor\playwright_scripts\CA_Match_Process_Optimized.py", line 457, in download_results
    with self.page.expect_download() as download_info:
         ~~~~~~~~~~~~~~~~~~~~~~~~~^^
  File "D:\Github\PlayWright-Extractor\venv\Lib\site-packages\playwright\_impl\_sync_base.py", line 85, in __exit__
    self._event.value
  File "D:\Github\PlayWright-Extractor\venv\Lib\site-packages\playwright\_impl\_sync_base.py", line 59, in value
    raise exception
playwright._impl._errors.TimeoutError: Timeout 30000ms exceeded while waiting for event "download"
=========================== logs ===========================
waiting for event "download"
============================================================
2025-12-23 13:38:16,914 - ERROR - 
======================================================================
2025-12-23 13:38:16,915 - ERROR - ❌ AUTOMATION WORKFLOW FAILED
2025-12-23 13:38:16,915 - ERROR - ======================================================================
2025-12-23 13:38:16,915 - ERROR - Error: Timeout 30000ms exceeded while waiting for event "download"
=========================== logs ===========================
waiting for event "download"
============================================================
2025-12-23 13:38:16,915 - ERROR - ======================================================================
